slug;name;region;city;description_short;lat;lng;status;eparchy;description;image_url;wikipedia_url;source;ktitor;godina_izgradnje;napomena_podaci;coord_source;coord_url;coord_status

bavaniste;Manastir Bavanište;Vojvodina;Kovin;Manastir Bavanište je pravoslavna svetinja u okviru Eparhije Banatska.;44.8271243;20.8940113;odobren;Eparhija banatska;"'OPŠTI PODACI: Manastir Bavanište nalazi se u okviru Eparhije banatske i pripada korpusu značajnih pravoslavnih svetinja na prostoru Srbije. U evidenciji ovog projekta vezuje se za mesto ili šire područje Vojvodina. Manastir Bavanište je pravoslavna svetinja u okviru Eparhije Banatska. Manastirski kompleks se po pravilu sastoji od crkve, porte i pratećih objekata namenjenih bogosluženju i svakodnevnom monaškom životu.ISTORIJA: Tačna godina osnivanja, kao i ime prvobitnog ktitora, za ovaj zapis zahtevaju dodatnu proveru u pouzdanim crkvenim i istoriografskim izvorima. Ipak, za manastire ovog tipa uobičajeno je da su kroz vekove prolazili kroz periode gradnje, obnavljanja, a ponegde i razaranja usled ratova, seoba i političkih previranja. Zato je važno da se u daljoj obradi za Manastir Bavanište dopune podaci o vremenu nastanka, eventualnim obnovama i ličnostima koje su učestvovale u njegovom podizanju ili obnovi. U aplikaciji ova sekcija može služiti kao mesto za unošenje konkretnih godina izgradnje, obnavljanja i restauracije čim budu potvrđene.ARHITEKTURA: Arhitektonska vrednost manastira ogleda se u spoju crkvene gradnje, uređenja enterijera i prilagođenosti prostora bogoslužbenoj funkciji. Poseban značaj obično imaju oltarski prostor, ikonostas, eventualni živopis, kao i sklad između hrama i prirodnog okruženja. Ako su sačuvani podaci o starijim fazama gradnje, ovde se kasnije mogu navesti stilske odlike, tip osnove hrama i najvažnije umetničke karakteristike.DUHOVNI ŽIVOT: Manastir Bavanište ima značaj kao mesto molitve, liturgijskog sabranja i očuvanja pravoslavne tradicije. Na velike praznike i manastirsku slavu ovakve svetinje okupljaju vernike, hodočasnike i posetioce koji dolaze radi molitve, mira i upoznavanja sa duhovnim nasleđem. Monaški ili parohijski život, u zavisnosti od statusa svetinje, doprinosi kontinuitetu bogosluženja i prenošenju predanja na mlađe naraštaje.ZNAČAJ: Manastir Bavanište je važan deo crkvene, kulturne i istorijske mape Srbije. Njegov značaj nije samo verski, već i identitetski, jer svedoči o trajanju narodne pobožnosti, umetnosti i lokalnog pamćenja. Za potpuniji prikaz preporučuje se da se ovom zapisu naknadno dodaju provereni podaci o ktitoru, tačnoj godini nastanka, obnovama, poznatim svetinjama, freskama i drugim posebnostima vezanim baš za ovaj manastir.'";;https://manastiri.rs/eparhije/banatska/manastir-bavaniste/;manastiri.rs;Nepoznat;1594;Podaci dopunjeni;manastiri.rs->google-maps;https://www.google.com/maps/place/Bavani%C5%A1te+Monastery/@44.8271243,20.8940113,771m/data=!3m2!1e3!4b1!4m6!3m5!1s0x47508638582117f3:0x1245576b8961d778!8m2!3d44.8271243!4d20.8940113!16zL20vMGZ4eHhs?sa=X&ved=1t:2428&ictx=111&entry=tts&g_ep=EgoyMDI1MDIwOS4wIPu8ASoASAFQAw%3D%3D;ok;ok
gaj;Manastir Gaj;Vojvodina;Kovin;Manastir Gaj je pravoslavna svetinja u okviru Eparhije Banatska.;44.7702607;21.0889496;odobren;Eparhija banatska;"'OPŠTI PODACI: Manastir Gaj nalazi se u okviru Eparhije banatske i pripada korpusu značajnih pravoslavnih svetinja na prostoru Srbije. U evidenciji ovog projekta vezuje se za mesto ili šire područje Vojvodina. Manastir Gaj je pravoslavna svetinja u okviru Eparhije Banatska. Manastirski kompleks se po pravilu sastoji od crkve, porte i pratećih objekata namenjenih bogosluženju i svakodnevnom monaškom životu.ISTORIJA: Tačna godina osnivanja, kao i ime prvobitnog ktitora, za ovaj zapis zahtevaju dodatnu proveru u pouzdanim crkvenim i istoriografskim izvorima. Ipak, za manastire ovog tipa uobičajeno je da su kroz vekove prolazili kroz periode gradnje, obnavljanja, a ponegde i razaranja usled ratova, seoba i političkih previranja. Zato je važno da se u daljoj obradi za Manastir Gaj dopune podaci o vremenu nastanka, eventualnim obnovama i ličnostima koje su učestvovale u njegovom podizanju ili obnovi. U aplikaciji ova sekcija može služiti kao mesto za unošenje konkretnih godina izgradnje, obnavljanja i restauracije čim budu potvrđene.ARHITEKTURA: Arhitektonska vrednost manastira ogleda se u spoju crkvene gradnje, uređenja enterijera i prilagođenosti prostora bogoslužbenoj funkciji. Poseban značaj obično imaju oltarski prostor, ikonostas, eventualni živopis, kao i sklad između hrama i prirodnog okruženja. Ako su sačuvani podaci o starijim fazama gradnje, ovde se kasnije mogu navesti stilske odlike, tip osnove hrama i najvažnije umetničke karakteristike.DUHOVNI ŽIVOT: Manastir Gaj ima značaj kao mesto molitve, liturgijskog sabranja i očuvanja pravoslavne tradicije. Na velike praznike i manastirsku slavu ovakve svetinje okupljaju vernike, hodočasnike i posetioce koji dolaze radi molitve, mira i upoznavanja sa duhovnim nasleđem. Monaški ili parohijski život, u zavisnosti od statusa svetinje, doprinosi kontinuitetu bogosluženja i prenošenju predanja na mlađe naraštaje.ZNAČAJ: Manastir Gaj je važan deo crkvene, kulturne i istorijske mape Srbije. Njegov značaj nije samo verski, već i identitetski, jer svedoči o trajanju narodne pobožnosti, umetnosti i lokalnog pamćenja. Za potpuniji prikaz preporučuje se da se ovom zapisu naknadno dodaju provereni podaci o ktitoru, tačnoj godini nastanka, obnovama, poznatim svetinjama, freskama i drugim posebnostima vezanim baš za ovaj manastir.'";;https://manastiri.rs/eparhije/banatska/manastir-gaj/;manastiri.rs;Nepoznat;1735;Podaci dopunjeni;manastiri.rs->google-maps;https://www.google.com/maps/place/Skit+svetih+40+mu%C4%8Denika+Sevastijskih/@44.7702607,21.0889496,772m/data=!3m2!1e3!4b1!4m6!3m5!1s0x47508b5065558c11:0xf9a636170714aef0!8m2!3d44.7702569!4d21.0915245!16s%2Fg%2F11b6mms499?entry=tts&g_ep=EgoyMDI1MDIwOS4wIPu8ASoASAFQAw%3D%3D;ok;ok
hajducica;Manastir Hajdučica;Vojvodina;Plandište;Manastir Hajdučica je pravoslavna svetinja u okviru Eparhije Banatska.;45.2538548;20.9661305;odobren;Eparhija banatska;"OPŠTI PODACI: Manastir Hajdučica nalazi se u okviru Eparhije banatske i pripada korpusu značajnih pravoslavnih svetinja na prostoru Srbije. U evidenciji ovog projekta vezuje se za mesto ili šire područje Vojvodina. Manastir Hajdučica je pravoslavna svetinja u okviru Eparhije Banatska. Manastirski kompleks se po pravilu sastoji od crkve, porte i pratećih objekata namenjenih bogosluženju i svakodnevnom monaškom životu.ISTORIJA: Tačna godina osnivanja, kao i ime prvobitnog ktitora, za ovaj zapis zahtevaju dodatnu proveru u pouzdanim crkvenim i istoriografskim izvorima. Ipak, za manastire ovog tipa uobičajeno je da su kroz vekove prolazili kroz periode gradnje, obnavljanja, a ponegde i razaranja usled ratova, seoba i političkih previranja. Zato je važno da se u daljoj obradi za Manastir Hajdučica dopune podaci o vremenu nastanka, eventualnim obnovama i ličnostima koje su učestvovale u njegovom podizanju ili obnovi. U aplikaciji ova sekcija može služiti kao mesto za unošenje konkretnih godina izgradnje, obnavljanja i restauracije čim budu potvrđene.ARHITEKTURA: Arhitektonska vrednost manastira ogleda se u spoju crkvene gradnje, uređenja enterijera i prilagođenosti prostora bogoslužbenoj funkciji. Poseban značaj obično imaju oltarski prostor, ikonostas, eventualni živopis, kao i sklad između hrama i prirodnog okruženja. Ako su sačuvani podaci o starijim fazama gradnje, ovde se kasnije mogu navesti stilske odlike, tip osnove hrama i najvažnije umetničke karakteristike.DUHOVNI ŽIVOT: Manastir Hajdučica ima značaj kao mesto molitve, liturgijskog sabranja i očuvanja pravoslavne tradicije. Na velike praznike i manastirsku slavu ovakve svetinje okupljaju vernike, hodočasnike i posetioce koji dolaze radi molitve, mira i upoznavanja sa duhovnim nasleđem. Monaški ili parohijski život, u zavisnosti od statusa svetinje, doprinosi kontinuitetu bogosluženja i prenošenju predanja na mlađe naraštaje.ZNAČAJ: Manastir Hajdučica je važan deo crkvene, kulturne i istorijske mape Srbije. Njegov značaj nije samo verski, već i identitetski, jer svedoči o trajanju narodne pobožnosti, umetnosti i lokalnog pamćenja. Za potpuniji prikaz preporučuje se da se ovom zapisu naknadno dodaju provereni podaci o ktitoru, tačnoj godini nastanka, obnovama, poznatim svetinjama, freskama i drugim posebnostima vezanim baš za ovaj manastir.";;https://manastiri.rs/eparhije/banatska/manastir-hajducica/;manastiri.rs;Olga S. Jovanović;1939;Podaci dopunjeni;osm-overpass-exact;sr:Манастир Хајдучица;ok

mesic;Manastir Mesić;Vojvodina;Vršac;Manastir Mesić je pravoslavna svetinja u okviru Eparhije Banatska.;45.1040796;21.3920327;odobren;Eparhija banatska;"OPŠTI PODACI: Manastir Mesić nalazi se u okviru Eparhije banatske i pripada korpusu značajnih pravoslavnih svetinja na prostoru Srbije. U evidenciji ovog projekta vezuje se za mesto ili šire područje Vojvodina. Manastir Mesić je pravoslavna svetinja u okviru Eparhije Banatska. Manastirski kompleks se po pravilu sastoji od crkve, porte i pratećih objekata namenjenih bogosluženju i svakodnevnom monaškom životu.ISTORIJA: Tačna godina osnivanja, kao i ime prvobitnog ktitora, za ovaj zapis zahtevaju dodatnu proveru u pouzdanim crkvenim i istoriografskim izvorima. Ipak, za manastire ovog tipa uobičajeno je da su kroz vekove prolazili kroz periode gradnje, obnavljanja, a ponegde i razaranja usled ratova, seoba i političkih previranja. Zato je važno da se u daljoj obradi za Manastir Mesić dopune podaci o vremenu nastanka, eventualnim obnovama i ličnostima koje su učestvovale u njegovom podizanju ili obnovi. U aplikaciji ova sekcija može služiti kao mesto za unošenje konkretnih godina izgradnje, obnavljanja i restauracije čim budu potvrđene.ARHITEKTURA: Arhitektonska vrednost manastira ogleda se u spoju crkvene gradnje, uređenja enterijera i prilagođenosti prostora bogoslužbenoj funkciji. Poseban značaj obično imaju oltarski prostor, ikonostas, eventualni živopis, kao i sklad između hrama i prirodnog okruženja. Ako su sačuvani podaci o starijim fazama gradnje, ovde se kasnije mogu navesti stilske odlike, tip osnove hrama i najvažnije umetničke karakteristike.DUHOVNI ŽIVOT: Manastir Mesić ima značaj kao mesto molitve, liturgijskog sabranja i očuvanja pravoslavne tradicije. Na velike praznike i manastirsku slavu ovakve svetinje okupljaju vernike, hodočasnike i posetioce koji dolaze radi molitve, mira i upoznavanja sa duhovnim nasleđem. Monaški ili parohijski život, u zavisnosti od statusa svetinje, doprinosi kontinuitetu bogosluženja i prenošenju predanja na mlađe naraštaje.ZNAČAJ: Manastir Mesić je važan deo crkvene, kulturne i istorijske mape Srbije. Njegov značaj nije samo verski, već i identitetski, jer svedoči o trajanju narodne pobožnosti, umetnosti i lokalnog pamćenja. Za potpuniji prikaz preporučuje se da se ovom zapisu naknadno dodaju provereni podaci o ktitoru, tačnoj godini nastanka, obnovama, poznatim svetinjama, freskama i drugim posebnostima vezanim baš za ovaj manastir.";;https://manastiri.rs/eparhije/banatska/manastir-mesic/;manastiri.rs;Jovan Branković;1225;Podaci dopunjeni;osm-overpass-exact;sr:Манастир Месић;ok

srediste;Manastir Središte;Vojvodina;Vršac;Manastir Središte je pravoslavna svetinja u okviru Eparhije Banatska.;45.1441135;21.3977019;odobren;Eparhija banatska;"OPŠTI PODACI: Manastir Središte nalazi se u okviru Eparhije banatske i pripada korpusu značajnih pravoslavnih svetinja na prostoru Srbije. U evidenciji ovog projekta vezuje se za mesto ili šire područje Vojvodina. Manastir Središte je pravoslavna svetinja u okviru Eparhije Banatska. Manastirski kompleks se po pravilu sastoji od crkve, porte i pratećih objekata namenjenih bogosluženju i svakodnevnom monaškom životu.ISTORIJA: Tačna godina osnivanja, kao i ime prvobitnog ktitora, za ovaj zapis zahtevaju dodatnu proveru u pouzdanim crkvenim i istoriografskim izvorima. Ipak, za manastire ovog tipa uobičajeno je da su kroz vekove prolazili kroz periode gradnje, obnavljanja, a ponegde i razaranja usled ratova, seoba i političkih previranja. Zato je važno da se u daljoj obradi za Manastir Središte dopune podaci o vremenu nastanka, eventualnim obnovama i ličnostima koje su učestvovale u njegovom podizanju ili obnovi. U aplikaciji ova sekcija može služiti kao mesto za unošenje konkretnih godina izgradnje, obnavljanja i restauracije čim budu potvrđene.ARHITEKTURA: Arhitektonska vrednost manastira ogleda se u spoju crkvene gradnje, uređenja enterijera i prilagođenosti prostora bogoslužbenoj funkciji. Poseban značaj obično imaju oltarski prostor, ikonostas, eventualni živopis, kao i sklad između hrama i prirodnog okruženja. Ako su sačuvani podaci o starijim fazama gradnje, ovde se kasnije mogu navesti stilske odlike, tip osnove hrama i najvažnije umetničke karakteristike.DUHOVNI ŽIVOT: Manastir Središte ima značaj kao mesto molitve, liturgijskog sabranja i očuvanja pravoslavne tradicije. Na velike praznike i manastirsku slavu ovakve svetinje okupljaju vernike, hodočasnike i posetioce koji dolaze radi molitve, mira i upoznavanja sa duhovnim nasleđem. Monaški ili parohijski život, u zavisnosti od statusa svetinje, doprinosi kontinuitetu bogosluženja i prenošenju predanja na mlađe naraštaje.ZNAČAJ: Manastir Središte je važan deo crkvene, kulturne i istorijske mape Srbije. Njegov značaj nije samo verski, već i identitetski, jer svedoči o trajanju narodne pobožnosti, umetnosti i lokalnog pamćenja. Za potpuniji prikaz preporučuje se da se ovom zapisu naknadno dodaju provereni podaci o ktitoru, tačnoj godini nastanka, obnovama, poznatim svetinjama, freskama i drugim posebnostima vezanim baš za ovaj manastir.";;https://manastiri.rs/eparhije/banatska/manastir-srediste/;manastiri.rs;Jovan Branković;1500;Podaci dopunjeni;osm-overpass-exact;sr:Манастир Средиште;ok

sveta-trojica-kikinda;Manastir Sveta Trojica Kikinda;Vojvodina;Kikinda;Manastir Sveta Trojica Kikinda je pravoslavna svetinja u okviru Eparhije Banatska.;45.8188033;20.4674669;odobren;Eparhija banatska;"OPŠTI PODACI: Manastir Sveta Trojica Kikinda nalazi se u okviru Eparhije banatske i pripada korpusu značajnih pravoslavnih svetinja na prostoru Srbije. U evidenciji ovog projekta vezuje se za mesto ili šire područje Vojvodina. Manastir Sveta Trojica Kikinda je pravoslavna svetinja u okviru Eparhije Banatska. Manastirski kompleks se po pravilu sastoji od crkve, porte i pratećih objekata namenjenih bogosluženju i svakodnevnom monaškom životu.ISTORIJA: Tačna godina osnivanja, kao i ime prvobitnog ktitora, za ovaj zapis zahtevaju dodatnu proveru u pouzdanim crkvenim i istoriografskim izvorima. Ipak, za manastire ovog tipa uobičajeno je da su kroz vekove prolazili kroz periode gradnje, obnavljanja, a ponegde i razaranja usled ratova, seoba i političkih previranja. Zato je važno da se u daljoj obradi za Manastir Sveta Trojica Kikinda dopune podaci o vremenu nastanka, eventualnim obnovama i ličnostima koje su učestvovale u njegovom podizanju ili obnovi. U aplikaciji ova sekcija može služiti kao mesto za unošenje konkretnih godina izgradnje, obnavljanja i restauracije čim budu potvrđene.ARHITEKTURA: Arhitektonska vrednost manastira ogleda se u spoju crkvene gradnje, uređenja enterijera i prilagođenosti prostora bogoslužbenoj funkciji. Poseban značaj obično imaju oltarski prostor, ikonostas, eventualni živopis, kao i sklad između hrama i prirodnog okruženja. Ako su sačuvani podaci o starijim fazama gradnje, ovde se kasnije mogu navesti stilske odlike, tip osnove hrama i najvažnije umetničke karakteristike.DUHOVNI ŽIVOT: Manastir Sveta Trojica Kikinda ima značaj kao mesto molitve, liturgijskog sabranja i očuvanja pravoslavne tradicije. Na velike praznike i manastirsku slavu ovakve svetinje okupljaju vernike, hodočasnike i posetioce koji dolaze radi molitve, mira i upoznavanja sa duhovnim nasleđem. Monaški ili parohijski život, u zavisnosti od statusa svetinje, doprinosi kontinuitetu bogosluženja i prenošenju predanja na mlađe naraštaje.ZNAČAJ: Manastir Sveta Trojica Kikinda je važan deo crkvene, kulturne i istorijske mape Srbije. Njegov značaj nije samo verski, već i identitetski, jer svedoči o trajanju narodne pobožnosti, umetnosti i lokalnog pamćenja. Za potpuniji prikaz preporučuje se da se ovom zapisu naknadno dodaju provereni podaci o ktitoru, tačnoj godini nastanka, obnovama, poznatim svetinjama, freskama i drugim posebnostima vezanim baš za ovaj manastir.";;https://manastiri.rs/eparhije/banatska/manastir-sveta-trojica-kikinda/;manastiri.rs;Melanija Nikolić;1885;Podaci dopunjeni;osm-overpass-exact;sr:Манастир Света Тројица;ok

svete-melanije;Manastir Svete Melanije;Vojvodina;Zrenjanin;Manastir Svete Melanije je pravoslavna svetinja u okviru Eparhije Banatska.;45.393949;20.4130131;odobren;Eparhija banatska;"'OPŠTI PODACI: Manastir Svete Melanije nalazi se u okviru Eparhije banatske i pripada korpusu značajnih pravoslavnih svetinja na prostoru Srbije. U evidenciji ovog projekta vezuje se za mesto ili šire područje Vojvodina. Manastir Svete Melanije je pravoslavna svetinja u okviru Eparhije Banatska. Manastirski kompleks se po pravilu sastoji od crkve, porte i pratećih objekata namenjenih bogosluženju i svakodnevnom monaškom životu.ISTORIJA: Tačna godina osnivanja, kao i ime prvobitnog ktitora, za ovaj zapis zahtevaju dodatnu proveru u pouzdanim crkvenim i istoriografskim izvorima. Ipak, za manastire ovog tipa uobičajeno je da su kroz vekove prolazili kroz periode gradnje, obnavljanja, a ponegde i razaranja usled ratova, seoba i političkih previranja. Zato je važno da se u daljoj obradi za Manastir Svete Melanije dopune podaci o vremenu nastanka, eventualnim obnovama i ličnostima koje su učestvovale u njegovom podizanju ili obnovi. U aplikaciji ova sekcija može služiti kao mesto za unošenje konkretnih godina izgradnje, obnavljanja i restauracije čim budu potvrđene.ARHITEKTURA: Arhitektonska vrednost manastira ogleda se u spoju crkvene gradnje, uređenja enterijera i prilagođenosti prostora bogoslužbenoj funkciji. Poseban značaj obično imaju oltarski prostor, ikonostas, eventualni živopis, kao i sklad između hrama i prirodnog okruženja. Ako su sačuvani podaci o starijim fazama gradnje, ovde se kasnije mogu navesti stilske odlike, tip osnove hrama i najvažnije umetničke karakteristike.DUHOVNI ŽIVOT: Manastir Svete Melanije ima značaj kao mesto molitve, liturgijskog sabranja i očuvanja pravoslavne tradicije. Na velike praznike i manastirsku slavu ovakve svetinje okupljaju vernike, hodočasnike i posetioce koji dolaze radi molitve, mira i upoznavanja sa duhovnim nasleđem. Monaški ili parohijski život, u zavisnosti od statusa svetinje, doprinosi kontinuitetu bogosluženja i prenošenju predanja na mlađe naraštaje.ZNAČAJ: Manastir Svete Melanije je važan deo crkvene, kulturne i istorijske mape Srbije. Njegov značaj nije samo verski, već i identitetski, jer svedoči o trajanju narodne pobožnosti, umetnosti i lokalnog pamćenja. Za potpuniji prikaz preporučuje se da se ovom zapisu naknadno dodaju provereni podaci o ktitoru, tačnoj godini nastanka, obnovama, poznatim svetinjama, freskama i drugim posebnostima vezanim baš za ovaj manastir.'";;https://manastiri.rs/eparhije/banatska/manastir-svete-melanije/;manastiri.rs;Georgije Letić;1935;Podaci dopunjeni;manastiri.rs->google-maps;https://www.google.com/maps/place/Monastery+of+St.+Melania+the+Roman/@45.393949,20.4130131,763m/data=!3m2!1e3!4b1!4m6!3m5!1s0x475adb289af9e7cb:0x9235c2b310e9182e!8m2!3d45.3939453!4d20.415588!16zL20vMGZ4eHN0?entry=tts&g_ep=EgoyMDI1MDIwOS4wIPu8ASoASAFQAw%3D%3D;ok;ok
vlajkovac;Manastir Vlajkovac;Vojvodina;Vršac;Manastir Vlajkovac je pravoslavna svetinja u okviru Eparhije Banatska.;45.0713233;21.1996722;odobren;Eparhija banatska;"'OPŠTI PODACI: Manastir Vlajkovac nalazi se u okviru Eparhije banatske i pripada korpusu značajnih pravoslavnih svetinja na prostoru Srbije. U evidenciji ovog projekta vezuje se za mesto ili šire područje Vojvodina. Manastir Vlajkovac je pravoslavna svetinja u okviru Eparhije Banatska. Manastirski kompleks se po pravilu sastoji od crkve, porte i pratećih objekata namenjenih bogosluženju i svakodnevnom monaškom životu.ISTORIJA: Tačna godina osnivanja, kao i ime prvobitnog ktitora, za ovaj zapis zahtevaju dodatnu proveru u pouzdanim crkvenim i istoriografskim izvorima. Ipak, za manastire ovog tipa uobičajeno je da su kroz vekove prolazili kroz periode gradnje, obnavljanja, a ponegde i razaranja usled ratova, seoba i političkih previranja. Zato je važno da se u daljoj obradi za Manastir Vlajkovac dopune podaci o vremenu nastanka, eventualnim obnovama i ličnostima koje su učestvovale u njegovom podizanju ili obnovi. U aplikaciji ova sekcija može služiti kao mesto za unošenje konkretnih godina izgradnje, obnavljanja i restauracije čim budu potvrđene.ARHITEKTURA: Arhitektonska vrednost manastira ogleda se u spoju crkvene gradnje, uređenja enterijera i prilagođenosti prostora bogoslužbenoj funkciji. Poseban značaj obično imaju oltarski prostor, ikonostas, eventualni živopis, kao i sklad između hrama i prirodnog okruženja. Ako su sačuvani podaci o starijim fazama gradnje, ovde se kasnije mogu navesti stilske odlike, tip osnove hrama i najvažnije umetničke karakteristike.DUHOVNI ŽIVOT: Manastir Vlajkovac ima značaj kao mesto molitve, liturgijskog sabranja i očuvanja pravoslavne tradicije. Na velike praznike i manastirsku slavu ovakve svetinje okupljaju vernike, hodočasnike i posetioce koji dolaze radi molitve, mira i upoznavanja sa duhovnim nasleđem. Monaški ili parohijski život, u zavisnosti od statusa svetinje, doprinosi kontinuitetu bogosluženja i prenošenju predanja na mlađe naraštaje.ZNAČAJ: Manastir Vlajkovac je važan deo crkvene, kulturne i istorijske mape Srbije. Njegov značaj nije samo verski, već i identitetski, jer svedoči o trajanju narodne pobožnosti, umetnosti i lokalnog pamćenja. Za potpuniji prikaz preporučuje se da se ovom zapisu naknadno dodaju provereni podaci o ktitoru, tačnoj godini nastanka, obnovama, poznatim svetinjama, freskama i drugim posebnostima vezanim baš za ovaj manastir.'";;https://manastiri.rs/eparhije/banatska/manastir-vlajkovac/;manastiri.rs;Nepoznat;1872;Podaci dopunjeni;manastiri.rs->google-maps;https://www.google.com/maps/place/Biserica+Ortodox%C4%83+Rom%C3%A2n%C4%83+Sv.+Gheorghe/@45.0713233,21.1996722,48m/data=!3m1!1e3!4m6!3m5!1s0x47506d9d179232e1:0xdbdf37fb4ed35fc1!8m2!3d45.0712937!4d21.1998639!16s%2Fg%2F11gl5rtz61?entry=tts&g_ep=EgoyMDI1MDIwOS4wIPu8ASoASAFQAw%3D%3D;ok;ok
vojlovica;Manastir Vojlovica;Vojvodina;Pančevo;Manastir Vojlovica je pravoslavna svetinja u okviru Eparhije Banatska.;44.8279552;20.6843394;odobren;Eparhija banatska;"OPŠTI PODACI: Manastir Vojlovica nalazi se u okviru Eparhije banatske i pripada korpusu značajnih pravoslavnih svetinja na prostoru Srbije. U evidenciji ovog projekta vezuje se za mesto ili šire područje Vojvodina. Manastir Vojlovica je pravoslavna svetinja u okviru Eparhije Banatska. Manastirski kompleks se po pravilu sastoji od crkve, porte i pratećih objekata namenjenih bogosluženju i svakodnevnom monaškom životu.ISTORIJA: Tačna godina osnivanja, kao i ime prvobitnog ktitora, za ovaj zapis zahtevaju dodatnu proveru u pouzdanim crkvenim i istoriografskim izvorima. Ipak, za manastire ovog tipa uobičajeno je da su kroz vekove prolazili kroz periode gradnje, obnavljanja, a ponegde i razaranja usled ratova, seoba i političkih previranja. Zato je važno da se u daljoj obradi za Manastir Vojlovica dopune podaci o vremenu nastanka, eventualnim obnovama i ličnostima koje su učestvovale u njegovom podizanju ili obnovi. U aplikaciji ova sekcija može služiti kao mesto za unošenje konkretnih godina izgradnje, obnavljanja i restauracije čim budu potvrđene.ARHITEKTURA: Arhitektonska vrednost manastira ogleda se u spoju crkvene gradnje, uređenja enterijera i prilagođenosti prostora bogoslužbenoj funkciji. Poseban značaj obično imaju oltarski prostor, ikonostas, eventualni živopis, kao i sklad između hrama i prirodnog okruženja. Ako su sačuvani podaci o starijim fazama gradnje, ovde se kasnije mogu navesti stilske odlike, tip osnove hrama i najvažnije umetničke karakteristike.DUHOVNI ŽIVOT: Manastir Vojlovica ima značaj kao mesto molitve, liturgijskog sabranja i očuvanja pravoslavne tradicije. Na velike praznike i manastirsku slavu ovakve svetinje okupljaju vernike, hodočasnike i posetioce koji dolaze radi molitve, mira i upoznavanja sa duhovnim nasleđem. Monaški ili parohijski život, u zavisnosti od statusa svetinje, doprinosi kontinuitetu bogosluženja i prenošenju predanja na mlađe naraštaje.ZNAČAJ: Manastir Vojlovica je važan deo crkvene, kulturne i istorijske mape Srbije. Njegov značaj nije samo verski, već i identitetski, jer svedoči o trajanju narodne pobožnosti, umetnosti i lokalnog pamćenja. Za potpuniji prikaz preporučuje se da se ovom zapisu naknadno dodaju provereni podaci o ktitoru, tačnoj godini nastanka, obnovama, poznatim svetinjama, freskama i drugim posebnostima vezanim baš za ovaj manastir.";;https://manastiri.rs/eparhije/banatska/manastir-vojlovica/;manastiri.rs;Despot Stefan Lazarević;1383;Podaci dopunjeni;osm-overpass-exact;sr:Манастир Војловица;ok

bodjani;Manastir Bođani;Vojvodina;Bač;Manastir Bođani (posvećen Vavedenju Presvete Bogorodice) nalazi se u bačkoj ravnici, u blizini sela Bođani i varošice Bač, na prostoru gde se vekovima ukrštaju dunavski putevi,…;45.3960789;19.1021977;aktivan;Eparhija bačka;"OPŠTI PODACI: Manastir Bođani nalazi se u okviru Eparhije bačke i pripada korpusu značajnih pravoslavnih svetinja na prostoru Srbije. U evidenciji ovog projekta vezuje se za mesto ili šire područje Bač. Manastir Bođani (posvećen Vavedenju Presvete Bogorodice) nalazi se u bačkoj ravnici, u blizini sela Bođani i varošice Bač, na prostoru gde se vekovima ukrštaju dunavski putevi,… Manastirski kompleks se po pravilu sastoji od crkve, porte i pratećih objekata namenjenih bogosluženju i svakodnevnom monaškom životu.ISTORIJA: Tačna godina osnivanja, kao i ime prvobitnog ktitora, za ovaj zapis zahtevaju dodatnu proveru u pouzdanim crkvenim i istoriografskim izvorima. Ipak, za manastire ovog tipa uobičajeno je da su kroz vekove prolazili kroz periode gradnje, obnavljanja, a ponegde i razaranja usled ratova, seoba i političkih previranja. Zato je važno da se u daljoj obradi za Manastir Bođani dopune podaci o vremenu nastanka, eventualnim obnovama i ličnostima koje su učestvovale u njegovom podizanju ili obnovi. U aplikaciji ova sekcija može služiti kao mesto za unošenje konkretnih godina izgradnje, obnavljanja i restauracije čim budu potvrđene.ARHITEKTURA: Arhitektonska vrednost manastira ogleda se u spoju crkvene gradnje, uređenja enterijera i prilagođenosti prostora bogoslužbenoj funkciji. Poseban značaj obično imaju oltarski prostor, ikonostas, eventualni živopis, kao i sklad između hrama i prirodnog okruženja. Ako su sačuvani podaci o starijim fazama gradnje, ovde se kasnije mogu navesti stilske odlike, tip osnove hrama i najvažnije umetničke karakteristike.DUHOVNI ŽIVOT: Manastir Bođani ima značaj kao mesto molitve, liturgijskog sabranja i očuvanja pravoslavne tradicije. Na velike praznike i manastirsku slavu ovakve svetinje okupljaju vernike, hodočasnike i posetioce koji dolaze radi molitve, mira i upoznavanja sa duhovnim nasleđem. Monaški ili parohijski život, u zavisnosti od statusa svetinje, doprinosi kontinuitetu bogosluženja i prenošenju predanja na mlađe naraštaje.ZNAČAJ: Manastir Bođani je važan deo crkvene, kulturne i istorijske mape Srbije. Njegov značaj nije samo verski, već i identitetski, jer svedoči o trajanju narodne pobožnosti, umetnosti i lokalnog pamćenja. Za potpuniji prikaz preporučuje se da se ovom zapisu naknadno dodaju provereni podaci o ktitoru, tačnoj godini nastanka, obnovama, poznatim svetinjama, freskama i drugim posebnostima vezanim baš za ovaj manastir.";;;https://manastiri.rs/eparhije/backa/manastir-bodjani/;Bogdan (trgovac);1478;Podaci dopunjeni;osm-overpass-exact;sr:Манастир Бођани;ok

kac;Manastir Kać;Vojvodina;Kać;Manastir u Kaću predstavlja primer savremene manastirske gradnje u Bačkoj i vezan je za novije doba. Kać je naselje istočno od Novog Sada, a manastirski život u ovom mestu razvija…;45.2940672;19.9632723;aktivan;Eparhija bačka;"OPŠTI PODACI: Manastir Kać nalazi se u okviru Eparhije bačke i pripada korpusu značajnih pravoslavnih svetinja na prostoru Srbije. U evidenciji ovog projekta vezuje se za mesto ili šire područje Kać. Manastir u Kaću predstavlja primer savremene manastirske gradnje u Bačkoj i vezan je za novije doba. Kać je naselje istočno od Novog Sada, a manastirski život u ovom mestu razvija… Manastirski kompleks se po pravilu sastoji od crkve, porte i pratećih objekata namenjenih bogosluženju i svakodnevnom monaškom životu.ISTORIJA: Tačna godina osnivanja, kao i ime prvobitnog ktitora, za ovaj zapis zahtevaju dodatnu proveru u pouzdanim crkvenim i istoriografskim izvorima. Ipak, za manastire ovog tipa uobičajeno je da su kroz vekove prolazili kroz periode gradnje, obnavljanja, a ponegde i razaranja usled ratova, seoba i političkih previranja. Zato je važno da se u daljoj obradi za Manastir Kać dopune podaci o vremenu nastanka, eventualnim obnovama i ličnostima koje su učestvovale u njegovom podizanju ili obnovi. U aplikaciji ova sekcija može služiti kao mesto za unošenje konkretnih godina izgradnje, obnavljanja i restauracije čim budu potvrđene.ARHITEKTURA: Arhitektonska vrednost manastira ogleda se u spoju crkvene gradnje, uređenja enterijera i prilagođenosti prostora bogoslužbenoj funkciji. Poseban značaj obično imaju oltarski prostor, ikonostas, eventualni živopis, kao i sklad između hrama i prirodnog okruženja. Ako su sačuvani podaci o starijim fazama gradnje, ovde se kasnije mogu navesti stilske odlike, tip osnove hrama i najvažnije umetničke karakteristike.DUHOVNI ŽIVOT: Manastir Kać ima značaj kao mesto molitve, liturgijskog sabranja i očuvanja pravoslavne tradicije. Na velike praznike i manastirsku slavu ovakve svetinje okupljaju vernike, hodočasnike i posetioce koji dolaze radi molitve, mira i upoznavanja sa duhovnim nasleđem. Monaški ili parohijski život, u zavisnosti od statusa svetinje, doprinosi kontinuitetu bogosluženja i prenošenju predanja na mlađe naraštaje.ZNAČAJ: Manastir Kać je važan deo crkvene, kulturne i istorijske mape Srbije. Njegov značaj nije samo verski, već i identitetski, jer svedoči o trajanju narodne pobožnosti, umetnosti i lokalnog pamćenja. Za potpuniji prikaz preporučuje se da se ovom zapisu naknadno dodaju provereni podaci o ktitoru, tačnoj godini nastanka, obnovama, poznatim svetinjama, freskama i drugim posebnostima vezanim baš za ovaj manastir.";images/monasteries/kac.jpg;;https://manastiri.rs/eparhije/backa/manastir-kac/;Episkop Irinej Bulović;2010;Podaci dopunjeni;nominatim-second-pass;Manastir Manastir Kać, Kać, Srbija;ok

kovilj;Manastir Kovilj;Vojvodina;Novi Sad;Manastir Kovilj je jedna od najpoznatijih svetinja Bačke i pripada Srpskoj pravoslavnoj crkvi, Eparhiji bačkoj. Nalazi se uz selo Kovilj, nedaleko od Novog Sada, na prostoru gde…;45.2138999;20.035516;aktivan;Eparhija bačka;"OPŠTI PODACI: Manastir Kovilj nalazi se u okviru Eparhije bačke i pripada korpusu značajnih pravoslavnih svetinja na prostoru Srbije. U evidenciji ovog projekta vezuje se za mesto ili šire područje Novi Sad. Manastir Kovilj je jedna od najpoznatijih svetinja Bačke i pripada Srpskoj pravoslavnoj crkvi, Eparhiji bačkoj. Nalazi se uz selo Kovilj, nedaleko od Novog Sada, na prostoru gde… Manastirski kompleks se po pravilu sastoji od crkve, porte i pratećih objekata namenjenih bogosluženju i svakodnevnom monaškom životu.ISTORIJA: Tačna godina osnivanja, kao i ime prvobitnog ktitora, za ovaj zapis zahtevaju dodatnu proveru u pouzdanim crkvenim i istoriografskim izvorima. Ipak, za manastire ovog tipa uobičajeno je da su kroz vekove prolazili kroz periode gradnje, obnavljanja, a ponegde i razaranja usled ratova, seoba i političkih previranja. Zato je važno da se u daljoj obradi za Manastir Kovilj dopune podaci o vremenu nastanka, eventualnim obnovama i ličnostima koje su učestvovale u njegovom podizanju ili obnovi. U aplikaciji ova sekcija može služiti kao mesto za unošenje konkretnih godina izgradnje, obnavljanja i restauracije čim budu potvrđene.ARHITEKTURA: Arhitektonska vrednost manastira ogleda se u spoju crkvene gradnje, uređenja enterijera i prilagođenosti prostora bogoslužbenoj funkciji. Poseban značaj obično imaju oltarski prostor, ikonostas, eventualni živopis, kao i sklad između hrama i prirodnog okruženja. Ako su sačuvani podaci o starijim fazama gradnje, ovde se kasnije mogu navesti stilske odlike, tip osnove hrama i najvažnije umetničke karakteristike.DUHOVNI ŽIVOT: Manastir Kovilj ima značaj kao mesto molitve, liturgijskog sabranja i očuvanja pravoslavne tradicije. Na velike praznike i manastirsku slavu ovakve svetinje okupljaju vernike, hodočasnike i posetioce koji dolaze radi molitve, mira i upoznavanja sa duhovnim nasleđem. Monaški ili parohijski život, u zavisnosti od statusa svetinje, doprinosi kontinuitetu bogosluženja i prenošenju predanja na mlađe naraštaje.ZNAČAJ: Manastir Kovilj je važan deo crkvene, kulturne i istorijske mape Srbije. Njegov značaj nije samo verski, već i identitetski, jer svedoči o trajanju narodne pobožnosti, umetnosti i lokalnog pamćenja. Za potpuniji prikaz preporučuje se da se ovom zapisu naknadno dodaju provereni podaci o ktitoru, tačnoj godini nastanka, obnovama, poznatim svetinjama, freskama i drugim posebnostima vezanim baš za ovaj manastir.";;;https://manastiri.rs/eparhije/backa/manastir-kovilj/;Sveti Sava;1220;Podaci dopunjeni;nominatim-second-pass;Manastir Kovilj monastery, Novi Sad, Serbia;ok

sombor;Manastir Sombor;Vojvodina;Sombor;Manastir u Somboru, posvećen Svetom arhiđakonu Stefanu, predstavlja posebnu pojavu među srpskim manastirima: nije srednjovekovna svetinja skrivena u planini, već manastir u…;45.778146;19.1338545;aktivan;Eparhija bačka;"OPŠTI PODACI: Manastir Sombor nalazi se u okviru Eparhije bačke i pripada korpusu značajnih pravoslavnih svetinja na prostoru Srbije. U evidenciji ovog projekta vezuje se za mesto ili šire područje Sombor. Manastir u Somboru, posvećen Svetom arhiđakonu Stefanu, predstavlja posebnu pojavu među srpskim manastirima: nije srednjovekovna svetinja skrivena u planini, već manastir u… Manastirski kompleks se po pravilu sastoji od crkve, porte i pratećih objekata namenjenih bogosluženju i svakodnevnom monaškom životu.ISTORIJA: Tačna godina osnivanja, kao i ime prvobitnog ktitora, za ovaj zapis zahtevaju dodatnu proveru u pouzdanim crkvenim i istoriografskim izvorima. Ipak, za manastire ovog tipa uobičajeno je da su kroz vekove prolazili kroz periode gradnje, obnavljanja, a ponegde i razaranja usled ratova, seoba i političkih previranja. Zato je važno da se u daljoj obradi za Manastir Sombor dopune podaci o vremenu nastanka, eventualnim obnovama i ličnostima koje su učestvovale u njegovom podizanju ili obnovi. U aplikaciji ova sekcija može služiti kao mesto za unošenje konkretnih godina izgradnje, obnavljanja i restauracije čim budu potvrđene.ARHITEKTURA: Arhitektonska vrednost manastira ogleda se u spoju crkvene gradnje, uređenja enterijera i prilagođenosti prostora bogoslužbenoj funkciji. Poseban značaj obično imaju oltarski prostor, ikonostas, eventualni živopis, kao i sklad između hrama i prirodnog okruženja. Ako su sačuvani podaci o starijim fazama gradnje, ovde se kasnije mogu navesti stilske odlike, tip osnove hrama i najvažnije umetničke karakteristike.DUHOVNI ŽIVOT: Manastir Sombor ima značaj kao mesto molitve, liturgijskog sabranja i očuvanja pravoslavne tradicije. Na velike praznike i manastirsku slavu ovakve svetinje okupljaju vernike, hodočasnike i posetioce koji dolaze radi molitve, mira i upoznavanja sa duhovnim nasleđem. Monaški ili parohijski život, u zavisnosti od statusa svetinje, doprinosi kontinuitetu bogosluženja i prenošenju predanja na mlađe naraštaje.ZNAČAJ: Manastir Sombor je važan deo crkvene, kulturne i istorijske mape Srbije. Njegov značaj nije samo verski, već i identitetski, jer svedoči o trajanju narodne pobožnosti, umetnosti i lokalnog pamćenja. Za potpuniji prikaz preporučuje se da se ovom zapisu naknadno dodaju provereni podaci o ktitoru, tačnoj godini nastanka, obnovama, poznatim svetinjama, freskama i drugim posebnostima vezanim baš za ovaj manastir.";images/monasteries/sombor.jpg;;https://manastiri.rs/eparhije/backa/manastir-sombor/;Stevan Konjović;1928;Podaci dopunjeni;nominatim-second-pass;Manastir Manastir Sombor, Sombor, Srbija;ok

vodica;Manastir Vodica;Vojvodina;Bač;Manastir Vodica (često nazivan i manastir Uspenja Presvete Bogorodice u Bačkom Petrovom Selu) pripada Eparhiji bačkoj i nalazi se u severnoj Bačkoj, u mestu Bačko Petrovo Selo.…;45.7141281;20.0377082;aktivan;Eparhija bačka;"OPŠTI PODACI: Manastir Vodica nalazi se u okviru Eparhije bačke i pripada korpusu značajnih pravoslavnih svetinja na prostoru Srbije. U evidenciji ovog projekta vezuje se za mesto ili šire područje Dalj. Manastir Vodica (često nazivan i manastir Uspenja Presvete Bogorodice u Bačkom Petrovom Selu) pripada Eparhiji bačkoj i nalazi se u severnoj Bačkoj, u mestu Bačko Petrovo Selo.… Manastirski kompleks se po pravilu sastoji od crkve, porte i pratećih objekata namenjenih bogosluženju i svakodnevnom monaškom životu.ISTORIJA: Tačna godina osnivanja, kao i ime prvobitnog ktitora, za ovaj zapis zahtevaju dodatnu proveru u pouzdanim crkvenim i istoriografskim izvorima. Ipak, za manastire ovog tipa uobičajeno je da su kroz vekove prolazili kroz periode gradnje, obnavljanja, a ponegde i razaranja usled ratova, seoba i političkih previranja. Zato je važno da se u daljoj obradi za Manastir Vodica dopune podaci o vremenu nastanka, eventualnim obnovama i ličnostima koje su učestvovale u njegovom podizanju ili obnovi. U aplikaciji ova sekcija može služiti kao mesto za unošenje konkretnih godina izgradnje, obnavljanja i restauracije čim budu potvrđene.ARHITEKTURA: Arhitektonska vrednost manastira ogleda se u spoju crkvene gradnje, uređenja enterijera i prilagođenosti prostora bogoslužbenoj funkciji. Poseban značaj obično imaju oltarski prostor, ikonostas, eventualni živopis, kao i sklad između hrama i prirodnog okruženja. Ako su sačuvani podaci o starijim fazama gradnje, ovde se kasnije mogu navesti stilske odlike, tip osnove hrama i najvažnije umetničke karakteristike.DUHOVNI ŽIVOT: Manastir Vodica ima značaj kao mesto molitve, liturgijskog sabranja i očuvanja pravoslavne tradicije. Na velike praznike i manastirsku slavu ovakve svetinje okupljaju vernike, hodočasnike i posetioce koji dolaze radi molitve, mira i upoznavanja sa duhovnim nasleđem. Monaški ili parohijski život, u zavisnosti od statusa svetinje, doprinosi kontinuitetu bogosluženja i prenošenju predanja na mlađe naraštaje.ZNAČAJ: Manastir Vodica je važan deo crkvene, kulturne i istorijske mape Srbije. Njegov značaj nije samo verski, već i identitetski, jer svedoči o trajanju narodne pobožnosti, umetnosti i lokalnog pamćenja. Za potpuniji prikaz preporučuje se da se ovom zapisu naknadno dodaju provereni podaci o ktitoru, tačnoj godini nastanka, obnovama, poznatim svetinjama, freskama i drugim posebnostima vezanim baš za ovaj manastir.";images/monasteries/vodica.jpg;;https://manastiri.rs/eparhije/backa/manastir-vodica/;Nepoznat;1370;Podaci dopunjeni;osm-overpass-exact;sr:Манастир Водица;ok

mislodjin;Manastir Mislođin;Beograd;Obrenovac;Manastir Mislođin je pravoslavna svetinja u okviru Eparhije Beogradska.;44.6416465;20.2376919;odobren;Eparhija beogradska;"'OPŠTI PODACI: Manastir Mislođin nalazi se u okviru Eparhija beogradska i pripada korpusu značajnih pravoslavnih svetinja na prostoru Srbije. U evidenciji ovog projekta vezuje se za mesto ili šire područje Beograd. Manastir Mislođin je pravoslavna svetinja u okviru Eparhije Beogradska. Manastirski kompleks se po pravilu sastoji od crkve, porte i pratećih objekata namenjenih bogosluženju i svakodnevnom monaškom životu.ISTORIJA: Tačna godina osnivanja, kao i ime prvobitnog ktitora, za ovaj zapis zahtevaju dodatnu proveru u pouzdanim crkvenim i istoriografskim izvorima. Ipak, za manastire ovog tipa uobičajeno je da su kroz vekove prolazili kroz periode gradnje, obnavljanja, a ponegde i razaranja usled ratova, seoba i političkih previranja. Zato je važno da se u daljoj obradi za Manastir Mislođin dopune podaci o vremenu nastanka, eventualnim obnovama i ličnostima koje su učestvovale u njegovom podizanju ili obnovi. U aplikaciji ova sekcija može služiti kao mesto za unošenje konkretnih godina izgradnje, obnavljanja i restauracije čim budu potvrđene.ARHITEKTURA: Arhitektonska vrednost manastira ogleda se u spoju crkvene gradnje, uređenja enterijera i prilagođenosti prostora bogoslužbenoj funkciji. Poseban značaj obično imaju oltarski prostor, ikonostas, eventualni živopis, kao i sklad između hrama i prirodnog okruženja. Ako su sačuvani podaci o starijim fazama gradnje, ovde se kasnije mogu navesti stilske odlike, tip osnove hrama i najvažnije umetničke karakteristike.DUHOVNI ŽIVOT: Manastir Mislođin ima značaj kao mesto molitve, liturgijskog sabranja i očuvanja pravoslavne tradicije. Na velike praznike i manastirsku slavu ovakve svetinje okupljaju vernike, hodočasnike i posetioce koji dolaze radi molitve, mira i upoznavanja sa duhovnim nasleđem. Monaški ili parohijski život, u zavisnosti od statusa svetinje, doprinosi kontinuitetu bogosluženja i prenošenju predanja na mlađe naraštaje.ZNAČAJ: Manastir Mislođin je važan deo crkvene, kulturne i istorijske mape Srbije. Njegov značaj nije samo verski, već i identitetski, jer svedoči o trajanju narodne pobožnosti, umetnosti i lokalnog pamćenja. Za potpuniji prikaz preporučuje se da se ovom zapisu naknadno dodaju provereni podaci o ktitoru, tačnoj godini nastanka, obnovama, poznatim svetinjama, freskama i drugim posebnostima vezanim baš za ovaj manastir.'";;https://manastiri.rs/eparhije/beogradska/manastir-mislodjin/;manastiri.rs;Kralj Stefan Dragutin;1280;Podaci dopunjeni;manastiri.rs->google-maps;https://www.google.com/maps/place/%D0%9C%D0%B0%D0%BD%D0%B0%D1%81%D1%82%D0%B8%D1%80+%D0%A1%D0%B2%D0%B5%D1%82%D0%BE%D0%B3+%D0%A5%D1%80%D0%B8%D1%81%D1%82%D0%BE%D1%84%D0%BE%D1%80%D0%B0+%D0%9C%D0%B8%D1%81%D0%BB%D0%BE%D1%92%D0%B8%D0%BD/@44.6416465,20.2376919,773m/data=!3m2!1e3!4b1!4m6!3m5!1s0x475a1397ea495b19:0x9ff2b3d0509dfa3f!8m2!3d44.6416427!4d20.2402668!16s%2Fg%2F11cs47nqq0?entry=tts&g_ep=EgoyMDI1MDIxMC4wIPu8ASoASAFQAw%3D%3D;ok;ok
rajinovac;Manastir Rajinovac;Beograd;Grocka;Kratak pregled: Manastir Rajinovac je poznata pravoslavna svetinja u oblasti Beograd.;44.6246519;20.7128391;aktivan;Eparhija beogradska;"OPŠTI PODACI: Manastir Rajinovac nalazi se u okviru Eparhija beogradska i pripada korpusu značajnih pravoslavnih svetinja na prostoru Srbije. U evidenciji ovog projekta vezuje se za mesto ili šire područje Grocka. Kratak pregled: Manastir Rajinovac je poznata pravoslavna svetinja u oblasti Beograd. Manastirski kompleks se po pravilu sastoji od crkve, porte i pratećih objekata namenjenih bogosluženju i svakodnevnom monaškom životu.ISTORIJA: Tačna godina osnivanja, kao i ime prvobitnog ktitora, za ovaj zapis zahtevaju dodatnu proveru u pouzdanim crkvenim i istoriografskim izvorima. Ipak, za manastire ovog tipa uobičajeno je da su kroz vekove prolazili kroz periode gradnje, obnavljanja, a ponegde i razaranja usled ratova, seoba i političkih previranja. Zato je važno da se u daljoj obradi za Manastir Rajinovac dopune podaci o vremenu nastanka, eventualnim obnovama i ličnostima koje su učestvovale u njegovom podizanju ili obnovi. U aplikaciji ova sekcija može služiti kao mesto za unošenje konkretnih godina izgradnje, obnavljanja i restauracije čim budu potvrđene.ARHITEKTURA: Arhitektonska vrednost manastira ogleda se u spoju crkvene gradnje, uređenja enterijera i prilagođenosti prostora bogoslužbenoj funkciji. Poseban značaj obično imaju oltarski prostor, ikonostas, eventualni živopis, kao i sklad između hrama i prirodnog okruženja. Ako su sačuvani podaci o starijim fazama gradnje, ovde se kasnije mogu navesti stilske odlike, tip osnove hrama i najvažnije umetničke karakteristike.DUHOVNI ŽIVOT: Manastir Rajinovac ima značaj kao mesto molitve, liturgijskog sabranja i očuvanja pravoslavne tradicije. Na velike praznike i manastirsku slavu ovakve svetinje okupljaju vernike, hodočasnike i posetioce koji dolaze radi molitve, mira i upoznavanja sa duhovnim nasleđem. Monaški ili parohijski život, u zavisnosti od statusa svetinje, doprinosi kontinuitetu bogosluženja i prenošenju predanja na mlađe naraštaje.ZNAČAJ: Manastir Rajinovac je važan deo crkvene, kulturne i istorijske mape Srbije. Njegov značaj nije samo verski, već i identitetski, jer svedoči o trajanju narodne pobožnosti, umetnosti i lokalnog pamćenja. Za potpuniji prikaz preporučuje se da se ovom zapisu naknadno dodaju provereni podaci o ktitoru, tačnoj godini nastanka, obnovama, poznatim svetinjama, freskama i drugim posebnostima vezanim baš za ovaj manastir.";;;nepoznato;Nepoznat;1528;Podaci dopunjeni;osm-overpass-exact;sr:Манастир Рајиновац;ok

rakovica;Manastir Rakovica;Beograd;Beograd;Kratak pregled: Manastir Rakovica je poznata pravoslavna svetinja u oblasti Beograd.;44.7306207;20.4471112;aktivan;Eparhija beogradska;"OPŠTI PODACI: Manastir Rakovica nalazi se u okviru Eparhija beogradska i pripada korpusu značajnih pravoslavnih svetinja na prostoru Srbije. U evidenciji ovog projekta vezuje se za mesto ili šire područje Beograd. Kratak pregled: Manastir Rakovica je poznata pravoslavna svetinja u oblasti Beograd. Manastirski kompleks se po pravilu sastoji od crkve, porte i pratećih objekata namenjenih bogosluženju i svakodnevnom monaškom životu.ISTORIJA: Tačna godina osnivanja, kao i ime prvobitnog ktitora, za ovaj zapis zahtevaju dodatnu proveru u pouzdanim crkvenim i istoriografskim izvorima. Ipak, za manastire ovog tipa uobičajeno je da su kroz vekove prolazili kroz periode gradnje, obnavljanja, a ponegde i razaranja usled ratova, seoba i političkih previranja. Zato je važno da se u daljoj obradi za Manastir Rakovica dopune podaci o vremenu nastanka, eventualnim obnovama i ličnostima koje su učestvovale u njegovom podizanju ili obnovi. U aplikaciji ova sekcija može služiti kao mesto za unošenje konkretnih godina izgradnje, obnavljanja i restauracije čim budu potvrđene.ARHITEKTURA: Arhitektonska vrednost manastira ogleda se u spoju crkvene gradnje, uređenja enterijera i prilagođenosti prostora bogoslužbenoj funkciji. Poseban značaj obično imaju oltarski prostor, ikonostas, eventualni živopis, kao i sklad između hrama i prirodnog okruženja. Ako su sačuvani podaci o starijim fazama gradnje, ovde se kasnije mogu navesti stilske odlike, tip osnove hrama i najvažnije umetničke karakteristike.DUHOVNI ŽIVOT: Manastir Rakovica ima značaj kao mesto molitve, liturgijskog sabranja i očuvanja pravoslavne tradicije. Na velike praznike i manastirsku slavu ovakve svetinje okupljaju vernike, hodočasnike i posetioce koji dolaze radi molitve, mira i upoznavanja sa duhovnim nasleđem. Monaški ili parohijski život, u zavisnosti od statusa svetinje, doprinosi kontinuitetu bogosluženja i prenošenju predanja na mlađe naraštaje.ZNAČAJ: Manastir Rakovica je važan deo crkvene, kulturne i istorijske mape Srbije. Njegov značaj nije samo verski, već i identitetski, jer svedoči o trajanju narodne pobožnosti, umetnosti i lokalnog pamćenja. Za potpuniji prikaz preporučuje se da se ovom zapisu naknadno dodaju provereni podaci o ktitoru, tačnoj godini nastanka, obnovama, poznatim svetinjama, freskama i drugim posebnostima vezanim baš za ovaj manastir.";;;nepoznato;Radul iz Vlaške;1550;Podaci dopunjeni;nominatim-second-pass;Manastir Manastir Rakovica, Beograd, Srbija;ok

senjak;Manastir Senjak;Beograd;Beograd;Manastir Senjak je pravoslavna svetinja u okviru Eparhije Beogradska.;44.7927125;20.4389181;odobren;Eparhija beogradska;"'OPŠTI PODACI: Manastir Senjak nalazi se u okviru Eparhija beogradska i pripada korpusu značajnih pravoslavnih svetinja na prostoru Srbije. U evidenciji ovog projekta vezuje se za mesto ili šire područje Beograd. Manastir Senjak je pravoslavna svetinja u okviru Eparhije Beogradska. Manastirski kompleks se po pravilu sastoji od crkve, porte i pratećih objekata namenjenih bogosluženju i svakodnevnom monaškom životu.ISTORIJA: Tačna godina osnivanja, kao i ime prvobitnog ktitora, za ovaj zapis zahtevaju dodatnu proveru u pouzdanim crkvenim i istoriografskim izvorima. Ipak, za manastire ovog tipa uobičajeno je da su kroz vekove prolazili kroz periode gradnje, obnavljanja, a ponegde i razaranja usled ratova, seoba i političkih previranja. Zato je važno da se u daljoj obradi za Manastir Senjak dopune podaci o vremenu nastanka, eventualnim obnovama i ličnostima koje su učestvovale u njegovom podizanju ili obnovi. U aplikaciji ova sekcija može služiti kao mesto za unošenje konkretnih godina izgradnje, obnavljanja i restauracije čim budu potvrđene.ARHITEKTURA: Arhitektonska vrednost manastira ogleda se u spoju crkvene gradnje, uređenja enterijera i prilagođenosti prostora bogoslužbenoj funkciji. Poseban značaj obično imaju oltarski prostor, ikonostas, eventualni živopis, kao i sklad između hrama i prirodnog okruženja. Ako su sačuvani podaci o starijim fazama gradnje, ovde se kasnije mogu navesti stilske odlike, tip osnove hrama i najvažnije umetničke karakteristike.DUHOVNI ŽIVOT: Manastir Senjak ima značaj kao mesto molitve, liturgijskog sabranja i očuvanja pravoslavne tradicije. Na velike praznike i manastirsku slavu ovakve svetinje okupljaju vernike, hodočasnike i posetioce koji dolaze radi molitve, mira i upoznavanja sa duhovnim nasleđem. Monaški ili parohijski život, u zavisnosti od statusa svetinje, doprinosi kontinuitetu bogosluženja i prenošenju predanja na mlađe naraštaje.ZNAČAJ: Manastir Senjak je važan deo crkvene, kulturne i istorijske mape Srbije. Njegov značaj nije samo verski, već i identitetski, jer svedoči o trajanju narodne pobožnosti, umetnosti i lokalnog pamćenja. Za potpuniji prikaz preporučuje se da se ovom zapisu naknadno dodaju provereni podaci o ktitoru, tačnoj godini nastanka, obnovama, poznatim svetinjama, freskama i drugim posebnostima vezanim baš za ovaj manastir.'";;https://manastiri.rs/eparhije/beogradska/manastir-senjak/;manastiri.rs;Persida Milenković;1935;Podaci dopunjeni;manastiri.rs->google-maps;https://www.google.com/maps/place/Orthodox+Monastery+of+the+Presentation+of+the+Holy+Virgin/@44.7927125,20.4389181,2634m/data=!3m1!1e3!4m6!3m5!1s0x475a7018d467fd0d:0xbac9f482c0b8ae50!8m2!3d44.7906941!4d20.4438578!16s%2Fg%2F1228rwd_?entry=tts&g_ep=EgoyMDI1MDIxMC4wIPu8ASoASAFQAw%3D%3D;ok;ok
slanci;Manastir Slanci;Beograd;Beograd;Kratak pregled: Manastir Slanci je poznata pravoslavna svetinja u oblasti Beograd.;44.7953567;20.584164;aktivan;Eparhija beogradska;"'OPŠTI PODACI: Manastir Slanci nalazi se u okviru Eparhija beogradska i pripada korpusu značajnih pravoslavnih svetinja na prostoru Srbije. U evidenciji ovog projekta vezuje se za mesto ili šire područje Beograd. Kratak pregled: Manastir Slanci je poznata pravoslavna svetinja u oblasti Beograd. Manastirski kompleks se po pravilu sastoji od crkve, porte i pratećih objekata namenjenih bogosluženju i svakodnevnom monaškom životu.ISTORIJA: Tačna godina osnivanja, kao i ime prvobitnog ktitora, za ovaj zapis zahtevaju dodatnu proveru u pouzdanim crkvenim i istoriografskim izvorima. Ipak, za manastire ovog tipa uobičajeno je da su kroz vekove prolazili kroz periode gradnje, obnavljanja, a ponegde i razaranja usled ratova, seoba i političkih previranja. Zato je važno da se u daljoj obradi za Manastir Slanci dopune podaci o vremenu nastanka, eventualnim obnovama i ličnostima koje su učestvovale u njegovom podizanju ili obnovi. U aplikaciji ova sekcija može služiti kao mesto za unošenje konkretnih godina izgradnje, obnavljanja i restauracije čim budu potvrđene.ARHITEKTURA: Arhitektonska vrednost manastira ogleda se u spoju crkvene gradnje, uređenja enterijera i prilagođenosti prostora bogoslužbenoj funkciji. Poseban značaj obično imaju oltarski prostor, ikonostas, eventualni živopis, kao i sklad između hrama i prirodnog okruženja. Ako su sačuvani podaci o starijim fazama gradnje, ovde se kasnije mogu navesti stilske odlike, tip osnove hrama i najvažnije umetničke karakteristike.DUHOVNI ŽIVOT: Manastir Slanci ima značaj kao mesto molitve, liturgijskog sabranja i očuvanja pravoslavne tradicije. Na velike praznike i manastirsku slavu ovakve svetinje okupljaju vernike, hodočasnike i posetioce koji dolaze radi molitve, mira i upoznavanja sa duhovnim nasleđem. Monaški ili parohijski život, u zavisnosti od statusa svetinje, doprinosi kontinuitetu bogosluženja i prenošenju predanja na mlađe naraštaje.ZNAČAJ: Manastir Slanci je važan deo crkvene, kulturne i istorijske mape Srbije. Njegov značaj nije samo verski, već i identitetski, jer svedoči o trajanju narodne pobožnosti, umetnosti i lokalnog pamćenja. Za potpuniji prikaz preporučuje se da se ovom zapisu naknadno dodaju provereni podaci o ktitoru, tačnoj godini nastanka, obnovama, poznatim svetinjama, freskama i drugim posebnostima vezanim baš za ovaj manastir.'";;;nepoznato;Kralj Dragutin;1300;Podaci dopunjeni;osm-overpass-exact;https://www.google.com/maps?q=44.7953567,20.584164;ok;ok
trojerucica;Manastir Trojeručica;Beograd;Avala;Manastir Trojeručica je pravoslavna svetinja u okviru Eparhije Beogradska.;44.6164337;20.586341;odobren;Eparhija beogradska;"'OPŠTI PODACI: Manastir Trojeručica nalazi se u okviru Eparhija beogradska i pripada korpusu značajnih pravoslavnih svetinja na prostoru Srbije. U evidenciji ovog projekta vezuje se za mesto ili šire područje Beograd. Manastir Trojeručica je pravoslavna svetinja u okviru Eparhije Beogradska. Manastirski kompleks se po pravilu sastoji od crkve, porte i pratećih objekata namenjenih bogosluženju i svakodnevnom monaškom životu.ISTORIJA: Tačna godina osnivanja, kao i ime prvobitnog ktitora, za ovaj zapis zahtevaju dodatnu proveru u pouzdanim crkvenim i istoriografskim izvorima. Ipak, za manastire ovog tipa uobičajeno je da su kroz vekove prolazili kroz periode gradnje, obnavljanja, a ponegde i razaranja usled ratova, seoba i političkih previranja. Zato je važno da se u daljoj obradi za Manastir Trojeručica dopune podaci o vremenu nastanka, eventualnim obnovama i ličnostima koje su učestvovale u njegovom podizanju ili obnovi. U aplikaciji ova sekcija može služiti kao mesto za unošenje konkretnih godina izgradnje, obnavljanja i restauracije čim budu potvrđene.ARHITEKTURA: Arhitektonska vrednost manastira ogleda se u spoju crkvene gradnje, uređenja enterijera i prilagođenosti prostora bogoslužbenoj funkciji. Poseban značaj obično imaju oltarski prostor, ikonostas, eventualni živopis, kao i sklad između hrama i prirodnog okruženja. Ako su sačuvani podaci o starijim fazama gradnje, ovde se kasnije mogu navesti stilske odlike, tip osnove hrama i najvažnije umetničke karakteristike.DUHOVNI ŽIVOT: Manastir Trojeručica ima značaj kao mesto molitve, liturgijskog sabranja i očuvanja pravoslavne tradicije. Na velike praznike i manastirsku slavu ovakve svetinje okupljaju vernike, hodočasnike i posetioce koji dolaze radi molitve, mira i upoznavanja sa duhovnim nasleđem. Monaški ili parohijski život, u zavisnosti od statusa svetinje, doprinosi kontinuitetu bogosluženja i prenošenju predanja na mlađe naraštaje.ZNAČAJ: Manastir Trojeručica je važan deo crkvene, kulturne i istorijske mape Srbije. Njegov značaj nije samo verski, već i identitetski, jer svedoči o trajanju narodne pobožnosti, umetnosti i lokalnog pamćenja. Za potpuniji prikaz preporučuje se da se ovom zapisu naknadno dodaju provereni podaci o ktitoru, tačnoj godini nastanka, obnovama, poznatim svetinjama, freskama i drugim posebnostima vezanim baš za ovaj manastir.'; ; https://manastiri.rs/eparhije/beogradska/manastir-trojerucica/; manastiri.rs; Verni narod; 1999; Podaci dopunjeni; manastiri.rs->google-maps; https://www.google.com/maps/place/%D0%A1%D1%80%D0%BF%D1%81%D0%BA%D0%B8+%D0%BF%D1%80%D0%B0%D0%B2%D0%BE%D1%81%D0%BB%D0%B0%D0%B2%D0%BD%D0%B8+%D0%BC%D0%B0%D0%BD%D0%B0%D1%81%D1%82%D0%B8%D1%80+%D0%9F%D1%80%D0%B5%D1%81%D0%B2%D0%B5%D1%82%D0%B5+%D0%91%D0%BE%D0%B3%D0%BE%D1%80%D0%BE%D0%B4%D0%B8%D1%86%D0%B5+%D0%A2%D1%80%D0%BE%D1%98%D0%B5%D1%80%D1%83%D1%87%D0%B8%D1%86%D0%B5/@44.6164337,20.586341,774m/data=!3m2!1e3!4b1!4m6!3m5!1s0x4750a032aa6efde7:0x53cad01a91b68018!8m2!3d44.6164299!4d20.5889159!16s%2Fg%2F11bych82d7?entry=tts&g_ep=EgoyMDI1MDIxMC4wIPu8ASoASAFQAw%3D%3D; ok; ok zemun; Manastir Zemun; Beograd; Zemun; Manastir Zemun je pravoslavna svetinja u okviru Eparhije Beogradska.; 44.8413093; 20.4074411; odobren; Eparhija beogradska; 'OPŠTI PODACI: Manastir Zemun nalazi se u okviru Eparhija beogradska i pripada korpusu značajnih pravoslavnih svetinja na prostoru Srbije. U evidenciji ovog projekta vezuje se za mesto ili šire područje Beograd. Manastir Zemun je pravoslavna svetinja u okviru Eparhije Beogradska. Manastirski kompleks se po pravilu sastoji od crkve, porte i pratećih objekata namenjenih bogosluženju i svakodnevnom monaškom životu.ISTORIJA: Tačna godina osnivanja, kao i ime prvobitnog ktitora, za ovaj zapis zahtevaju dodatnu proveru u pouzdanim crkvenim i istoriografskim izvorima. Ipak, za manastire ovog tipa uobičajeno je da su kroz vekove prolazili kroz periode gradnje, obnavljanja, a ponegde i razaranja usled ratova, seoba i političkih previranja. Zato je važno da se u daljoj obradi za Manastir Zemun dopune podaci o vremenu nastanka, eventualnim obnovama i ličnostima koje su učestvovale u njegovom podizanju ili obnovi. U aplikaciji ova sekcija može služiti kao mesto za unošenje konkretnih godina izgradnje, obnavljanja i restauracije čim budu potvrđene.ARHITEKTURA: Arhitektonska vrednost manastira ogleda se u spoju crkvene gradnje, uređenja enterijera i prilagođenosti prostora bogoslužbenoj funkciji. Poseban značaj obično imaju oltarski prostor, ikonostas, eventualni živopis, kao i sklad između hrama i prirodnog okruženja. Ako su sačuvani podaci o starijim fazama gradnje, ovde se kasnije mogu navesti stilske odlike, tip osnove hrama i najvažnije umetničke karakteristike.DUHOVNI ŽIVOT: Manastir Zemun ima značaj kao mesto molitve, liturgijskog sabranja i očuvanja pravoslavne tradicije. Na velike praznike i manastirsku slavu ovakve svetinje okupljaju vernike, hodočasnike i posetioce koji dolaze radi molitve, mira i upoznavanja sa duhovnim nasleđem. Monaški ili parohijski život, u zavisnosti od statusa svetinje, doprinosi kontinuitetu bogosluženja i prenošenju predanja na mlađe naraštaje.ZNAČAJ: Manastir Zemun je važan deo crkvene, kulturne i istorijske mape Srbije. Njegov značaj nije samo verski, već i identitetski, jer svedoči o trajanju narodne pobožnosti, umetnosti i lokalnog pamćenja. Za potpuniji prikaz preporučuje se da se ovom zapisu naknadno dodaju provereni podaci o ktitoru, tačnoj godini nastanka, obnovama, poznatim svetinjama, freskama i drugim posebnostima vezanim baš za ovaj manastir.'";;https://manastiri.rs/eparhije/beogradska/manastir-zemun/;manastiri.rs;Teodor Apostolović;1786;Podaci dopunjeni;manastiri.rs->google-maps;https://www.google.com/maps/place/%D0%9C%D0%B0%D0%BD%D0%B0%D1%81%D1%82%D0%B8%D1%80+%D0%A1%D0%B2%D0%B5%D1%82%D0%BE%D0%B3+%D0%90%D1%80%D1%85%D0%B0%D0%BD%D0%B3%D0%B5%D0%BB%D0%B0+%D0%93%D0%B0%D0%B2%D1%80%D0%B8%D0%BB%D0%B0+%D0%97%D0%B5%D0%BC%D1%83%D0%BD%D1%81%D0%BA%D0%B8+%D0%BF%D0%B0%D1%80%D0%BA/@44.8413093,20.4074411,771m/data=!3m2!1e3!4b1!4m6!3m5!1s0x475a6500548e6053:0x3c35a631efae6be4!8m2!3d44.8413055!4d20.410016!16s%2Fg%2F11wp7yf9t7?entry=tts&g_ep=EgoyMDI1MDIwOS4wIPu8ASoASAFQAw%3D%3D;ok;ok
bradaca;Manastir Bradača;Istočna Srbija;Požarevac;Manastir Bradača je pravoslavna svetinja u okviru Eparhije Braničevska.;44.500454;21.4013781;odobren;Eparhija braničevska;"'OPŠTI PODACI: Manastir Bradača nalazi se u okviru Eparhije braničevske i pripada korpusu značajnih pravoslavnih svetinja na prostoru Srbije. U evidenciji ovog projekta vezuje se za mesto ili šire područje Istočna Srbija. Manastir Bradača je pravoslavna svetinja u okviru Eparhije Braničevska. Manastirski kompleks se po pravilu sastoji od crkve, porte i pratećih objekata namenjenih bogosluženju i svakodnevnom monaškom životu.ISTORIJA: Tačna godina osnivanja, kao i ime prvobitnog ktitora, za ovaj zapis zahtevaju dodatnu proveru u pouzdanim crkvenim i istoriografskim izvorima. Ipak, za manastire ovog tipa uobičajeno je da su kroz vekove prolazili kroz periode gradnje, obnavljanja, a ponegde i razaranja usled ratova, seoba i političkih previranja. Zato je važno da se u daljoj obradi za Manastir Bradača dopune podaci o vremenu nastanka, eventualnim obnovama i ličnostima koje su učestvovale u njegovom podizanju ili obnovi. U aplikaciji ova sekcija može služiti kao mesto za unošenje konkretnih godina izgradnje, obnavljanja i restauracije čim budu potvrđene.ARHITEKTURA: Arhitektonska vrednost manastira ogleda se u spoju crkvene gradnje, uređenja enterijera i prilagođenosti prostora bogoslužbenoj funkciji. Poseban značaj obično imaju oltarski prostor, ikonostas, eventualni živopis, kao i sklad između hrama i prirodnog okruženja. Ako su sačuvani podaci o starijim fazama gradnje, ovde se kasnije mogu navesti stilske odlike, tip osnove hrama i najvažnije umetničke karakteristike.DUHOVNI ŽIVOT: Manastir Bradača ima značaj kao mesto molitve, liturgijskog sabranja i očuvanja pravoslavne tradicije. Na velike praznike i manastirsku slavu ovakve svetinje okupljaju vernike, hodočasnike i posetioce koji dolaze radi molitve, mira i upoznavanja sa duhovnim nasleđem. Monaški ili parohijski život, u zavisnosti od statusa svetinje, doprinosi kontinuitetu bogosluženja i prenošenju predanja na mlađe naraštaje.ZNAČAJ: Manastir Bradača je važan deo crkvene, kulturne i istorijske mape Srbije. Njegov značaj nije samo verski, već i identitetski, jer svedoči o trajanju narodne pobožnosti, umetnosti i lokalnog pamćenja. Za potpuniji prikaz preporučuje se da se ovom zapisu naknadno dodaju provereni podaci o ktitoru, tačnoj godini nastanka, obnovama, poznatim svetinjama, freskama i drugim posebnostima vezanim baš za ovaj manastir.'";;https://manastiri.rs/eparhije/branicevska/manastir-bradaca/;manastiri.rs;Nepoznat;1400;Podaci dopunjeni;manastiri.rs->google-maps;https://www.google.com/maps/place/Brada%C4%8Da+Monastery/@44.500454,21.4013781,17z/data=!3m1!4b1!4m6!3m5!1s0x47511faf14fb12dd:0xfc9dbec042c0de97!8m2!3d44.500454!4d21.4013781!16s%2Fg%2F122rvzg5?sa=X&ved=1t:2428&ictx=111&entry=tts&g_ep=EgoyMDI1MDIwOS4wIPu8ASoASAFQAw%3D%3D;ok;ok
dobres;Manastir Dobreš;Istočna Srbija;Despotovac;Manastir Dobreš je pravoslavna svetinja u okviru Eparhije Braničevska.;44.1533237;21.1585978;odobren;Eparhija braničevska;"'OPŠTI PODACI: Manastir Dobreš nalazi se u okviru Eparhije braničevske i pripada korpusu značajnih pravoslavnih svetinja na prostoru Srbije. U evidenciji ovog projekta vezuje se za mesto ili šire područje Istočna Srbija. Manastir Dobreš je pravoslavna svetinja u okviru Eparhije Braničevska. Manastirski kompleks se po pravilu sastoji od crkve, porte i pratećih objekata namenjenih bogosluženju i svakodnevnom monaškom životu.ISTORIJA: Tačna godina osnivanja, kao i ime prvobitnog ktitora, za ovaj zapis zahtevaju dodatnu proveru u pouzdanim crkvenim i istoriografskim izvorima. Ipak, za manastire ovog tipa uobičajeno je da su kroz vekove prolazili kroz periode gradnje, obnavljanja, a ponegde i razaranja usled ratova, seoba i političkih previranja. Zato je važno da se u daljoj obradi za Manastir Dobreš dopune podaci o vremenu nastanka, eventualnim obnovama i ličnostima koje su učestvovale u njegovom podizanju ili obnovi. U aplikaciji ova sekcija može služiti kao mesto za unošenje konkretnih godina izgradnje, obnavljanja i restauracije čim budu potvrđene.ARHITEKTURA: Arhitektonska vrednost manastira ogleda se u spoju crkvene gradnje, uređenja enterijera i prilagođenosti prostora bogoslužbenoj funkciji. Poseban značaj obično imaju oltarski prostor, ikonostas, eventualni živopis, kao i sklad između hrama i prirodnog okruženja. Ako su sačuvani podaci o starijim fazama gradnje, ovde se kasnije mogu navesti stilske odlike, tip osnove hrama i najvažnije umetničke karakteristike.DUHOVNI ŽIVOT: Manastir Dobreš ima značaj kao mesto molitve, liturgijskog sabranja i očuvanja pravoslavne tradicije. Na velike praznike i manastirsku slavu ovakve svetinje okupljaju vernike, hodočasnike i posetioce koji dolaze radi molitve, mira i upoznavanja sa duhovnim nasleđem. Monaški ili parohijski život, u zavisnosti od statusa svetinje, doprinosi kontinuitetu bogosluženja i prenošenju predanja na mlađe naraštaje.ZNAČAJ: Manastir Dobreš je važan deo crkvene, kulturne i istorijske mape Srbije. Njegov značaj nije samo verski, već i identitetski, jer svedoči o trajanju narodne pobožnosti, umetnosti i lokalnog pamćenja. Za potpuniji prikaz preporučuje se da se ovom zapisu naknadno dodaju provereni podaci o ktitoru, tačnoj godini nastanka, obnovama, poznatim svetinjama, freskama i drugim posebnostima vezanim baš za ovaj manastir.'";;https://manastiri.rs/eparhije/branicevska/manastir-dobres/;manastiri.rs;Nepoznat;1410;Podaci dopunjeni;manastiri.rs->google-maps;https://www.google.com/maps/place/Dobre%C5%A1+monastery/@44.1533237,21.1585978,17z/data=!3m1!4b1!4m6!3m5!1s0x4756d59cc2b95b59:0x41c71d1554d29231!8m2!3d44.1533237!4d21.1585978!16s%2Fg%2F1hc0h76p4?sa=X&ved=1t:2428&ictx=111&entry=tts&g_ep=EgoyMDI1MDIwOS4wIPu8ASoASAFQAw%3D%3D;ok;ok
gornjak;Manastir Gornjak;Istočna Srbija;Petrovac na Mlavi;Kratak pregled: Manastir Gornjak je poznata pravoslavna svetinja u oblasti Istočna Srbija.;44.2657714;21.5438205;aktivan;Eparhija braničevska;"OPŠTI PODACI: Manastir Gornjak nalazi se u okviru Eparhije braničevske i pripada korpusu značajnih pravoslavnih svetinja na prostoru Srbije. U evidenciji ovog projekta vezuje se za mesto ili šire područje Petrovac na Mlavi. Kratak pregled: Manastir Gornjak je poznata pravoslavna svetinja u oblasti Istočna Srbija. Manastirski kompleks se po pravilu sastoji od crkve, porte i pratećih objekata namenjenih bogosluženju i svakodnevnom monaškom životu.ISTORIJA: Tačna godina osnivanja, kao i ime prvobitnog ktitora, za ovaj zapis zahtevaju dodatnu proveru u pouzdanim crkvenim i istoriografskim izvorima. Ipak, za manastire ovog tipa uobičajeno je da su kroz vekove prolazili kroz periode gradnje, obnavljanja, a ponegde i razaranja usled ratova, seoba i političkih previranja. Zato je važno da se u daljoj obradi za Manastir Gornjak dopune podaci o vremenu nastanka, eventualnim obnovama i ličnostima koje su učestvovale u njegovom podizanju ili obnovi. U aplikaciji ova sekcija može služiti kao mesto za unošenje konkretnih godina izgradnje, obnavljanja i restauracije čim budu potvrđene.ARHITEKTURA: Arhitektonska vrednost manastira ogleda se u spoju crkvene gradnje, uređenja enterijera i prilagođenosti prostora bogoslužbenoj funkciji. Poseban značaj obično imaju oltarski prostor, ikonostas, eventualni živopis, kao i sklad između hrama i prirodnog okruženja. Ako su sačuvani podaci o starijim fazama gradnje, ovde se kasnije mogu navesti stilske odlike, tip osnove hrama i najvažnije umetničke karakteristike.DUHOVNI ŽIVOT: Manastir Gornjak ima značaj kao mesto molitve, liturgijskog sabranja i očuvanja pravoslavne tradicije. Na velike praznike i manastirsku slavu ovakve svetinje okupljaju vernike, hodočasnike i posetioce koji dolaze radi molitve, mira i upoznavanja sa duhovnim nasleđem. Monaški ili parohijski život, u zavisnosti od statusa svetinje, doprinosi kontinuitetu bogosluženja i prenošenju predanja na mlađe naraštaje.ZNAČAJ: Manastir Gornjak je važan deo crkvene, kulturne i istorijske mape Srbije. Njegov značaj nije samo verski, već i identitetski, jer svedoči o trajanju narodne pobožnosti, umetnosti i lokalnog pamćenja. Za potpuniji prikaz preporučuje se da se ovom zapisu naknadno dodaju provereni podaci o ktitoru, tačnoj godini nastanka, obnovama, poznatim svetinjama, freskama i drugim posebnostima vezanim baš za ovaj manastir.";;;nepoznato;Knez Lazar;1378;Podaci dopunjeni;osm-overpass-exact;sr:Манастир Горњак;ok

izvor;Manastir Izvor;Istočna Srbija;Paraćin;Manastir Izvor je pravoslavna svetinja u okviru Eparhije Braničevska.;43.8563889;21.5997222;odobren;Eparhija braničevska;"'OPŠTI PODACI: Manastir Izvor nalazi se u okviru Eparhije braničevske i pripada korpusu značajnih pravoslavnih svetinja na prostoru Srbije. U evidenciji ovog projekta vezuje se za mesto ili šire područje Istočna Srbija. Manastir Izvor je pravoslavna svetinja u okviru Eparhije Braničevska. Manastirski kompleks se po pravilu sastoji od crkve, porte i pratećih objekata namenjenih bogosluženju i svakodnevnom monaškom životu.ISTORIJA: Tačna godina osnivanja, kao i ime prvobitnog ktitora, za ovaj zapis zahtevaju dodatnu proveru u pouzdanim crkvenim i istoriografskim izvorima. Ipak, za manastire ovog tipa uobičajeno je da su kroz vekove prolazili kroz periode gradnje, obnavljanja, a ponegde i razaranja usled ratova, seoba i političkih previranja. Zato je važno da se u daljoj obradi za Manastir Izvor dopune podaci o vremenu nastanka, eventualnim obnovama i ličnostima koje su učestvovale u njegovom podizanju ili obnovi. U aplikaciji ova sekcija može služiti kao mesto za unošenje konkretnih godina izgradnje, obnavljanja i restauracije čim budu potvrđene.ARHITEKTURA: Arhitektonska vrednost manastira ogleda se u spoju crkvene gradnje, uređenja enterijera i prilagođenosti prostora bogoslužbenoj funkciji. Poseban značaj obično imaju oltarski prostor, ikonostas, eventualni živopis, kao i sklad između hrama i prirodnog okruženja. Ako su sačuvani podaci o starijim fazama gradnje, ovde se kasnije mogu navesti stilske odlike, tip osnove hrama i najvažnije umetničke karakteristike.DUHOVNI ŽIVOT: Manastir Izvor ima značaj kao mesto molitve, liturgijskog sabranja i očuvanja pravoslavne tradicije. Na velike praznike i manastirsku slavu ovakve svetinje okupljaju vernike, hodočasnike i posetioce koji dolaze radi molitve, mira i upoznavanja sa duhovnim nasleđem. Monaški ili parohijski život, u zavisnosti od statusa svetinje, doprinosi kontinuitetu bogosluženja i prenošenju predanja na mlađe naraštaje.ZNAČAJ: Manastir Izvor je važan deo crkvene, kulturne i istorijske mape Srbije. Njegov značaj nije samo verski, već i identitetski, jer svedoči o trajanju narodne pobožnosti, umetnosti i lokalnog pamćenja. Za potpuniji prikaz preporučuje se da se ovom zapisu naknadno dodaju provereni podaci o ktitoru, tačnoj godini nastanka, obnovama, poznatim svetinjama, freskama i drugim posebnostima vezanim baš za ovaj manastir.'";;https://manastiri.rs/eparhije/branicevska/manastir-izvor/;manastiri.rs;Kralj Milutin;1300;Podaci dopunjeni;manastiri.rs->google-maps;https://www.google.com/maps/place/Monastery+of+St.+Petka/@43.8563889,21.5997222,17z/data=!3m1!4b1!4m6!3m5!1s0x4756a252aa8575f3:0x7042d5c63c96e71f!8m2!3d43.8563889!4d21.5997222!16s%2Fg%2F1hb_f6hpg?entry=tts&g_ep=EgoyMDI1MDQwOS4wIPu8ASoASAFQAw%3D%3D&skid=64b8a996-d9f1-4ae6-84ac-345c85c827ba;ok;ok
koporin;Manastir Koporin;Pomoravlje;Velika Plana;Kratak pregled: Manastir Koporin je poznata pravoslavna svetinja u oblasti Pomoravlje.;44.3156037;21.0014271;aktivan;Eparhija braničevska;"OPŠTI PODACI: Manastir Koporin nalazi se u okviru Eparhije braničevske i pripada korpusu značajnih pravoslavnih svetinja na prostoru Srbije. U evidenciji ovog projekta vezuje se za mesto ili šire područje Velika Plana. Kratak pregled: Manastir Koporin je poznata pravoslavna svetinja u oblasti Pomoravlje. Manastirski kompleks se po pravilu sastoji od crkve, porte i pratećih objekata namenjenih bogosluženju i svakodnevnom monaškom životu.ISTORIJA: Tačna godina osnivanja, kao i ime prvobitnog ktitora, za ovaj zapis zahtevaju dodatnu proveru u pouzdanim crkvenim i istoriografskim izvorima. Ipak, za manastire ovog tipa uobičajeno je da su kroz vekove prolazili kroz periode gradnje, obnavljanja, a ponegde i razaranja usled ratova, seoba i političkih previranja. Zato je važno da se u daljoj obradi za Manastir Koporin dopune podaci o vremenu nastanka, eventualnim obnovama i ličnostima koje su učestvovale u njegovom podizanju ili obnovi. U aplikaciji ova sekcija može služiti kao mesto za unošenje konkretnih godina izgradnje, obnavljanja i restauracije čim budu potvrđene.ARHITEKTURA: Arhitektonska vrednost manastira ogleda se u spoju crkvene gradnje, uređenja enterijera i prilagođenosti prostora bogoslužbenoj funkciji. Poseban značaj obično imaju oltarski prostor, ikonostas, eventualni živopis, kao i sklad između hrama i prirodnog okruženja. Ako su sačuvani podaci o starijim fazama gradnje, ovde se kasnije mogu navesti stilske odlike, tip osnove hrama i najvažnije umetničke karakteristike.DUHOVNI ŽIVOT: Manastir Koporin ima značaj kao mesto molitve, liturgijskog sabranja i očuvanja pravoslavne tradicije. Na velike praznike i manastirsku slavu ovakve svetinje okupljaju vernike, hodočasnike i posetioce koji dolaze radi molitve, mira i upoznavanja sa duhovnim nasleđem. Monaški ili parohijski život, u zavisnosti od statusa svetinje, doprinosi kontinuitetu bogosluženja i prenošenju predanja na mlađe naraštaje.ZNAČAJ: Manastir Koporin je važan deo crkvene, kulturne i istorijske mape Srbije. Njegov značaj nije samo verski, već i identitetski, jer svedoči o trajanju narodne pobožnosti, umetnosti i lokalnog pamćenja. Za potpuniji prikaz preporučuje se da se ovom zapisu naknadno dodaju provereni podaci o ktitoru, tačnoj godini nastanka, obnovama, poznatim svetinjama, freskama i drugim posebnostima vezanim baš za ovaj manastir.";;;nepoznato;Despot Stefan Lazarević;1402;Podaci dopunjeni;osm-overpass-exact;sr:Манастир Копорин;ok

manasija;Manastir Manasija;Pomoravlje;Despotovac;Kratak pregled: Manastir Manasija je poznata pravoslavna svetinja u oblasti Pomoravlje.;44.1005804;21.4688894;aktivan;Eparhija braničevska;"OPŠTI PODACI: Manastir Manasija nalazi se u okviru Eparhije braničevske i pripada korpusu značajnih pravoslavnih svetinja na prostoru Srbije. U evidenciji ovog projekta vezuje se za mesto ili šire područje Despotovac. Kratak pregled: Manastir Manasija je poznata pravoslavna svetinja u oblasti Pomoravlje. Manastirski kompleks se po pravilu sastoji od crkve, porte i pratećih objekata namenjenih bogosluženju i svakodnevnom monaškom životu.ISTORIJA: Tačna godina osnivanja, kao i ime prvobitnog ktitora, za ovaj zapis zahtevaju dodatnu proveru u pouzdanim crkvenim i istoriografskim izvorima. Ipak, za manastire ovog tipa uobičajeno je da su kroz vekove prolazili kroz periode gradnje, obnavljanja, a ponegde i razaranja usled ratova, seoba i političkih previranja. Zato je važno da se u daljoj obradi za Manastir Manasija dopune podaci o vremenu nastanka, eventualnim obnovama i ličnostima koje su učestvovale u njegovom podizanju ili obnovi. U aplikaciji ova sekcija može služiti kao mesto za unošenje konkretnih godina izgradnje, obnavljanja i restauracije čim budu potvrđene.ARHITEKTURA: Arhitektonska vrednost manastira ogleda se u spoju crkvene gradnje, uređenja enterijera i prilagođenosti prostora bogoslužbenoj funkciji. Poseban značaj obično imaju oltarski prostor, ikonostas, eventualni živopis, kao i sklad između hrama i prirodnog okruženja. Ako su sačuvani podaci o starijim fazama gradnje, ovde se kasnije mogu navesti stilske odlike, tip osnove hrama i najvažnije umetničke karakteristike.DUHOVNI ŽIVOT: Manastir Manasija ima značaj kao mesto molitve, liturgijskog sabranja i očuvanja pravoslavne tradicije. Na velike praznike i manastirsku slavu ovakve svetinje okupljaju vernike, hodočasnike i posetioce koji dolaze radi molitve, mira i upoznavanja sa duhovnim nasleđem. Monaški ili parohijski život, u zavisnosti od statusa svetinje, doprinosi kontinuitetu bogosluženja i prenošenju predanja na mlađe naraštaje.ZNAČAJ: Manastir Manasija je važan deo crkvene, kulturne i istorijske mape Srbije. Njegov značaj nije samo verski, već i identitetski, jer svedoči o trajanju narodne pobožnosti, umetnosti i lokalnog pamćenja. Za potpuniji prikaz preporučuje se da se ovom zapisu naknadno dodaju provereni podaci o ktitoru, tačnoj godini nastanka, obnovama, poznatim svetinjama, freskama i drugim posebnostima vezanim baš za ovaj manastir.";;;nepoznato;Despot Stefan Lazarević;1407;Podaci dopunjeni;osm-overpass-exact;sr:Манастир Манасија;ok

miljkovo;Manastir Miljkovo;Istočna Srbija;Svilajnac;Manastir Miljkovo je pravoslavna svetinja u okviru Eparhije Braničevska.;44.1634572;21.1468104;odobren;Eparhija braničevska;"OPŠTI PODACI: Manastir Miljkovo nalazi se u okviru Eparhije braničevske i pripada korpusu značajnih pravoslavnih svetinja na prostoru Srbije. U evidenciji ovog projekta vezuje se za mesto ili šire područje Istočna Srbija. Manastir Miljkovo je pravoslavna svetinja u okviru Eparhije Braničevska. Manastirski kompleks se po pravilu sastoji od crkve, porte i pratećih objekata namenjenih bogosluženju i svakodnevnom monaškom životu.ISTORIJA: Tačna godina osnivanja, kao i ime prvobitnog ktitora, za ovaj zapis zahtevaju dodatnu proveru u pouzdanim crkvenim i istoriografskim izvorima. Ipak, za manastire ovog tipa uobičajeno je da su kroz vekove prolazili kroz periode gradnje, obnavljanja, a ponegde i razaranja usled ratova, seoba i političkih previranja. Zato je važno da se u daljoj obradi za Manastir Miljkovo dopune podaci o vremenu nastanka, eventualnim obnovama i ličnostima koje su učestvovale u njegovom podizanju ili obnovi. U aplikaciji ova sekcija može služiti kao mesto za unošenje konkretnih godina izgradnje, obnavljanja i restauracije čim budu potvrđene.ARHITEKTURA: Arhitektonska vrednost manastira ogleda se u spoju crkvene gradnje, uređenja enterijera i prilagođenosti prostora bogoslužbenoj funkciji. Poseban značaj obično imaju oltarski prostor, ikonostas, eventualni živopis, kao i sklad između hrama i prirodnog okruženja. Ako su sačuvani podaci o starijim fazama gradnje, ovde se kasnije mogu navesti stilske odlike, tip osnove hrama i najvažnije umetničke karakteristike.DUHOVNI ŽIVOT: Manastir Miljkovo ima značaj kao mesto molitve, liturgijskog sabranja i očuvanja pravoslavne tradicije. Na velike praznike i manastirsku slavu ovakve svetinje okupljaju vernike, hodočasnike i posetioce koji dolaze radi molitve, mira i upoznavanja sa duhovnim nasleđem. Monaški ili parohijski život, u zavisnosti od statusa svetinje, doprinosi kontinuitetu bogosluženja i prenošenju predanja na mlađe naraštaje.ZNAČAJ: Manastir Miljkovo je važan deo crkvene, kulturne i istorijske mape Srbije. Njegov značaj nije samo verski, već i identitetski, jer svedoči o trajanju narodne pobožnosti, umetnosti i lokalnog pamćenja. Za potpuniji prikaz preporučuje se da se ovom zapisu naknadno dodaju provereni podaci o ktitoru, tačnoj godini nastanka, obnovama, poznatim svetinjama, freskama i drugim posebnostima vezanim baš za ovaj manastir.";;https://manastiri.rs/eparhije/branicevska/manastir-miljkovo/;manastiri.rs;Knez Lazar;1374;Podaci dopunjeni;osm-overpass-exact;sr:Манастир Миљково;ok

namasija;Manastir Namasija;Istočna Srbija;Paraćin;Manastir Namasija je pravoslavna svetinja u okviru Eparhije Braničevska.;43.9388979;21.5287952;odobren;Eparhija braničevska;"'OPŠTI PODACI: Manastir Namasija nalazi se u okviru Eparhije braničevske i pripada korpusu značajnih pravoslavnih svetinja na prostoru Srbije. U evidenciji ovog projekta vezuje se za mesto ili šire područje Istočna Srbija. Manastir Namasija je pravoslavna svetinja u okviru Eparhije Braničevska. Manastirski kompleks se po pravilu sastoji od crkve, porte i pratećih objekata namenjenih bogosluženju i svakodnevnom monaškom životu.ISTORIJA: Tačna godina osnivanja, kao i ime prvobitnog ktitora, za ovaj zapis zahtevaju dodatnu proveru u pouzdanim crkvenim i istoriografskim izvorima. Ipak, za manastire ovog tipa uobičajeno je da su kroz vekove prolazili kroz periode gradnje, obnavljanja, a ponegde i razaranja usled ratova, seoba i političkih previranja. Zato je važno da se u daljoj obradi za Manastir Namasija dopune podaci o vremenu nastanka, eventualnim obnovama i ličnostima koje su učestvovale u njegovom podizanju ili obnovi. U aplikaciji ova sekcija može služiti kao mesto za unošenje konkretnih godina izgradnje, obnavljanja i restauracije čim budu potvrđene.ARHITEKTURA: Arhitektonska vrednost manastira ogleda se u spoju crkvene gradnje, uređenja enterijera i prilagođenosti prostora bogoslužbenoj funkciji. Poseban značaj obično imaju oltarski prostor, ikonostas, eventualni živopis, kao i sklad između hrama i prirodnog okruženja. Ako su sačuvani podaci o starijim fazama gradnje, ovde se kasnije mogu navesti stilske odlike, tip osnove hrama i najvažnije umetničke karakteristike.DUHOVNI ŽIVOT: Manastir Namasija ima značaj kao mesto molitve, liturgijskog sabranja i očuvanja pravoslavne tradicije. Na velike praznike i manastirsku slavu ovakve svetinje okupljaju vernike, hodočasnike i posetioce koji dolaze radi molitve, mira i upoznavanja sa duhovnim nasleđem. Monaški ili parohijski život, u zavisnosti od statusa svetinje, doprinosi kontinuitetu bogosluženja i prenošenju predanja na mlađe naraštaje.ZNAČAJ: Manastir Namasija je važan deo crkvene, kulturne i istorijske mape Srbije. Njegov značaj nije samo verski, već i identitetski, jer svedoči o trajanju narodne pobožnosti, umetnosti i lokalnog pamćenja. Za potpuniji prikaz preporučuje se da se ovom zapisu naknadno dodaju provereni podaci o ktitoru, tačnoj godini nastanka, obnovama, poznatim svetinjama, freskama i drugim posebnostima vezanim baš za ovaj manastir.'";;https://manastiri.rs/eparhije/branicevska/manastir-namasija/;manastiri.rs;Monah Namasija;1400;Podaci dopunjeni;manastiri.rs->google-maps;https://www.google.com/maps/place/Namasija+Monastery/@43.9388979,21.5287952,17z/data=!3m1!4b1!4m6!3m5!1s0x4756bbd725675d7f:0x9859f44f078a4897!8m2!3d43.9388979!4d21.5287952!16s%2Fg%2F122hpqyx?sa=X&ved=1t:2428&ictx=111&entry=tts&g_ep=EgoyMDI1MDIwOS4wIPu8ASoASAFQAw%3D%3D;ok;ok
nimnik;Manastir Nimnik;Istočna Srbija;Veliko Gradište;Kratak pregled: Manastir Nimnik je poznata pravoslavna svetinja u oblasti Istočna Srbija.;44.7269233;21.3551223;aktivan;Eparhija braničevska;"OPŠTI PODACI: Manastir Nimnik nalazi se u okviru Eparhije braničevske i pripada korpusu značajnih pravoslavnih svetinja na prostoru Srbije. U evidenciji ovog projekta vezuje se za mesto ili šire područje Požarevac. Kratak pregled: Manastir Nimnik je poznata pravoslavna svetinja u oblasti Istočna Srbija. Manastirski kompleks se po pravilu sastoji od crkve, porte i pratećih objekata namenjenih bogosluženju i svakodnevnom monaškom životu.ISTORIJA: Tačna godina osnivanja, kao i ime prvobitnog ktitora, za ovaj zapis zahtevaju dodatnu proveru u pouzdanim crkvenim i istoriografskim izvorima. Ipak, za manastire ovog tipa uobičajeno je da su kroz vekove prolazili kroz periode gradnje, obnavljanja, a ponegde i razaranja usled ratova, seoba i političkih previranja. Zato je važno da se u daljoj obradi za Manastir Nimnik dopune podaci o vremenu nastanka, eventualnim obnovama i ličnostima koje su učestvovale u njegovom podizanju ili obnovi. U aplikaciji ova sekcija može služiti kao mesto za unošenje konkretnih godina izgradnje, obnavljanja i restauracije čim budu potvrđene.ARHITEKTURA: Arhitektonska vrednost manastira ogleda se u spoju crkvene gradnje, uređenja enterijera i prilagođenosti prostora bogoslužbenoj funkciji. Poseban značaj obično imaju oltarski prostor, ikonostas, eventualni živopis, kao i sklad između hrama i prirodnog okruženja. Ako su sačuvani podaci o starijim fazama gradnje, ovde se kasnije mogu navesti stilske odlike, tip osnove hrama i najvažnije umetničke karakteristike.DUHOVNI ŽIVOT: Manastir Nimnik ima značaj kao mesto molitve, liturgijskog sabranja i očuvanja pravoslavne tradicije. Na velike praznike i manastirsku slavu ovakve svetinje okupljaju vernike, hodočasnike i posetioce koji dolaze radi molitve, mira i upoznavanja sa duhovnim nasleđem. Monaški ili parohijski život, u zavisnosti od statusa svetinje, doprinosi kontinuitetu bogosluženja i prenošenju predanja na mlađe naraštaje.ZNAČAJ: Manastir Nimnik je važan deo crkvene, kulturne i istorijske mape Srbije. Njegov značaj nije samo verski, već i identitetski, jer svedoči o trajanju narodne pobožnosti, umetnosti i lokalnog pamćenja. Za potpuniji prikaz preporučuje se da se ovom zapisu naknadno dodaju provereni podaci o ktitoru, tačnoj godini nastanka, obnovama, poznatim svetinjama, freskama i drugim posebnostima vezanim baš za ovaj manastir.";;;nepoznato;Knez Lazar;1389;Podaci dopunjeni;osm-overpass-exact;sr:Манастир Нимник;ok

pokajnica;Manastir Pokajnica;Pomoravlje;Velika Plana;Kratak pregled: Manastir Pokajnica je poznata pravoslavna svetinja u oblasti Pomoravlje.;44.3103483;21.0567482;aktivan;Eparhija braničevska;"OPŠTI PODACI: Manastir Pokajnica nalazi se u okviru Eparhije braničevske i pripada korpusu značajnih pravoslavnih svetinja na prostoru Srbije. U evidenciji ovog projekta vezuje se za mesto ili šire područje Velika Plana. Kratak pregled: Manastir Pokajnica je poznata pravoslavna svetinja u oblasti Pomoravlje. Manastirski kompleks se po pravilu sastoji od crkve, porte i pratećih objekata namenjenih bogosluženju i svakodnevnom monaškom životu.ISTORIJA: Tačna godina osnivanja, kao i ime prvobitnog ktitora, za ovaj zapis zahtevaju dodatnu proveru u pouzdanim crkvenim i istoriografskim izvorima. Ipak, za manastire ovog tipa uobičajeno je da su kroz vekove prolazili kroz periode gradnje, obnavljanja, a ponegde i razaranja usled ratova, seoba i političkih previranja. Zato je važno da se u daljoj obradi za Manastir Pokajnica dopune podaci o vremenu nastanka, eventualnim obnovama i ličnostima koje su učestvovale u njegovom podizanju ili obnovi. U aplikaciji ova sekcija može služiti kao mesto za unošenje konkretnih godina izgradnje, obnavljanja i restauracije čim budu potvrđene.ARHITEKTURA: Arhitektonska vrednost manastira ogleda se u spoju crkvene gradnje, uređenja enterijera i prilagođenosti prostora bogoslužbenoj funkciji. Poseban značaj obično imaju oltarski prostor, ikonostas, eventualni živopis, kao i sklad između hrama i prirodnog okruženja. Ako su sačuvani podaci o starijim fazama gradnje, ovde se kasnije mogu navesti stilske odlike, tip osnove hrama i najvažnije umetničke karakteristike.DUHOVNI ŽIVOT: Manastir Pokajnica ima značaj kao mesto molitve, liturgijskog sabranja i očuvanja pravoslavne tradicije. Na velike praznike i manastirsku slavu ovakve svetinje okupljaju vernike, hodočasnike i posetioce koji dolaze radi molitve, mira i upoznavanja sa duhovnim nasleđem. Monaški ili parohijski život, u zavisnosti od statusa svetinje, doprinosi kontinuitetu bogosluženja i prenošenju predanja na mlađe naraštaje.ZNAČAJ: Manastir Pokajnica je važan deo crkvene, kulturne i istorijske mape Srbije. Njegov značaj nije samo verski, već i identitetski, jer svedoči o trajanju narodne pobožnosti, umetnosti i lokalnog pamćenja. Za potpuniji prikaz preporučuje se da se ovom zapisu naknadno dodaju provereni podaci o ktitoru, tačnoj godini nastanka, obnovama, poznatim svetinjama, freskama i drugim posebnostima vezanim baš za ovaj manastir.";;;nepoznato;Vujica Vulićević;1818;Podaci dopunjeni;osm-overpass-exact;sr:Манастир Покајница;ok

radosin;Manastir Radošin;Šumadija;Svilajnac;Kratak pregled: Manastir Radošin je poznata pravoslavna svetinja u oblasti Šumadija.;44.1124233;21.1996684;aktivan;Eparhija braničevska;"OPŠTI PODACI: Manastir Radošin nalazi se u okviru Eparhije braničevske i pripada korpusu značajnih pravoslavnih svetinja na prostoru Srbije. U evidenciji ovog projekta vezuje se za mesto ili šire područje Kragujevac. Kratak pregled: Manastir Radošin je poznata pravoslavna svetinja u oblasti Šumadija. Manastirski kompleks se po pravilu sastoji od crkve, porte i pratećih objekata namenjenih bogosluženju i svakodnevnom monaškom životu.ISTORIJA: Tačna godina osnivanja, kao i ime prvobitnog ktitora, za ovaj zapis zahtevaju dodatnu proveru u pouzdanim crkvenim i istoriografskim izvorima. Ipak, za manastire ovog tipa uobičajeno je da su kroz vekove prolazili kroz periode gradnje, obnavljanja, a ponegde i razaranja usled ratova, seoba i političkih previranja. Zato je važno da se u daljoj obradi za Manastir Radošin dopune podaci o vremenu nastanka, eventualnim obnovama i ličnostima koje su učestvovale u njegovom podizanju ili obnovi. U aplikaciji ova sekcija može služiti kao mesto za unošenje konkretnih godina izgradnje, obnavljanja i restauracije čim budu potvrđene.ARHITEKTURA: Arhitektonska vrednost manastira ogleda se u spoju crkvene gradnje, uređenja enterijera i prilagođenosti prostora bogoslužbenoj funkciji. Poseban značaj obično imaju oltarski prostor, ikonostas, eventualni živopis, kao i sklad između hrama i prirodnog okruženja. Ako su sačuvani podaci o starijim fazama gradnje, ovde se kasnije mogu navesti stilske odlike, tip osnove hrama i najvažnije umetničke karakteristike.DUHOVNI ŽIVOT: Manastir Radošin ima značaj kao mesto molitve, liturgijskog sabranja i očuvanja pravoslavne tradicije. Na velike praznike i manastirsku slavu ovakve svetinje okupljaju vernike, hodočasnike i posetioce koji dolaze radi molitve, mira i upoznavanja sa duhovnim nasleđem. Monaški ili parohijski život, u zavisnosti od statusa svetinje, doprinosi kontinuitetu bogosluženja i prenošenju predanja na mlađe naraštaje.ZNAČAJ: Manastir Radošin je važan deo crkvene, kulturne i istorijske mape Srbije. Njegov značaj nije samo verski, već i identitetski, jer svedoči o trajanju narodne pobožnosti, umetnosti i lokalnog pamćenja. Za potpuniji prikaz preporučuje se da se ovom zapisu naknadno dodaju provereni podaci o ktitoru, tačnoj godini nastanka, obnovama, poznatim svetinjama, freskama i drugim posebnostima vezanim baš za ovaj manastir.";;;nepoznato;Despot Stefan Lazarević;1427;Podaci dopunjeni;;;ok

ravanica;Manastir Ravanica;Pomoravlje;Ćuprija;Kratak pregled: Manastir Ravanica je poznata pravoslavna svetinja u oblasti Pomoravlje.;43.9728114;21.496462;aktivan;Eparhija braničevska;"OPŠTI PODACI: Manastir Ravanica nalazi se u okviru Eparhije braničevske i pripada korpusu značajnih pravoslavnih svetinja na prostoru Srbije. U evidenciji ovog projekta vezuje se za mesto ili šire područje Ćuprija. Kratak pregled: Manastir Ravanica je poznata pravoslavna svetinja u oblasti Pomoravlje. Manastirski kompleks se po pravilu sastoji od crkve, porte i pratećih objekata namenjenih bogosluženju i svakodnevnom monaškom životu.ISTORIJA: Tačna godina osnivanja, kao i ime prvobitnog ktitora, za ovaj zapis zahtevaju dodatnu proveru u pouzdanim crkvenim i istoriografskim izvorima. Ipak, za manastire ovog tipa uobičajeno je da su kroz vekove prolazili kroz periode gradnje, obnavljanja, a ponegde i razaranja usled ratova, seoba i političkih previranja. Zato je važno da se u daljoj obradi za Manastir Ravanica dopune podaci o vremenu nastanka, eventualnim obnovama i ličnostima koje su učestvovale u njegovom podizanju ili obnovi. U aplikaciji ova sekcija može služiti kao mesto za unošenje konkretnih godina izgradnje, obnavljanja i restauracije čim budu potvrđene.ARHITEKTURA: Arhitektonska vrednost manastira ogleda se u spoju crkvene gradnje, uređenja enterijera i prilagođenosti prostora bogoslužbenoj funkciji. Poseban značaj obično imaju oltarski prostor, ikonostas, eventualni živopis, kao i sklad između hrama i prirodnog okruženja. Ako su sačuvani podaci o starijim fazama gradnje, ovde se kasnije mogu navesti stilske odlike, tip osnove hrama i najvažnije umetničke karakteristike.DUHOVNI ŽIVOT: Manastir Ravanica ima značaj kao mesto molitve, liturgijskog sabranja i očuvanja pravoslavne tradicije. Na velike praznike i manastirsku slavu ovakve svetinje okupljaju vernike, hodočasnike i posetioce koji dolaze radi molitve, mira i upoznavanja sa duhovnim nasleđem. Monaški ili parohijski život, u zavisnosti od statusa svetinje, doprinosi kontinuitetu bogosluženja i prenošenju predanja na mlađe naraštaje.ZNAČAJ: Manastir Ravanica je važan deo crkvene, kulturne i istorijske mape Srbije. Njegov značaj nije samo verski, već i identitetski, jer svedoči o trajanju narodne pobožnosti, umetnosti i lokalnog pamćenja. Za potpuniji prikaz preporučuje se da se ovom zapisu naknadno dodaju provereni podaci o ktitoru, tačnoj godini nastanka, obnovama, poznatim svetinjama, freskama i drugim posebnostima vezanim baš za ovaj manastir.";;;nepoznato;Knez Lazar;1375;Podaci dopunjeni;osm-overpass-exact;sr:Манастир Раваница;ok

reskovica;Manastir Reškovica;Istočna Srbija;Petrovac na Mlavi;Manastir Reškovica je pravoslavna svetinja u okviru Eparhije Braničevska.;44.3150152;21.5300586;odobren;Eparhija braničevska;"'OPŠTI PODACI: Manastir Reškovica nalazi se u okviru Eparhije braničevske i pripada korpusu značajnih pravoslavnih svetinja na prostoru Srbije. U evidenciji ovog projekta vezuje se za mesto ili šire područje Istočna Srbija. Manastir Reškovica je pravoslavna svetinja u okviru Eparhije Braničevska. Manastirski kompleks se po pravilu sastoji od crkve, porte i pratećih objekata namenjenih bogosluženju i svakodnevnom monaškom životu.ISTORIJA: Tačna godina osnivanja, kao i ime prvobitnog ktitora, za ovaj zapis zahtevaju dodatnu proveru u pouzdanim crkvenim i istoriografskim izvorima. Ipak, za manastire ovog tipa uobičajeno je da su kroz vekove prolazili kroz periode gradnje, obnavljanja, a ponegde i razaranja usled ratova, seoba i političkih previranja. Zato je važno da se u daljoj obradi za Manastir Reškovica dopune podaci o vremenu nastanka, eventualnim obnovama i ličnostima koje su učestvovale u njegovom podizanju ili obnovi. U aplikaciji ova sekcija može služiti kao mesto za unošenje konkretnih godina izgradnje, obnavljanja i restauracije čim budu potvrđene.ARHITEKTURA: Arhitektonska vrednost manastira ogleda se u spoju crkvene gradnje, uređenja enterijera i prilagođenosti prostora bogoslužbenoj funkciji. Poseban značaj obično imaju oltarski prostor, ikonostas, eventualni živopis, kao i sklad između hrama i prirodnog okruženja. Ako su sačuvani podaci o starijim fazama gradnje, ovde se kasnije mogu navesti stilske odlike, tip osnove hrama i najvažnije umetničke karakteristike.DUHOVNI ŽIVOT: Manastir Reškovica ima značaj kao mesto molitve, liturgijskog sabranja i očuvanja pravoslavne tradicije. Na velike praznike i manastirsku slavu ovakve svetinje okupljaju vernike, hodočasnike i posetioce koji dolaze radi molitve, mira i upoznavanja sa duhovnim nasleđem. Monaški ili parohijski život, u zavisnosti od statusa svetinje, doprinosi kontinuitetu bogosluženja i prenošenju predanja na mlađe naraštaje.ZNAČAJ: Manastir Reškovica je važan deo crkvene, kulturne i istorijske mape Srbije. Njegov značaj nije samo verski, već i identitetski, jer svedoči o trajanju narodne pobožnosti, umetnosti i lokalnog pamćenja. Za potpuniji prikaz preporučuje se da se ovom zapisu naknadno dodaju provereni podaci o ktitoru, tačnoj godini nastanka, obnovama, poznatim svetinjama, freskama i drugim posebnostima vezanim baš za ovaj manastir.'";;https://manastiri.rs/eparhije/branicevska/manastir-reskovica/;manastiri.rs;Knez Lazar;1380;Podaci dopunjeni;manastiri.rs->google-maps;https://www.google.com/maps/place/%D0%9C%D0%B0%D0%BD%D0%B0%D1%81%D1%82%D0%B8%D1%80+%D0%A0%D0%B5%D1%88%D0%BA%D0%BE%D0%B2%D0%B8%D1%86%D0%B0,+%D0%96%D0%B4%D1%80%D0%B5%D0%BB%D0%BE/@44.3150152,21.5300586,17z/data=!3m1!4b1!4m6!3m5!1s0x47513a3bff3fc317:0xb95eac53b0e588f6!8m2!3d44.3150152!4d21.5300586!16s%2Fg%2F122t1qmp?entry=tts&g_ep=EgoyMDI1MDQwOS4wIPu8ASoASAFQAw%3D%3D&skid=6185b116-b1ef-4787-987e-f00215b26882;ok;ok
rukumija;Manastir Rukumija;Istočna Srbija;Požarevac;Kratak pregled: Manastir Rukumija je poznata pravoslavna svetinja u oblasti Istočna Srbija.;44.6971025;21.2085356;aktivan;Eparhija braničevska;"OPŠTI PODACI: Manastir Rukumija nalazi se u okviru Eparhije braničevske i pripada korpusu značajnih pravoslavnih svetinja na prostoru Srbije. U evidenciji ovog projekta vezuje se za mesto ili šire područje Požarevac. Kratak pregled: Manastir Rukumija je poznata pravoslavna svetinja u oblasti Istočna Srbija. Manastirski kompleks se po pravilu sastoji od crkve, porte i pratećih objekata namenjenih bogosluženju i svakodnevnom monaškom životu.ISTORIJA: Tačna godina osnivanja, kao i ime prvobitnog ktitora, za ovaj zapis zahtevaju dodatnu proveru u pouzdanim crkvenim i istoriografskim izvorima. Ipak, za manastire ovog tipa uobičajeno je da su kroz vekove prolazili kroz periode gradnje, obnavljanja, a ponegde i razaranja usled ratova, seoba i političkih previranja. Zato je važno da se u daljoj obradi za Manastir Rukumija dopune podaci o vremenu nastanka, eventualnim obnovama i ličnostima koje su učestvovale u njegovom podizanju ili obnovi. U aplikaciji ova sekcija može služiti kao mesto za unošenje konkretnih godina izgradnje, obnavljanja i restauracije čim budu potvrđene.ARHITEKTURA: Arhitektonska vrednost manastira ogleda se u spoju crkvene gradnje, uređenja enterijera i prilagođenosti prostora bogoslužbenoj funkciji. Poseban značaj obično imaju oltarski prostor, ikonostas, eventualni živopis, kao i sklad između hrama i prirodnog okruženja. Ako su sačuvani podaci o starijim fazama gradnje, ovde se kasnije mogu navesti stilske odlike, tip osnove hrama i najvažnije umetničke karakteristike.DUHOVNI ŽIVOT: Manastir Rukumija ima značaj kao mesto molitve, liturgijskog sabranja i očuvanja pravoslavne tradicije. Na velike praznike i manastirsku slavu ovakve svetinje okupljaju vernike, hodočasnike i posetioce koji dolaze radi molitve, mira i upoznavanja sa duhovnim nasleđem. Monaški ili parohijski život, u zavisnosti od statusa svetinje, doprinosi kontinuitetu bogosluženja i prenošenju predanja na mlađe naraštaje.ZNAČAJ: Manastir Rukumija je važan deo crkvene, kulturne i istorijske mape Srbije. Njegov značaj nije samo verski, već i identitetski, jer svedoči o trajanju narodne pobožnosti, umetnosti i lokalnog pamćenja. Za potpuniji prikaz preporučuje se da se ovom zapisu naknadno dodaju provereni podaci o ktitoru, tačnoj godini nastanka, obnovama, poznatim svetinjama, freskama i drugim posebnostima vezanim baš za ovaj manastir.";;;nepoznato;Knez Lazar;1380;Podaci dopunjeni;nominatim-second-pass;Manastir Manastir Rukumija, Požarevac, Srbija;ok

sestroljin;Manastir Sestroljin;Istočna Srbija;Požarevac;Manastir Sestroljin je pravoslavna svetinja u okviru Eparhije Braničevska.;44.545713;21.198583;odobren;Eparhija braničevska;"'OPŠTI PODACI: Manastir Sestroljin nalazi se u okviru Eparhije braničevske i pripada korpusu značajnih pravoslavnih svetinja na prostoru Srbije. U evidenciji ovog projekta vezuje se za mesto ili šire područje Istočna Srbija. Manastir Sestroljin je pravoslavna svetinja u okviru Eparhije Braničevska. Manastirski kompleks se po pravilu sastoji od crkve, porte i pratećih objekata namenjenih bogosluženju i svakodnevnom monaškom životu.ISTORIJA: Tačna godina osnivanja, kao i ime prvobitnog ktitora, za ovaj zapis zahtevaju dodatnu proveru u pouzdanim crkvenim i istoriografskim izvorima. Ipak, za manastire ovog tipa uobičajeno je da su kroz vekove prolazili kroz periode gradnje, obnavljanja, a ponegde i razaranja usled ratova, seoba i političkih previranja. Zato je važno da se u daljoj obradi za Manastir Sestroljin dopune podaci o vremenu nastanka, eventualnim obnovama i ličnostima koje su učestvovale u njegovom podizanju ili obnovi. U aplikaciji ova sekcija može služiti kao mesto za unošenje konkretnih godina izgradnje, obnavljanja i restauracije čim budu potvrđene.ARHITEKTURA: Arhitektonska vrednost manastira ogleda se u spoju crkvene gradnje, uređenja enterijera i prilagođenosti prostora bogoslužbenoj funkciji. Poseban značaj obično imaju oltarski prostor, ikonostas, eventualni živopis, kao i sklad između hrama i prirodnog okruženja. Ako su sačuvani podaci o starijim fazama gradnje, ovde se kasnije mogu navesti stilske odlike, tip osnove hrama i najvažnije umetničke karakteristike.DUHOVNI ŽIVOT: Manastir Sestroljin ima značaj kao mesto molitve, liturgijskog sabranja i očuvanja pravoslavne tradicije. Na velike praznike i manastirsku slavu ovakve svetinje okupljaju vernike, hodočasnike i posetioce koji dolaze radi molitve, mira i upoznavanja sa duhovnim nasleđem. Monaški ili parohijski život, u zavisnosti od statusa svetinje, doprinosi kontinuitetu bogosluženja i prenošenju predanja na mlađe naraštaje.ZNAČAJ: Manastir Sestroljin je važan deo crkvene, kulturne i istorijske mape Srbije. Njegov značaj nije samo verski, već i identitetski, jer svedoči o trajanju narodne pobožnosti, umetnosti i lokalnog pamćenja. Za potpuniji prikaz preporučuje se da se ovom zapisu naknadno dodaju provereni podaci o ktitoru, tačnoj godini nastanka, obnovama, poznatim svetinjama, freskama i drugim posebnostima vezanim baš za ovaj manastir.'";;https://manastiri.rs/eparhije/branicevska/manastir-sestroljin/;manastiri.rs;Knez Lazar;1380;Podaci dopunjeni;osm-overpass-exact;https://www.google.com/maps?q=44.545713,21.198583;ok;ok
sisojevac;Manastir Sisojevac;Pomoravlje;Despotovac;Kratak pregled: Manastir Sisojevac je poznata pravoslavna svetinja u oblasti Pomoravlje.;43.9558384;21.5814327;aktivan;Eparhija braničevska;"OPŠTI PODACI: Manastir Sisojevac nalazi se u okviru Eparhije braničevske i pripada korpusu značajnih pravoslavnih svetinja na prostoru Srbije. U evidenciji ovog projekta vezuje se za mesto ili šire područje Despotovac. Kratak pregled: Manastir Sisojevac je poznata pravoslavna svetinja u oblasti Pomoravlje. Manastirski kompleks se po pravilu sastoji od crkve, porte i pratećih objekata namenjenih bogosluženju i svakodnevnom monaškom životu.ISTORIJA: Tačna godina osnivanja, kao i ime prvobitnog ktitora, za ovaj zapis zahtevaju dodatnu proveru u pouzdanim crkvenim i istoriografskim izvorima. Ipak, za manastire ovog tipa uobičajeno je da su kroz vekove prolazili kroz periode gradnje, obnavljanja, a ponegde i razaranja usled ratova, seoba i političkih previranja. Zato je važno da se u daljoj obradi za Manastir Sisojevac dopune podaci o vremenu nastanka, eventualnim obnovama i ličnostima koje su učestvovale u njegovom podizanju ili obnovi. U aplikaciji ova sekcija može služiti kao mesto za unošenje konkretnih godina izgradnje, obnavljanja i restauracije čim budu potvrđene.ARHITEKTURA: Arhitektonska vrednost manastira ogleda se u spoju crkvene gradnje, uređenja enterijera i prilagođenosti prostora bogoslužbenoj funkciji. Poseban značaj obično imaju oltarski prostor, ikonostas, eventualni živopis, kao i sklad između hrama i prirodnog okruženja. Ako su sačuvani podaci o starijim fazama gradnje, ovde se kasnije mogu navesti stilske odlike, tip osnove hrama i najvažnije umetničke karakteristike.DUHOVNI ŽIVOT: Manastir Sisojevac ima značaj kao mesto molitve, liturgijskog sabranja i očuvanja pravoslavne tradicije. Na velike praznike i manastirsku slavu ovakve svetinje okupljaju vernike, hodočasnike i posetioce koji dolaze radi molitve, mira i upoznavanja sa duhovnim nasleđem. Monaški ili parohijski život, u zavisnosti od statusa svetinje, doprinosi kontinuitetu bogosluženja i prenošenju predanja na mlađe naraštaje.ZNAČAJ: Manastir Sisojevac je važan deo crkvene, kulturne i istorijske mape Srbije. Njegov značaj nije samo verski, već i identitetski, jer svedoči o trajanju narodne pobožnosti, umetnosti i lokalnog pamćenja. Za potpuniji prikaz preporučuje se da se ovom zapisu naknadno dodaju provereni podaci o ktitoru, tačnoj godini nastanka, obnovama, poznatim svetinjama, freskama i drugim posebnostima vezanim baš za ovaj manastir.";;;nepoznato;Monah Sisoje Sinait;1389;Podaci dopunjeni;nominatim-second-pass;Manastir Manastir Sisojevac, Pomoravlje, Srbija;ok

tomic;Manastir Tomić;Istočna Srbija;Despotovac;Manastir Tomić je pravoslavna svetinja u okviru Eparhije Braničevska.;44.0708934;21.2252655;odobren;Eparhija braničevska;"'OPŠTI PODACI: Manastir Tomić nalazi se u okviru Eparhije braničevske i pripada korpusu značajnih pravoslavnih svetinja na prostoru Srbije. U evidenciji ovog projekta vezuje se za mesto ili šire područje Istočna Srbija. Manastir Tomić je pravoslavna svetinja u okviru Eparhije Braničevska. Manastirski kompleks se po pravilu sastoji od crkve, porte i pratećih objekata namenjenih bogosluženju i svakodnevnom monaškom životu.ISTORIJA: Tačna godina osnivanja, kao i ime prvobitnog ktitora, za ovaj zapis zahtevaju dodatnu proveru u pouzdanim crkvenim i istoriografskim izvorima. Ipak, za manastire ovog tipa uobičajeno je da su kroz vekove prolazili kroz periode gradnje, obnavljanja, a ponegde i razaranja usled ratova, seoba i političkih previranja. Zato je važno da se u daljoj obradi za Manastir Tomić dopune podaci o vremenu nastanka, eventualnim obnovama i ličnostima koje su učestvovale u njegovom podizanju ili obnovi. U aplikaciji ova sekcija može služiti kao mesto za unošenje konkretnih godina izgradnje, obnavljanja i restauracije čim budu potvrđene.ARHITEKTURA: Arhitektonska vrednost manastira ogleda se u spoju crkvene gradnje, uređenja enterijera i prilagođenosti prostora bogoslužbenoj funkciji. Poseban značaj obično imaju oltarski prostor, ikonostas, eventualni živopis, kao i sklad između hrama i prirodnog okruženja. Ako su sačuvani podaci o starijim fazama gradnje, ovde se kasnije mogu navesti stilske odlike, tip osnove hrama i najvažnije umetničke karakteristike.DUHOVNI ŽIVOT: Manastir Tomić ima značaj kao mesto molitve, liturgijskog sabranja i očuvanja pravoslavne tradicije. Na velike praznike i manastirsku slavu ovakve svetinje okupljaju vernike, hodočasnike i posetioce koji dolaze radi molitve, mira i upoznavanja sa duhovnim nasleđem. Monaški ili parohijski život, u zavisnosti od statusa svetinje, doprinosi kontinuitetu bogosluženja i prenošenju predanja na mlađe naraštaje.ZNAČAJ: Manastir Tomić je važan deo crkvene, kulturne i istorijske mape Srbije. Njegov značaj nije samo verski, već i identitetski, jer svedoči o trajanju narodne pobožnosti, umetnosti i lokalnog pamćenja. Za potpuniji prikaz preporučuje se da se ovom zapisu naknadno dodaju provereni podaci o ktitoru, tačnoj godini nastanka, obnovama, poznatim svetinjama, freskama i drugim posebnostima vezanim baš za ovaj manastir.'";;https://manastiri.rs/eparhije/branicevska/manastir-tomic/;manastiri.rs;Zetan Tomić;1400;Podaci dopunjeni;manastiri.rs->google-maps;https://www.google.com/maps/place/Monastery+Tomic/@44.0708934,21.2252655,17z/data=!3m1!4b1!4m6!3m5!1s0x4756d03a58955555:0x5cd6c09172c1505e!8m2!3d44.0708896!4d21.2278404!16s%2Fg%2F11txmzfq8n?entry=tts&g_ep=EgoyMDI0MDcyNC4wKgBIAVAD;ok;ok
trska-crkva;Manastir Trška Crkva;Istočna Srbija;Žagubica;Manastir Trška Crkva je pravoslavna svetinja u okviru Eparhije Braničevska.;44.2270844;21.748015;odobren;Eparhija braničevska;"OPŠTI PODACI: Manastir Trška Crkva nalazi se u okviru Eparhije braničevske i pripada korpusu značajnih pravoslavnih svetinja na prostoru Srbije. U evidenciji ovog projekta vezuje se za mesto ili šire područje Istočna Srbija. Manastir Trška Crkva je pravoslavna svetinja u okviru Eparhije Braničevska. Manastirski kompleks se po pravilu sastoji od crkve, porte i pratećih objekata namenjenih bogosluženju i svakodnevnom monaškom životu.ISTORIJA: Tačna godina osnivanja, kao i ime prvobitnog ktitora, za ovaj zapis zahtevaju dodatnu proveru u pouzdanim crkvenim i istoriografskim izvorima. Ipak, za manastire ovog tipa uobičajeno je da su kroz vekove prolazili kroz periode gradnje, obnavljanja, a ponegde i razaranja usled ratova, seoba i političkih previranja. Zato je važno da se u daljoj obradi za Manastir Trška Crkva dopune podaci o vremenu nastanka, eventualnim obnovama i ličnostima koje su učestvovale u njegovom podizanju ili obnovi. U aplikaciji ova sekcija može služiti kao mesto za unošenje konkretnih godina izgradnje, obnavljanja i restauracije čim budu potvrđene.ARHITEKTURA: Arhitektonska vrednost manastira ogleda se u spoju crkvene gradnje, uređenja enterijera i prilagođenosti prostora bogoslužbenoj funkciji. Poseban značaj obično imaju oltarski prostor, ikonostas, eventualni živopis, kao i sklad između hrama i prirodnog okruženja. Ako su sačuvani podaci o starijim fazama gradnje, ovde se kasnije mogu navesti stilske odlike, tip osnove hrama i najvažnije umetničke karakteristike.DUHOVNI ŽIVOT: Manastir Trška Crkva ima značaj kao mesto molitve, liturgijskog sabranja i očuvanja pravoslavne tradicije. Na velike praznike i manastirsku slavu ovakve svetinje okupljaju vernike, hodočasnike i posetioce koji dolaze radi molitve, mira i upoznavanja sa duhovnim nasleđem. Monaški ili parohijski život, u zavisnosti od statusa svetinje, doprinosi kontinuitetu bogosluženja i prenošenju predanja na mlađe naraštaje.ZNAČAJ: Manastir Trška Crkva je važan deo crkvene, kulturne i istorijske mape Srbije. Njegov značaj nije samo verski, već i identitetski, jer svedoči o trajanju narodne pobožnosti, umetnosti i lokalnog pamćenja. Za potpuniji prikaz preporučuje se da se ovom zapisu naknadno dodaju provereni podaci o ktitoru, tačnoj godini nastanka, obnovama, poznatim svetinjama, freskama i drugim posebnostima vezanim baš za ovaj manastir.";;https://manastiri.rs/eparhije/branicevska/manastir-trska-crkva/;manastiri.rs;Nepoznat;1200;Podaci dopunjeni;osm-overpass-exact;sr:Тршка црква;ok

tumane;Manastir Tumane;Istočna Srbija;Golubac;Kratak pregled: Manastir Tumane je poznata pravoslavna svetinja u oblasti Istočna Srbija.;44.5915013;21.6439607;aktivan;Eparhija braničevska;"'OPŠTI PODACI: Manastir Tumane nalazi se u okviru Eparhije braničevske i pripada korpusu značajnih pravoslavnih svetinja na prostoru Srbije. U evidenciji ovog projekta vezuje se za mesto ili šire područje Golubac. Kratak pregled: Manastir Tumane je poznata pravoslavna svetinja u oblasti Istočna Srbija. Manastirski kompleks se po pravilu sastoji od crkve, porte i pratećih objekata namenjenih bogosluženju i svakodnevnom monaškom životu.ISTORIJA: Tačna godina osnivanja, kao i ime prvobitnog ktitora, za ovaj zapis zahtevaju dodatnu proveru u pouzdanim crkvenim i istoriografskim izvorima. Ipak, za manastire ovog tipa uobičajeno je da su kroz vekove prolazili kroz periode gradnje, obnavljanja, a ponegde i razaranja usled ratova, seoba i političkih previranja. Zato je važno da se u daljoj obradi za Manastir Tumane dopune podaci o vremenu nastanka, eventualnim obnovama i ličnostima koje su učestvovale u njegovom podizanju ili obnovi. U aplikaciji ova sekcija može služiti kao mesto za unošenje konkretnih godina izgradnje, obnavljanja i restauracije čim budu potvrđene.ARHITEKTURA: Arhitektonska vrednost manastira ogleda se u spoju crkvene gradnje, uređenja enterijera i prilagođenosti prostora bogoslužbenoj funkciji. Poseban značaj obično imaju oltarski prostor, ikonostas, eventualni živopis, kao i sklad između hrama i prirodnog okruženja. Ako su sačuvani podaci o starijim fazama gradnje, ovde se kasnije mogu navesti stilske odlike, tip osnove hrama i najvažnije umetničke karakteristike.DUHOVNI ŽIVOT: Manastir Tumane ima značaj kao mesto molitve, liturgijskog sabranja i očuvanja pravoslavne tradicije. Na velike praznike i manastirsku slavu ovakve svetinje okupljaju vernike, hodočasnike i posetioce koji dolaze radi molitve, mira i upoznavanja sa duhovnim nasleđem. Monaški ili parohijski život, u zavisnosti od statusa svetinje, doprinosi kontinuitetu bogosluženja i prenošenju predanja na mlađe naraštaje.ZNAČAJ: Manastir Tumane je važan deo crkvene, kulturne i istorijske mape Srbije. Njegov značaj nije samo verski, već i identitetski, jer svedoči o trajanju narodne pobožnosti, umetnosti i lokalnog pamćenja. Za potpuniji prikaz preporučuje se da se ovom zapisu naknadno dodaju provereni podaci o ktitoru, tačnoj godini nastanka, obnovama, poznatim svetinjama, freskama i drugim posebnostima vezanim baš za ovaj manastir.'; ; ; nepoznato; Miloš Obilić; 1380; Podaci dopunjeni; osm-overpass-exact; https://www.google.com/maps?q=44.5915013,21.6439607; ok; ok vitovnica; Manastir Vitovnica; Istočna Srbija; Petrovac na Mlavi; Kratak pregled: Manastir Vitovnica je poznata pravoslavna svetinja u oblasti Istočna Srbija.; 44.3785312; 21.5438878; aktivan; Eparhija braničevska; 'OPŠTI PODACI: Manastir Vitovnica nalazi se u okviru Eparhije braničevske i pripada korpusu značajnih pravoslavnih svetinja na prostoru Srbije. U evidenciji ovog projekta vezuje se za mesto ili šire područje Petrovac na Mlavi. Kratak pregled: Manastir Vitovnica je poznata pravoslavna svetinja u oblasti Istočna Srbija. Manastirski kompleks se po pravilu sastoji od crkve, porte i pratećih objekata namenjenih bogosluženju i svakodnevnom monaškom životu.ISTORIJA: Tačna godina osnivanja, kao i ime prvobitnog ktitora, za ovaj zapis zahtevaju dodatnu proveru u pouzdanim crkvenim i istoriografskim izvorima. Ipak, za manastire ovog tipa uobičajeno je da su kroz vekove prolazili kroz periode gradnje, obnavljanja, a ponegde i razaranja usled ratova, seoba i političkih previranja. Zato je važno da se u daljoj obradi za Manastir Vitovnica dopune podaci o vremenu nastanka, eventualnim obnovama i ličnostima koje su učestvovale u njegovom podizanju ili obnovi. U aplikaciji ova sekcija može služiti kao mesto za unošenje konkretnih godina izgradnje, obnavljanja i restauracije čim budu potvrđene.ARHITEKTURA: Arhitektonska vrednost manastira ogleda se u spoju crkvene gradnje, uređenja enterijera i prilagođenosti prostora bogoslužbenoj funkciji. Poseban značaj obično imaju oltarski prostor, ikonostas, eventualni živopis, kao i sklad između hrama i prirodnog okruženja. Ako su sačuvani podaci o starijim fazama gradnje, ovde se kasnije mogu navesti stilske odlike, tip osnove hrama i najvažnije umetničke karakteristike.DUHOVNI ŽIVOT: Manastir Vitovnica ima značaj kao mesto molitve, liturgijskog sabranja i očuvanja pravoslavne tradicije. Na velike praznike i manastirsku slavu ovakve svetinje okupljaju vernike, hodočasnike i posetioce koji dolaze radi molitve, mira i upoznavanja sa duhovnim nasleđem. Monaški ili parohijski život, u zavisnosti od statusa svetinje, doprinosi kontinuitetu bogosluženja i prenošenju predanja na mlađe naraštaje.ZNAČAJ: Manastir Vitovnica je važan deo crkvene, kulturne i istorijske mape Srbije. Njegov značaj nije samo verski, već i identitetski, jer svedoči o trajanju narodne pobožnosti, umetnosti i lokalnog pamćenja. Za potpuniji prikaz preporučuje se da se ovom zapisu naknadno dodaju provereni podaci o ktitoru, tačnoj godini nastanka, obnovama, poznatim svetinjama, freskama i drugim posebnostima vezanim baš za ovaj manastir.'";;;nepoznato;Kralj Milutin;1291;Podaci dopunjeni;osm-overpass-exact;https://www.google.com/maps?q=44.3785312,21.5438878;ok;ok
zaova;Manastir Zaova;Istočna Srbija;Požarevac;Manastir Zaova je pravoslavna svetinja u okviru Eparhije Braničevska.;44.5030337;21.2744438;odobren;Eparhija braničevska;"'OPŠTI PODACI: Manastir Zaova nalazi se u okviru Eparhije braničevske i pripada korpusu značajnih pravoslavnih svetinja na prostoru Srbije. U evidenciji ovog projekta vezuje se za mesto ili šire područje Istočna Srbija. Manastir Zaova je pravoslavna svetinja u okviru Eparhije Braničevska. Manastirski kompleks se po pravilu sastoji od crkve, porte i pratećih objekata namenjenih bogosluženju i svakodnevnom monaškom životu.ISTORIJA: Tačna godina osnivanja, kao i ime prvobitnog ktitora, za ovaj zapis zahtevaju dodatnu proveru u pouzdanim crkvenim i istoriografskim izvorima. Ipak, za manastire ovog tipa uobičajeno je da su kroz vekove prolazili kroz periode gradnje, obnavljanja, a ponegde i razaranja usled ratova, seoba i političkih previranja. Zato je važno da se u daljoj obradi za Manastir Zaova dopune podaci o vremenu nastanka, eventualnim obnovama i ličnostima koje su učestvovale u njegovom podizanju ili obnovi. U aplikaciji ova sekcija može služiti kao mesto za unošenje konkretnih godina izgradnje, obnavljanja i restauracije čim budu potvrđene.ARHITEKTURA: Arhitektonska vrednost manastira ogleda se u spoju crkvene gradnje, uređenja enterijera i prilagođenosti prostora bogoslužbenoj funkciji. Poseban značaj obično imaju oltarski prostor, ikonostas, eventualni živopis, kao i sklad između hrama i prirodnog okruženja. Ako su sačuvani podaci o starijim fazama gradnje, ovde se kasnije mogu navesti stilske odlike, tip osnove hrama i najvažnije umetničke karakteristike.DUHOVNI ŽIVOT: Manastir Zaova ima značaj kao mesto molitve, liturgijskog sabranja i očuvanja pravoslavne tradicije. Na velike praznike i manastirsku slavu ovakve svetinje okupljaju vernike, hodočasnike i posetioce koji dolaze radi molitve, mira i upoznavanja sa duhovnim nasleđem. Monaški ili parohijski život, u zavisnosti od statusa svetinje, doprinosi kontinuitetu bogosluženja i prenošenju predanja na mlađe naraštaje.ZNAČAJ: Manastir Zaova je važan deo crkvene, kulturne i istorijske mape Srbije. Njegov značaj nije samo verski, već i identitetski, jer svedoči o trajanju narodne pobožnosti, umetnosti i lokalnog pamćenja. Za potpuniji prikaz preporučuje se da se ovom zapisu naknadno dodaju provereni podaci o ktitoru, tačnoj godini nastanka, obnovama, poznatim svetinjama, freskama i drugim posebnostima vezanim baš za ovaj manastir.'";;https://manastiri.rs/eparhije/branicevska/manastir-zaova/;manastiri.rs;Knez Lazar;1380;Podaci dopunjeni;osm-overpass-exact;https://www.google.com/maps?q=44.5030337,21.2744438;ok;ok
zlatenac;Manastir Zlatenac;Istočna Srbija;Svilajnac;Manastir Zlatenac je pravoslavna svetinja u okviru Eparhije Braničevska.;44.1468009;21.1672126;odobren;Eparhija braničevska;"OPŠTI PODACI: Manastir Zlatenac nalazi se u okviru Eparhije braničevske i pripada korpusu značajnih pravoslavnih svetinja na prostoru Srbije. U evidenciji ovog projekta vezuje se za mesto ili šire područje Istočna Srbija. Manastir Zlatenac je pravoslavna svetinja u okviru Eparhije Braničevska. Manastirski kompleks se po pravilu sastoji od crkve, porte i pratećih objekata namenjenih bogosluženju i svakodnevnom monaškom životu.ISTORIJA: Tačna godina osnivanja, kao i ime prvobitnog ktitora, za ovaj zapis zahtevaju dodatnu proveru u pouzdanim crkvenim i istoriografskim izvorima. Ipak, za manastire ovog tipa uobičajeno je da su kroz vekove prolazili kroz periode gradnje, obnavljanja, a ponegde i razaranja usled ratova, seoba i političkih previranja. Zato je važno da se u daljoj obradi za Manastir Zlatenac dopune podaci o vremenu nastanka, eventualnim obnovama i ličnostima koje su učestvovale u njegovom podizanju ili obnovi. U aplikaciji ova sekcija može služiti kao mesto za unošenje konkretnih godina izgradnje, obnavljanja i restauracije čim budu potvrđene.ARHITEKTURA: Arhitektonska vrednost manastira ogleda se u spoju crkvene gradnje, uređenja enterijera i prilagođenosti prostora bogoslužbenoj funkciji. Poseban značaj obično imaju oltarski prostor, ikonostas, eventualni živopis, kao i sklad između hrama i prirodnog okruženja. Ako su sačuvani podaci o starijim fazama gradnje, ovde se kasnije mogu navesti stilske odlike, tip osnove hrama i najvažnije umetničke karakteristike.DUHOVNI ŽIVOT: Manastir Zlatenac ima značaj kao mesto molitve, liturgijskog sabranja i očuvanja pravoslavne tradicije. Na velike praznike i manastirsku slavu ovakve svetinje okupljaju vernike, hodočasnike i posetioce koji dolaze radi molitve, mira i upoznavanja sa duhovnim nasleđem. Monaški ili parohijski život, u zavisnosti od statusa svetinje, doprinosi kontinuitetu bogosluženja i prenošenju predanja na mlađe naraštaje.ZNAČAJ: Manastir Zlatenac je važan deo crkvene, kulturne i istorijske mape Srbije. Njegov značaj nije samo verski, već i identitetski, jer svedoči o trajanju narodne pobožnosti, umetnosti i lokalnog pamćenja. Za potpuniji prikaz preporučuje se da se ovom zapisu naknadno dodaju provereni podaci o ktitoru, tačnoj godini nastanka, obnovama, poznatim svetinjama, freskama i drugim posebnostima vezanim baš za ovaj manastir.";;https://manastiri.rs/eparhije/branicevska/manastir-zlatenac/;manastiri.rs;Despot Stefan Lazarević;1427;Podaci dopunjeni;osm-overpass-exact;sr:Манастир Златенац;ok

djerinac;Manastir Đerinac;Istočna Srbija;Petrovac na Mlavi;Manastir Đerinac je pravoslavna svetinja u okviru Eparhije Braničevska.;44.3306482;21.5176807;odobren;Eparhija braničevska;"'OPŠTI PODACI: Manastir Đerinac nalazi se u okviru Eparhije braničevske i pripada korpusu značajnih pravoslavnih svetinja na prostoru Srbije. U evidenciji ovog projekta vezuje se za mesto ili šire područje Istočna Srbija. Manastir Đerinac je pravoslavna svetinja u okviru Eparhije Braničevska. Manastirski kompleks se po pravilu sastoji od crkve, porte i pratećih objekata namenjenih bogosluženju i svakodnevnom monaškom životu.ISTORIJA: Tačna godina osnivanja, kao i ime prvobitnog ktitora, za ovaj zapis zahtevaju dodatnu proveru u pouzdanim crkvenim i istoriografskim izvorima. Ipak, za manastire ovog tipa uobičajeno je da su kroz vekove prolazili kroz periode gradnje, obnavljanja, a ponegde i razaranja usled ratova, seoba i političkih previranja. Zato je važno da se u daljoj obradi za Manastir Đerinac dopune podaci o vremenu nastanka, eventualnim obnovama i ličnostima koje su učestvovale u njegovom podizanju ili obnovi. U aplikaciji ova sekcija može služiti kao mesto za unošenje konkretnih godina izgradnje, obnavljanja i restauracije čim budu potvrđene.ARHITEKTURA: Arhitektonska vrednost manastira ogleda se u spoju crkvene gradnje, uređenja enterijera i prilagođenosti prostora bogoslužbenoj funkciji. Poseban značaj obično imaju oltarski prostor, ikonostas, eventualni živopis, kao i sklad između hrama i prirodnog okruženja. Ako su sačuvani podaci o starijim fazama gradnje, ovde se kasnije mogu navesti stilske odlike, tip osnove hrama i najvažnije umetničke karakteristike.DUHOVNI ŽIVOT: Manastir Đerinac ima značaj kao mesto molitve, liturgijskog sabranja i očuvanja pravoslavne tradicije. Na velike praznike i manastirsku slavu ovakve svetinje okupljaju vernike, hodočasnike i posetioce koji dolaze radi molitve, mira i upoznavanja sa duhovnim nasleđem. Monaški ili parohijski život, u zavisnosti od statusa svetinje, doprinosi kontinuitetu bogosluženja i prenošenju predanja na mlađe naraštaje.ZNAČAJ: Manastir Đerinac je važan deo crkvene, kulturne i istorijske mape Srbije. Njegov značaj nije samo verski, već i identitetski, jer svedoči o trajanju narodne pobožnosti, umetnosti i lokalnog pamćenja. Za potpuniji prikaz preporučuje se da se ovom zapisu naknadno dodaju provereni podaci o ktitoru, tačnoj godini nastanka, obnovama, poznatim svetinjama, freskama i drugim posebnostima vezanim baš za ovaj manastir.'";;https://manastiri.rs/eparhije/branicevska/manastir-djerinac/;manastiri.rs;Nepoznat;Srednji vek;Podaci dopunjeni;manastiri.rs->google-maps;https://www.google.com/maps/place/44%C2%B019'50.3%22N+21%C2%B031'12.9%22E/@44.3306482,21.5176807,17z/data=!3m1!4b1!4m4!3m3!8m2!3d44.3306444!4d21.5202556?entry=tts&g_ep=EgoyMDI0MDcyNC4wKgBIAVAD;ok;ok
zdrelo;Manastir Ždrelo;Istočna Srbija;Petrovac na Mlavi;Manastir Ždrelo je pravoslavna svetinja u okviru Eparhije Braničevska.;44.2918712;21.5076632;odobren;Eparhija braničevska;"'OPŠTI PODACI: Manastir Ždrelo nalazi se u okviru Eparhije braničevske i pripada korpusu značajnih pravoslavnih svetinja na prostoru Srbije. U evidenciji ovog projekta vezuje se za mesto ili šire područje Istočna Srbija. Manastir Ždrelo je pravoslavna svetinja u okviru Eparhije Braničevska. Manastirski kompleks se po pravilu sastoji od crkve, porte i pratećih objekata namenjenih bogosluženju i svakodnevnom monaškom životu.ISTORIJA: Tačna godina osnivanja, kao i ime prvobitnog ktitora, za ovaj zapis zahtevaju dodatnu proveru u pouzdanim crkvenim i istoriografskim izvorima. Ipak, za manastire ovog tipa uobičajeno je da su kroz vekove prolazili kroz periode gradnje, obnavljanja, a ponegde i razaranja usled ratova, seoba i političkih previranja. Zato je važno da se u daljoj obradi za Manastir Ždrelo dopune podaci o vremenu nastanka, eventualnim obnovama i ličnostima koje su učestvovale u njegovom podizanju ili obnovi. U aplikaciji ova sekcija može služiti kao mesto za unošenje konkretnih godina izgradnje, obnavljanja i restauracije čim budu potvrđene.ARHITEKTURA: Arhitektonska vrednost manastira ogleda se u spoju crkvene gradnje, uređenja enterijera i prilagođenosti prostora bogoslužbenoj funkciji. Poseban značaj obično imaju oltarski prostor, ikonostas, eventualni živopis, kao i sklad između hrama i prirodnog okruženja. Ako su sačuvani podaci o starijim fazama gradnje, ovde se kasnije mogu navesti stilske odlike, tip osnove hrama i najvažnije umetničke karakteristike.DUHOVNI ŽIVOT: Manastir Ždrelo ima značaj kao mesto molitve, liturgijskog sabranja i očuvanja pravoslavne tradicije. Na velike praznike i manastirsku slavu ovakve svetinje okupljaju vernike, hodočasnike i posetioce koji dolaze radi molitve, mira i upoznavanja sa duhovnim nasleđem. Monaški ili parohijski život, u zavisnosti od statusa svetinje, doprinosi kontinuitetu bogosluženja i prenošenju predanja na mlađe naraštaje.ZNAČAJ: Manastir Ždrelo je važan deo crkvene, kulturne i istorijske mape Srbije. Njegov značaj nije samo verski, već i identitetski, jer svedoči o trajanju narodne pobožnosti, umetnosti i lokalnog pamćenja. Za potpuniji prikaz preporučuje se da se ovom zapisu naknadno dodaju provereni podaci o ktitoru, tačnoj godini nastanka, obnovama, poznatim svetinjama, freskama i drugim posebnostima vezanim baš za ovaj manastir.'";;https://manastiri.rs/eparhije/branicevska/manastir-zdrelo/;manastiri.rs;Kralj Milutin;Srednji vek;Podaci dopunjeni;manastiri.rs->google-maps;https://www.google.com/maps/place/Monastery+%C5%BDdrelo/@44.2918712,21.5076632,17z/data=!3m1!4b1!4m6!3m5!1s0x475130a131d245f1:0x41f9b6b05a1429ae!8m2!3d44.2918674!4d21.5102381!16s%2Fg%2F11c5_51h8j?entry=tts&g_ep=EgoyMDI0MDcyNC4wKgBIAVAD;ok;ok
bosnjane;Manastir Bošnjane;Rasina;Varvarin;Osnovan je 1999. godine u opštini Varvarin, na mestu koje se u predanju vezuje za starije monaško prisustvo.;43.6564236;21.352232;aktivan;Eparhija kruševačka;"OPŠTI PODACI: Manastir Bošnjane nalazi se u okviru Eparhije kruševačke i pripada korpusu značajnih pravoslavnih svetinja na prostoru Srbije. U evidenciji ovog projekta vezuje se za mesto ili šire područje širem području Srbije. Osnovan je 1999. godine u opštini Varvarin, na mestu koje se u predanju vezuje za starije monaško prisustvo. Manastirski kompleks se po pravilu sastoji od crkve, porte i pratećih objekata namenjenih bogosluženju i svakodnevnom monaškom životu.ISTORIJA: Tačna godina osnivanja, kao i ime prvobitnog ktitora, za ovaj zapis zahtevaju dodatnu proveru u pouzdanim crkvenim i istoriografskim izvorima. Ipak, za manastire ovog tipa uobičajeno je da su kroz vekove prolazili kroz periode gradnje, obnavljanja, a ponegde i razaranja usled ratova, seoba i političkih previranja. Zato je važno da se u daljoj obradi za Manastir Bošnjane dopune podaci o vremenu nastanka, eventualnim obnovama i ličnostima koje su učestvovale u njegovom podizanju ili obnovi. U aplikaciji ova sekcija može služiti kao mesto za unošenje konkretnih godina izgradnje, obnavljanja i restauracije čim budu potvrđene.ARHITEKTURA: Arhitektonska vrednost manastira ogleda se u spoju crkvene gradnje, uređenja enterijera i prilagođenosti prostora bogoslužbenoj funkciji. Poseban značaj obično imaju oltarski prostor, ikonostas, eventualni živopis, kao i sklad između hrama i prirodnog okruženja. Ako su sačuvani podaci o starijim fazama gradnje, ovde se kasnije mogu navesti stilske odlike, tip osnove hrama i najvažnije umetničke karakteristike.DUHOVNI ŽIVOT: Manastir Bošnjane ima značaj kao mesto molitve, liturgijskog sabranja i očuvanja pravoslavne tradicije. Na velike praznike i manastirsku slavu ovakve svetinje okupljaju vernike, hodočasnike i posetioce koji dolaze radi molitve, mira i upoznavanja sa duhovnim nasleđem. Monaški ili parohijski život, u zavisnosti od statusa svetinje, doprinosi kontinuitetu bogosluženja i prenošenju predanja na mlađe naraštaje.ZNAČAJ: Manastir Bošnjane je važan deo crkvene, kulturne i istorijske mape Srbije. Njegov značaj nije samo verski, već i identitetski, jer svedoči o trajanju narodne pobožnosti, umetnosti i lokalnog pamćenja. Za potpuniji prikaz preporučuje se da se ovom zapisu naknadno dodaju provereni podaci o ktitoru, tačnoj godini nastanka, obnovama, poznatim svetinjama, freskama i drugim posebnostima vezanim baš za ovaj manastir.";;;https://manastiri.rs/eparhije/krusevacka/manastir-bosnjane/;Nije sačuvano;1999;Podaci dopunjeni;nominatim-second-pass;Manastir Manastir Bošnjane, Srbija;ok

braljina;Manastir Braljina;Rasina;Ćićevac;Kratak pregled: Manastir Braljina.;43.6562;21.4631;aktivan;Eparhija kruševačka;"OPŠTI PODACI: Manastir Braljina nalazi se u okviru Eparhije kruševačke i pripada korpusu značajnih pravoslavnih svetinja na prostoru Srbije. U evidenciji ovog projekta vezuje se za mesto ili šire područje širem području Srbije. Kratak pregled: Manastir Braljina. Manastirski kompleks se po pravilu sastoji od crkve, porte i pratećih objekata namenjenih bogosluženju i svakodnevnom monaškom životu.ISTORIJA: Tačna godina osnivanja, kao i ime prvobitnog ktitora, za ovaj zapis zahtevaju dodatnu proveru u pouzdanim crkvenim i istoriografskim izvorima. Ipak, za manastire ovog tipa uobičajeno je da su kroz vekove prolazili kroz periode gradnje, obnavljanja, a ponegde i razaranja usled ratova, seoba i političkih previranja. Zato je važno da se u daljoj obradi za Manastir Braljina dopune podaci o vremenu nastanka, eventualnim obnovama i ličnostima koje su učestvovale u njegovom podizanju ili obnovi. U aplikaciji ova sekcija može služiti kao mesto za unošenje konkretnih godina izgradnje, obnavljanja i restauracije čim budu potvrđene.ARHITEKTURA: Arhitektonska vrednost manastira ogleda se u spoju crkvene gradnje, uređenja enterijera i prilagođenosti prostora bogoslužbenoj funkciji. Poseban značaj obično imaju oltarski prostor, ikonostas, eventualni živopis, kao i sklad između hrama i prirodnog okruženja. Ako su sačuvani podaci o starijim fazama gradnje, ovde se kasnije mogu navesti stilske odlike, tip osnove hrama i najvažnije umetničke karakteristike.DUHOVNI ŽIVOT: Manastir Braljina ima značaj kao mesto molitve, liturgijskog sabranja i očuvanja pravoslavne tradicije. Na velike praznike i manastirsku slavu ovakve svetinje okupljaju vernike, hodočasnike i posetioce koji dolaze radi molitve, mira i upoznavanja sa duhovnim nasleđem. Monaški ili parohijski život, u zavisnosti od statusa svetinje, doprinosi kontinuitetu bogosluženja i prenošenju predanja na mlađe naraštaje.ZNAČAJ: Manastir Braljina je važan deo crkvene, kulturne i istorijske mape Srbije. Njegov značaj nije samo verski, već i identitetski, jer svedoči o trajanju narodne pobožnosti, umetnosti i lokalnog pamćenja. Za potpuniji prikaz preporučuje se da se ovom zapisu naknadno dodaju provereni podaci o ktitoru, tačnoj godini nastanka, obnovama, poznatim svetinjama, freskama i drugim posebnostima vezanim baš za ovaj manastir.";images/monasteries/braljina.jpg;;manastiri.rs;Nepoznat;1377;Podaci dopunjeni;osm-overpass-exact;;ok

drenova;Manastir Drenova;Rasina;Trstenik;Kratak pregled: Manastir Drenova.;43.6307;21.1478;aktivan;Eparhija kruševačka;"OPŠTI PODACI: Manastir Drenova nalazi se u okviru Eparhije kruševačke i pripada korpusu značajnih pravoslavnih svetinja na prostoru Srbije. U evidenciji ovog projekta vezuje se za mesto ili šire područje širem području Srbije. Kratak pregled: Manastir Drenova. Manastirski kompleks se po pravilu sastoji od crkve, porte i pratećih objekata namenjenih bogosluženju i svakodnevnom monaškom životu.ISTORIJA: Tačna godina osnivanja, kao i ime prvobitnog ktitora, za ovaj zapis zahtevaju dodatnu proveru u pouzdanim crkvenim i istoriografskim izvorima. Ipak, za manastire ovog tipa uobičajeno je da su kroz vekove prolazili kroz periode gradnje, obnavljanja, a ponegde i razaranja usled ratova, seoba i političkih previranja. Zato je važno da se u daljoj obradi za Manastir Drenova dopune podaci o vremenu nastanka, eventualnim obnovama i ličnostima koje su učestvovale u njegovom podizanju ili obnovi. U aplikaciji ova sekcija može služiti kao mesto za unošenje konkretnih godina izgradnje, obnavljanja i restauracije čim budu potvrđene.ARHITEKTURA: Arhitektonska vrednost manastira ogleda se u spoju crkvene gradnje, uređenja enterijera i prilagođenosti prostora bogoslužbenoj funkciji. Poseban značaj obično imaju oltarski prostor, ikonostas, eventualni živopis, kao i sklad između hrama i prirodnog okruženja. Ako su sačuvani podaci o starijim fazama gradnje, ovde se kasnije mogu navesti stilske odlike, tip osnove hrama i najvažnije umetničke karakteristike.DUHOVNI ŽIVOT: Manastir Drenova ima značaj kao mesto molitve, liturgijskog sabranja i očuvanja pravoslavne tradicije. Na velike praznike i manastirsku slavu ovakve svetinje okupljaju vernike, hodočasnike i posetioce koji dolaze radi molitve, mira i upoznavanja sa duhovnim nasleđem. Monaški ili parohijski život, u zavisnosti od statusa svetinje, doprinosi kontinuitetu bogosluženja i prenošenju predanja na mlađe naraštaje.ZNAČAJ: Manastir Drenova je važan deo crkvene, kulturne i istorijske mape Srbije. Njegov značaj nije samo verski, već i identitetski, jer svedoči o trajanju narodne pobožnosti, umetnosti i lokalnog pamćenja. Za potpuniji prikaz preporučuje se da se ovom zapisu naknadno dodaju provereni podaci o ktitoru, tačnoj godini nastanka, obnovama, poznatim svetinjama, freskama i drugim posebnostima vezanim baš za ovaj manastir.";images/monasteries/drenova.jpg;;manastiri.rs;Nepoznat;1500;Podaci dopunjeni;dodato;;ok

drenca;Manastir Drenča;Rasina;Aleksandrovac;Kratak pregled: Manastir Drenča je poznata pravoslavna svetinja u oblasti Šumadija.;43.4821528;21.0422598;aktivan;Eparhija kruševačka;"OPŠTI PODACI: Manastir Drenča nalazi se u okviru Eparhije kruševačke i pripada korpusu značajnih pravoslavnih svetinja na prostoru Srbije. U evidenciji ovog projekta vezuje se za mesto ili šire područje Kragujevac. Kratak pregled: Manastir Drenča je poznata pravoslavna svetinja u oblasti Šumadija. Manastirski kompleks se po pravilu sastoji od crkve, porte i pratećih objekata namenjenih bogosluženju i svakodnevnom monaškom životu.ISTORIJA: Tačna godina osnivanja, kao i ime prvobitnog ktitora, za ovaj zapis zahtevaju dodatnu proveru u pouzdanim crkvenim i istoriografskim izvorima. Ipak, za manastire ovog tipa uobičajeno je da su kroz vekove prolazili kroz periode gradnje, obnavljanja, a ponegde i razaranja usled ratova, seoba i političkih previranja. Zato je važno da se u daljoj obradi za Manastir Drenča dopune podaci o vremenu nastanka, eventualnim obnovama i ličnostima koje su učestvovale u njegovom podizanju ili obnovi. U aplikaciji ova sekcija može služiti kao mesto za unošenje konkretnih godina izgradnje, obnavljanja i restauracije čim budu potvrđene.ARHITEKTURA: Arhitektonska vrednost manastira ogleda se u spoju crkvene gradnje, uređenja enterijera i prilagođenosti prostora bogoslužbenoj funkciji. Poseban značaj obično imaju oltarski prostor, ikonostas, eventualni živopis, kao i sklad između hrama i prirodnog okruženja. Ako su sačuvani podaci o starijim fazama gradnje, ovde se kasnije mogu navesti stilske odlike, tip osnove hrama i najvažnije umetničke karakteristike.DUHOVNI ŽIVOT: Manastir Drenča ima značaj kao mesto molitve, liturgijskog sabranja i očuvanja pravoslavne tradicije. Na velike praznike i manastirsku slavu ovakve svetinje okupljaju vernike, hodočasnike i posetioce koji dolaze radi molitve, mira i upoznavanja sa duhovnim nasleđem. Monaški ili parohijski život, u zavisnosti od statusa svetinje, doprinosi kontinuitetu bogosluženja i prenošenju predanja na mlađe naraštaje.ZNAČAJ: Manastir Drenča je važan deo crkvene, kulturne i istorijske mape Srbije. Njegov značaj nije samo verski, već i identitetski, jer svedoči o trajanju narodne pobožnosti, umetnosti i lokalnog pamćenja. Za potpuniji prikaz preporučuje se da se ovom zapisu naknadno dodaju provereni podaci o ktitoru, tačnoj godini nastanka, obnovama, poznatim svetinjama, freskama i drugim posebnostima vezanim baš za ovaj manastir.";;;nepoznato;Monah Dorotej;1382;Podaci dopunjeni;nominatim-second-pass;Manastir Manastir Drenča, Srbija;ok

grabovo;Manastir Grabovo;Rasina;Ražanj;Kratak pregled: Manastir Grabovo.;43.7319004;21.6222111;aktivan;Eparhija kruševačka;"OPŠTI PODACI: Manastir Grabovo nalazi se u okviru Eparhije kruševačke i pripada korpusu značajnih pravoslavnih svetinja na prostoru Srbije. U evidenciji ovog projekta vezuje se za mesto ili šire područje širem području Srbije. Kratak pregled: Manastir Grabovo. Manastirski kompleks se po pravilu sastoji od crkve, porte i pratećih objekata namenjenih bogosluženju i svakodnevnom monaškom životu.ISTORIJA: Tačna godina osnivanja, kao i ime prvobitnog ktitora, za ovaj zapis zahtevaju dodatnu proveru u pouzdanim crkvenim i istoriografskim izvorima. Ipak, za manastire ovog tipa uobičajeno je da su kroz vekove prolazili kroz periode gradnje, obnavljanja, a ponegde i razaranja usled ratova, seoba i političkih previranja. Zato je važno da se u daljoj obradi za Manastir Grabovo dopune podaci o vremenu nastanka, eventualnim obnovama i ličnostima koje su učestvovale u njegovom podizanju ili obnovi. U aplikaciji ova sekcija može služiti kao mesto za unošenje konkretnih godina izgradnje, obnavljanja i restauracije čim budu potvrđene.ARHITEKTURA: Arhitektonska vrednost manastira ogleda se u spoju crkvene gradnje, uređenja enterijera i prilagođenosti prostora bogoslužbenoj funkciji. Poseban značaj obično imaju oltarski prostor, ikonostas, eventualni živopis, kao i sklad između hrama i prirodnog okruženja. Ako su sačuvani podaci o starijim fazama gradnje, ovde se kasnije mogu navesti stilske odlike, tip osnove hrama i najvažnije umetničke karakteristike.DUHOVNI ŽIVOT: Manastir Grabovo ima značaj kao mesto molitve, liturgijskog sabranja i očuvanja pravoslavne tradicije. Na velike praznike i manastirsku slavu ovakve svetinje okupljaju vernike, hodočasnike i posetioce koji dolaze radi molitve, mira i upoznavanja sa duhovnim nasleđem. Monaški ili parohijski život, u zavisnosti od statusa svetinje, doprinosi kontinuitetu bogosluženja i prenošenju predanja na mlađe naraštaje.ZNAČAJ: Manastir Grabovo je važan deo crkvene, kulturne i istorijske mape Srbije. Njegov značaj nije samo verski, već i identitetski, jer svedoči o trajanju narodne pobožnosti, umetnosti i lokalnog pamćenja. Za potpuniji prikaz preporučuje se da se ovom zapisu naknadno dodaju provereni podaci o ktitoru, tačnoj godini nastanka, obnovama, poznatim svetinjama, freskama i drugim posebnostima vezanim baš za ovaj manastir.";images/monasteries/grabovo.jpg;;manastiri.rs;Župan Vukoslav;1300;Podaci dopunjeni;nominatim-second-pass;Manastir Manastir Grabovo, Srbija;ok

komorane;Manastir Komorane;Rasina;Trstenik;Kratak pregled: Manastir Komorane.;43.6752;21.1770;aktivan;Eparhija kruševačka;"OPŠTI PODACI: Manastir Komorane nalazi se u okviru Eparhije kruševačke i pripada korpusu značajnih pravoslavnih svetinja na prostoru Srbije. U evidenciji ovog projekta vezuje se za mesto ili šire područje širem području Srbije. Kratak pregled: Manastir Komorane. Manastirski kompleks se po pravilu sastoji od crkve, porte i pratećih objekata namenjenih bogosluženju i svakodnevnom monaškom životu.ISTORIJA: Tačna godina osnivanja, kao i ime prvobitnog ktitora, za ovaj zapis zahtevaju dodatnu proveru u pouzdanim crkvenim i istoriografskim izvorima. Ipak, za manastire ovog tipa uobičajeno je da su kroz vekove prolazili kroz periode gradnje, obnavljanja, a ponegde i razaranja usled ratova, seoba i političkih previranja. Zato je važno da se u daljoj obradi za Manastir Komorane dopune podaci o vremenu nastanka, eventualnim obnovama i ličnostima koje su učestvovale u njegovom podizanju ili obnovi. U aplikaciji ova sekcija može služiti kao mesto za unošenje konkretnih godina izgradnje, obnavljanja i restauracije čim budu potvrđene.ARHITEKTURA: Arhitektonska vrednost manastira ogleda se u spoju crkvene gradnje, uređenja enterijera i prilagođenosti prostora bogoslužbenoj funkciji. Poseban značaj obično imaju oltarski prostor, ikonostas, eventualni živopis, kao i sklad između hrama i prirodnog okruženja. Ako su sačuvani podaci o starijim fazama gradnje, ovde se kasnije mogu navesti stilske odlike, tip osnove hrama i najvažnije umetničke karakteristike.DUHOVNI ŽIVOT: Manastir Komorane ima značaj kao mesto molitve, liturgijskog sabranja i očuvanja pravoslavne tradicije. Na velike praznike i manastirsku slavu ovakve svetinje okupljaju vernike, hodočasnike i posetioce koji dolaze radi molitve, mira i upoznavanja sa duhovnim nasleđem. Monaški ili parohijski život, u zavisnosti od statusa svetinje, doprinosi kontinuitetu bogosluženja i prenošenju predanja na mlađe naraštaje.ZNAČAJ: Manastir Komorane je važan deo crkvene, kulturne i istorijske mape Srbije. Njegov značaj nije samo verski, već i identitetski, jer svedoči o trajanju narodne pobožnosti, umetnosti i lokalnog pamćenja. Za potpuniji prikaz preporučuje se da se ovom zapisu naknadno dodaju provereni podaci o ktitoru, tačnoj godini nastanka, obnovama, poznatim svetinjama, freskama i drugim posebnostima vezanim baš za ovaj manastir.";images/monasteries/komorane.jpg;;manastiri.rs;Nepoznat;1690;Podaci dopunjeni;dodato;;ok

lesje;Manastir Lešje;Pomoravlje;Paraćin;Kratak pregled: Manastir Lešje.;43.8511759;21.5347267;aktivan;Eparhija kruševačka;"OPŠTI PODACI: Manastir Lešje nalazi se u okviru Eparhije kruševačke i pripada korpusu značajnih pravoslavnih svetinja na prostoru Srbije. U evidenciji ovog projekta vezuje se za mesto ili šire područje širem području Srbije. Kratak pregled: Manastir Lešje. Manastirski kompleks se po pravilu sastoji od crkve, porte i pratećih objekata namenjenih bogosluženju i svakodnevnom monaškom životu.ISTORIJA: Tačna godina osnivanja, kao i ime prvobitnog ktitora, za ovaj zapis zahtevaju dodatnu proveru u pouzdanim crkvenim i istoriografskim izvorima. Ipak, za manastire ovog tipa uobičajeno je da su kroz vekove prolazili kroz periode gradnje, obnavljanja, a ponegde i razaranja usled ratova, seoba i političkih previranja. Zato je važno da se u daljoj obradi za Manastir Lešje dopune podaci o vremenu nastanka, eventualnim obnovama i ličnostima koje su učestvovale u njegovom podizanju ili obnovi. U aplikaciji ova sekcija može služiti kao mesto za unošenje konkretnih godina izgradnje, obnavljanja i restauracije čim budu potvrđene.ARHITEKTURA: Arhitektonska vrednost manastira ogleda se u spoju crkvene gradnje, uređenja enterijera i prilagođenosti prostora bogoslužbenoj funkciji. Poseban značaj obično imaju oltarski prostor, ikonostas, eventualni živopis, kao i sklad između hrama i prirodnog okruženja. Ako su sačuvani podaci o starijim fazama gradnje, ovde se kasnije mogu navesti stilske odlike, tip osnove hrama i najvažnije umetničke karakteristike.DUHOVNI ŽIVOT: Manastir Lešje ima značaj kao mesto molitve, liturgijskog sabranja i očuvanja pravoslavne tradicije. Na velike praznike i manastirsku slavu ovakve svetinje okupljaju vernike, hodočasnike i posetioce koji dolaze radi molitve, mira i upoznavanja sa duhovnim nasleđem. Monaški ili parohijski život, u zavisnosti od statusa svetinje, doprinosi kontinuitetu bogosluženja i prenošenju predanja na mlađe naraštaje.ZNAČAJ: Manastir Lešje je važan deo crkvene, kulturne i istorijske mape Srbije. Njegov značaj nije samo verski, već i identitetski, jer svedoči o trajanju narodne pobožnosti, umetnosti i lokalnog pamćenja. Za potpuniji prikaz preporučuje se da se ovom zapisu naknadno dodaju provereni podaci o ktitoru, tačnoj godini nastanka, obnovama, poznatim svetinjama, freskama i drugim posebnostima vezanim baš za ovaj manastir.";images/monasteries/lesje.jpg;;manastiri.rs;Župan Vukoslav;1300;Podaci dopunjeni;nominatim-second-pass;Manastir Manastir Lešje, Srbija;ok

ljubostinja;Manastir Ljubostinja;Rasina;Trstenik;Zadužbina kneginje Milice iz 14. veka u blizini Trstenika; poznata po moravskom stilu i freskama koje se vezuju za slikara Makarija.;43.6517298;20.9979356;aktivan;"Eparhija kruševačka; 'OPŠTI PODACI: Manastir Ljubostinja nalazi se u okviru Eparhije kruševačke i pripada korpusu značajnih pravoslavnih svetinja na prostoru Srbije. U evidenciji ovog projekta vezuje se za mesto ili šire područje Trstenik. Zadužbina kneginje Milice iz 14. veka u blizini Trstenika"; poznata po moravskom stilu i freskama koje se vezuju za slikara Makarija. Manastirski kompleks se po pravilu sastoji od crkve, porte i pratećih objekata namenjenih bogosluženju i svakodnevnom monaškom životu.ISTORIJA: Tačna godina osnivanja, kao i ime prvobitnog ktitora, za ovaj zapis zahtevaju dodatnu proveru u pouzdanim crkvenim i istoriografskim izvorima. Ipak, za manastire ovog tipa uobičajeno je da su kroz vekove prolazili kroz periode gradnje, obnavljanja, a ponegde i razaranja usled ratova, seoba i političkih previranja. Zato je važno da se u daljoj obradi za Manastir Ljubostinja dopune podaci o vremenu nastanka, eventualnim obnovama i ličnostima koje su učestvovale u njegovom podizanju ili obnovi. U aplikaciji ova sekcija može služiti kao mesto za unošenje konkretnih godina izgradnje, obnavljanja i restauracije čim budu potvrđene.ARHITEKTURA: Arhitektonska vrednost manastira ogleda se u spoju crkvene gradnje, uređenja enterijera i prilagođenosti prostora bogoslužbenoj funkciji. Poseban značaj obično imaju oltarski prostor, ikonostas, eventualni živopis, kao i sklad između hrama i prirodnog okruženja. Ako su sačuvani podaci o starijim fazama gradnje, ovde se kasnije mogu navesti stilske odlike, tip osnove hrama i najvažnije umetničke karakteristike.DUHOVNI ŽIVOT: Manastir Ljubostinja ima značaj kao mesto molitve, liturgijskog sabranja i očuvanja pravoslavne tradicije. Na velike praznike i manastirsku slavu ovakve svetinje okupljaju vernike, hodočasnike i posetioce koji dolaze radi molitve, mira i upoznavanja sa duhovnim nasleđem. Monaški ili parohijski život, u zavisnosti od statusa svetinje, doprinosi kontinuitetu bogosluženja i prenošenju predanja na mlađe naraštaje.ZNAČAJ: Manastir Ljubostinja je važan deo crkvene, kulturne i istorijske mape Srbije. Njegov značaj nije samo verski, već i identitetski, jer svedoči o trajanju narodne pobožnosti, umetnosti i lokalnog pamćenja. Za potpuniji prikaz preporučuje se da se ovom zapisu naknadno dodaju provereni podaci o ktitoru, tačnoj godini nastanka, obnovama, poznatim svetinjama, freskama i drugim posebnostima vezanim baš za ovaj manastir.";;;https://manastiri.rs/eparhije/krusevacka/manastir-ljubostinja/;Kneginja Milica;1388;Podaci dopunjeni;nominatim-second-pass;Manastir Manastir Ljubostinja, Trstenik, Srbija;ok
makresane;Manastir Makrešane;Rasina;Kruševac;Kratak pregled: Manastir Makrešane.;43.6395446;21.3875718;aktivan;Eparhija kruševačka;"OPŠTI PODACI: Manastir Makrešane nalazi se u okviru Eparhije kruševačke i pripada korpusu značajnih pravoslavnih svetinja na prostoru Srbije. U evidenciji ovog projekta vezuje se za mesto ili šire područje širem području Srbije. Kratak pregled: Manastir Makrešane. Manastirski kompleks se po pravilu sastoji od crkve, porte i pratećih objekata namenjenih bogosluženju i svakodnevnom monaškom životu.ISTORIJA: Tačna godina osnivanja, kao i ime prvobitnog ktitora, za ovaj zapis zahtevaju dodatnu proveru u pouzdanim crkvenim i istoriografskim izvorima. Ipak, za manastire ovog tipa uobičajeno je da su kroz vekove prolazili kroz periode gradnje, obnavljanja, a ponegde i razaranja usled ratova, seoba i političkih previranja. Zato je važno da se u daljoj obradi za Manastir Makrešane dopune podaci o vremenu nastanka, eventualnim obnovama i ličnostima koje su učestvovale u njegovom podizanju ili obnovi. U aplikaciji ova sekcija može služiti kao mesto za unošenje konkretnih godina izgradnje, obnavljanja i restauracije čim budu potvrđene.ARHITEKTURA: Arhitektonska vrednost manastira ogleda se u spoju crkvene gradnje, uređenja enterijera i prilagođenosti prostora bogoslužbenoj funkciji. Poseban značaj obično imaju oltarski prostor, ikonostas, eventualni živopis, kao i sklad između hrama i prirodnog okruženja. Ako su sačuvani podaci o starijim fazama gradnje, ovde se kasnije mogu navesti stilske odlike, tip osnove hrama i najvažnije umetničke karakteristike.DUHOVNI ŽIVOT: Manastir Makrešane ima značaj kao mesto molitve, liturgijskog sabranja i očuvanja pravoslavne tradicije. Na velike praznike i manastirsku slavu ovakve svetinje okupljaju vernike, hodočasnike i posetioce koji dolaze radi molitve, mira i upoznavanja sa duhovnim nasleđem. Monaški ili parohijski život, u zavisnosti od statusa svetinje, doprinosi kontinuitetu bogosluženja i prenošenju predanja na mlađe naraštaje.ZNAČAJ: Manastir Makrešane je važan deo crkvene, kulturne i istorijske mape Srbije. Njegov značaj nije samo verski, već i identitetski, jer svedoči o trajanju narodne pobožnosti, umetnosti i lokalnog pamćenja. Za potpuniji prikaz preporučuje se da se ovom zapisu naknadno dodaju provereni podaci o ktitoru, tačnoj godini nastanka, obnovama, poznatim svetinjama, freskama i drugim posebnostima vezanim baš za ovaj manastir.";images/monasteries/makresane.jpg;;manastiri.rs;Sinaitski monasi;1300;Podaci dopunjeni;nominatim-second-pass;Manastir Manastir Makrešane, Srbija;ok

manastirak-sumadijska;Manastir Manastirak;Šumadija;Rekovac;Manastir Manastirak je pravoslavna svetinja u okviru Eparhije Šumadijska.;43.8618321;21.0594714;odobren;Eparhija kruševačka;"'OPŠTI PODACI: Manastir Manastirak nalazi se u okviru Eparhije kruševačke i pripada korpusu značajnih pravoslavnih svetinja na prostoru Srbije. U evidenciji ovog projekta vezuje se za mesto ili šire područje Šumadija. Manastir Manastirak je pravoslavna svetinja u okviru Eparhije Šumadijska. Manastirski kompleks se po pravilu sastoji od crkve, porte i pratećih objekata namenjenih bogosluženju i svakodnevnom monaškom životu.ISTORIJA: Tačna godina osnivanja, kao i ime prvobitnog ktitora, za ovaj zapis zahtevaju dodatnu proveru u pouzdanim crkvenim i istoriografskim izvorima. Ipak, za manastire ovog tipa uobičajeno je da su kroz vekove prolazili kroz periode gradnje, obnavljanja, a ponegde i razaranja usled ratova, seoba i političkih previranja. Zato je važno da se u daljoj obradi za Manastir Manastirak dopune podaci o vremenu nastanka, eventualnim obnovama i ličnostima koje su učestvovale u njegovom podizanju ili obnovi. U aplikaciji ova sekcija može služiti kao mesto za unošenje konkretnih godina izgradnje, obnavljanja i restauracije čim budu potvrđene.ARHITEKTURA: Arhitektonska vrednost manastira ogleda se u spoju crkvene gradnje, uređenja enterijera i prilagođenosti prostora bogoslužbenoj funkciji. Poseban značaj obično imaju oltarski prostor, ikonostas, eventualni živopis, kao i sklad između hrama i prirodnog okruženja. Ako su sačuvani podaci o starijim fazama gradnje, ovde se kasnije mogu navesti stilske odlike, tip osnove hrama i najvažnije umetničke karakteristike.DUHOVNI ŽIVOT: Manastir Manastirak ima značaj kao mesto molitve, liturgijskog sabranja i očuvanja pravoslavne tradicije. Na velike praznike i manastirsku slavu ovakve svetinje okupljaju vernike, hodočasnike i posetioce koji dolaze radi molitve, mira i upoznavanja sa duhovnim nasleđem. Monaški ili parohijski život, u zavisnosti od statusa svetinje, doprinosi kontinuitetu bogosluženja i prenošenju predanja na mlađe naraštaje.ZNAČAJ: Manastir Manastirak je važan deo crkvene, kulturne i istorijske mape Srbije. Njegov značaj nije samo verski, već i identitetski, jer svedoči o trajanju narodne pobožnosti, umetnosti i lokalnog pamćenja. Za potpuniji prikaz preporučuje se da se ovom zapisu naknadno dodaju provereni podaci o ktitoru, tačnoj godini nastanka, obnovama, poznatim svetinjama, freskama i drugim posebnostima vezanim baš za ovaj manastir.'";;https://manastiri.rs/eparhije/sumadijska/manastir-manastirak/;manastiri.rs;Nepoznat;1400;Podaci dopunjeni;manastiri.rs->google-maps;https://www.google.com/maps/place/%D0%9C%D0%B0%D0%BD%D0%B0%D1%81%D1%82%D0%B8%D1%80+%D0%9C%D0%B0%D0%BD%D0%B0%D1%81%D1%82%D0%B8%D1%80%D0%B0%D0%BA/@43.8618321,21.0594714,17z/data=!3m1!4b1!4m6!3m5!1s0x4756e6138375d1e9:0x29ff33c2e0842b2a!8m2!3d43.8618321!4d21.0594714!16s%2Fg%2F11c52dpynr?sa=X&ved=1t:2428&ictx=111&entry=tts&g_ep=EgoyMDI1MDIxMi4wIPu8ASoASAFQAw%3D%3D;ok;ok
mrzenica;Manastir Mrzenica;Rasina;Ćićevac;Nalazi se u selu Mrzenica (opština Ćićevac). Predanje ga vezuje za vreme kneza Lazara, dok je današnja crkva podignuta u 20. veku.;43.639552;21.3876774;aktivan;Eparhija kruševačka;"OPŠTI PODACI: Manastir Mrzenica nalazi se u okviru Eparhije kruševačke i pripada korpusu značajnih pravoslavnih svetinja na prostoru Srbije. U evidenciji ovog projekta vezuje se za mesto ili šire područje širem području Srbije. Nalazi se u selu Mrzenica (opština Ćićevac). Predanje ga vezuje za vreme kneza Lazara, dok je današnja crkva podignuta u 20. veku. Manastirski kompleks se po pravilu sastoji od crkve, porte i pratećih objekata namenjenih bogosluženju i svakodnevnom monaškom životu.ISTORIJA: Tačna godina osnivanja, kao i ime prvobitnog ktitora, za ovaj zapis zahtevaju dodatnu proveru u pouzdanim crkvenim i istoriografskim izvorima. Ipak, za manastire ovog tipa uobičajeno je da su kroz vekove prolazili kroz periode gradnje, obnavljanja, a ponegde i razaranja usled ratova, seoba i političkih previranja. Zato je važno da se u daljoj obradi za Manastir Mrzenica dopune podaci o vremenu nastanka, eventualnim obnovama i ličnostima koje su učestvovale u njegovom podizanju ili obnovi. U aplikaciji ova sekcija može služiti kao mesto za unošenje konkretnih godina izgradnje, obnavljanja i restauracije čim budu potvrđene.ARHITEKTURA: Arhitektonska vrednost manastira ogleda se u spoju crkvene gradnje, uređenja enterijera i prilagođenosti prostora bogoslužbenoj funkciji. Poseban značaj obično imaju oltarski prostor, ikonostas, eventualni živopis, kao i sklad između hrama i prirodnog okruženja. Ako su sačuvani podaci o starijim fazama gradnje, ovde se kasnije mogu navesti stilske odlike, tip osnove hrama i najvažnije umetničke karakteristike.DUHOVNI ŽIVOT: Manastir Mrzenica ima značaj kao mesto molitve, liturgijskog sabranja i očuvanja pravoslavne tradicije. Na velike praznike i manastirsku slavu ovakve svetinje okupljaju vernike, hodočasnike i posetioce koji dolaze radi molitve, mira i upoznavanja sa duhovnim nasleđem. Monaški ili parohijski život, u zavisnosti od statusa svetinje, doprinosi kontinuitetu bogosluženja i prenošenju predanja na mlađe naraštaje.ZNAČAJ: Manastir Mrzenica je važan deo crkvene, kulturne i istorijske mape Srbije. Njegov značaj nije samo verski, već i identitetski, jer svedoči o trajanju narodne pobožnosti, umetnosti i lokalnog pamćenja. Za potpuniji prikaz preporučuje se da se ovom zapisu naknadno dodaju provereni podaci o ktitoru, tačnoj godini nastanka, obnovama, poznatim svetinjama, freskama i drugim posebnostima vezanim baš za ovaj manastir.";;;https://manastiri.rs/eparhije/krusevacka/manastir-mrzenica/;Knez Lazar;1300;Podaci dopunjeni;osm-overpass-exact;sr:Епархија нишка;ok

naupare;Manastir Naupare;Rasina;Kruševac;Kratak pregled: Manastir Naupare.;43.4779;21.3099;aktivan;Eparhija kruševačka;"OPŠTI PODACI: Manastir Naupare nalazi se u okviru Eparhije kruševačke i pripada korpusu značajnih pravoslavnih svetinja na prostoru Srbije. U evidenciji ovog projekta vezuje se za mesto ili šire područje širem području Srbije. Kratak pregled: Manastir Naupare. Manastirski kompleks se po pravilu sastoji od crkve, porte i pratećih objekata namenjenih bogosluženju i svakodnevnom monaškom životu.ISTORIJA: Tačna godina osnivanja, kao i ime prvobitnog ktitora, za ovaj zapis zahtevaju dodatnu proveru u pouzdanim crkvenim i istoriografskim izvorima. Ipak, za manastire ovog tipa uobičajeno je da su kroz vekove prolazili kroz periode gradnje, obnavljanja, a ponegde i razaranja usled ratova, seoba i političkih previranja. Zato je važno da se u daljoj obradi za Manastir Naupare dopune podaci o vremenu nastanka, eventualnim obnovama i ličnostima koje su učestvovale u njegovom podizanju ili obnovi. U aplikaciji ova sekcija može služiti kao mesto za unošenje konkretnih godina izgradnje, obnavljanja i restauracije čim budu potvrđene.ARHITEKTURA: Arhitektonska vrednost manastira ogleda se u spoju crkvene gradnje, uređenja enterijera i prilagođenosti prostora bogoslužbenoj funkciji. Poseban značaj obično imaju oltarski prostor, ikonostas, eventualni živopis, kao i sklad između hrama i prirodnog okruženja. Ako su sačuvani podaci o starijim fazama gradnje, ovde se kasnije mogu navesti stilske odlike, tip osnove hrama i najvažnije umetničke karakteristike.DUHOVNI ŽIVOT: Manastir Naupare ima značaj kao mesto molitve, liturgijskog sabranja i očuvanja pravoslavne tradicije. Na velike praznike i manastirsku slavu ovakve svetinje okupljaju vernike, hodočasnike i posetioce koji dolaze radi molitve, mira i upoznavanja sa duhovnim nasleđem. Monaški ili parohijski život, u zavisnosti od statusa svetinje, doprinosi kontinuitetu bogosluženja i prenošenju predanja na mlađe naraštaje.ZNAČAJ: Manastir Naupare je važan deo crkvene, kulturne i istorijske mape Srbije. Njegov značaj nije samo verski, već i identitetski, jer svedoči o trajanju narodne pobožnosti, umetnosti i lokalnog pamćenja. Za potpuniji prikaz preporučuje se da se ovom zapisu naknadno dodaju provereni podaci o ktitoru, tačnoj godini nastanka, obnovama, poznatim svetinjama, freskama i drugim posebnostima vezanim baš za ovaj manastir.";images/monasteries/naupare.jpg;;manastiri.rs;Monah Dorotej;1381;Podaci dopunjeni;dodato;;ok

petina;Manastir Petina;Rasina;Kruševac;Kratak pregled: Manastir Petina.;43.4893;21.4195;aktivan;Eparhija kruševačka;"OPŠTI PODACI: Manastir Petina nalazi se u okviru Eparhije kruševačke i pripada korpusu značajnih pravoslavnih svetinja na prostoru Srbije. U evidenciji ovog projekta vezuje se za mesto ili šire područje širem području Srbije. Kratak pregled: Manastir Petina. Manastirski kompleks se po pravilu sastoji od crkve, porte i pratećih objekata namenjenih bogosluženju i svakodnevnom monaškom životu.ISTORIJA: Tačna godina osnivanja, kao i ime prvobitnog ktitora, za ovaj zapis zahtevaju dodatnu proveru u pouzdanim crkvenim i istoriografskim izvorima. Ipak, za manastire ovog tipa uobičajeno je da su kroz vekove prolazili kroz periode gradnje, obnavljanja, a ponegde i razaranja usled ratova, seoba i političkih previranja. Zato je važno da se u daljoj obradi za Manastir Petina dopune podaci o vremenu nastanka, eventualnim obnovama i ličnostima koje su učestvovale u njegovom podizanju ili obnovi. U aplikaciji ova sekcija može služiti kao mesto za unošenje konkretnih godina izgradnje, obnavljanja i restauracije čim budu potvrđene.ARHITEKTURA: Arhitektonska vrednost manastira ogleda se u spoju crkvene gradnje, uređenja enterijera i prilagođenosti prostora bogoslužbenoj funkciji. Poseban značaj obično imaju oltarski prostor, ikonostas, eventualni živopis, kao i sklad između hrama i prirodnog okruženja. Ako su sačuvani podaci o starijim fazama gradnje, ovde se kasnije mogu navesti stilske odlike, tip osnove hrama i najvažnije umetničke karakteristike.DUHOVNI ŽIVOT: Manastir Petina ima značaj kao mesto molitve, liturgijskog sabranja i očuvanja pravoslavne tradicije. Na velike praznike i manastirsku slavu ovakve svetinje okupljaju vernike, hodočasnike i posetioce koji dolaze radi molitve, mira i upoznavanja sa duhovnim nasleđem. Monaški ili parohijski život, u zavisnosti od statusa svetinje, doprinosi kontinuitetu bogosluženja i prenošenju predanja na mlađe naraštaje.ZNAČAJ: Manastir Petina je važan deo crkvene, kulturne i istorijske mape Srbije. Njegov značaj nije samo verski, već i identitetski, jer svedoči o trajanju narodne pobožnosti, umetnosti i lokalnog pamćenja. Za potpuniji prikaz preporučuje se da se ovom zapisu naknadno dodaju provereni podaci o ktitoru, tačnoj godini nastanka, obnovama, poznatim svetinjama, freskama i drugim posebnostima vezanim baš za ovaj manastir.";images/monasteries/petina.jpg;;manastiri.rs;Nepoznat;1934;Podaci dopunjeni;dodato;;ok

ples;Manastir Pleš;Rasina;Aleksandrovac;Kratak pregled: Manastir Pleš.;43.4746;20.9245;aktivan;Eparhija kruševačka;"'OPŠTI PODACI: Manastir Pleš nalazi se u okviru Eparhije kruševačke i pripada korpusu značajnih pravoslavnih svetinja na prostoru Srbije. U evidenciji ovog projekta vezuje se za mesto ili šire područje širem području Srbije. Kratak pregled: Manastir Pleš. Manastirski kompleks se po pravilu sastoji od crkve, porte i pratećih objekata namenjenih bogosluženju i svakodnevnom monaškom životu.ISTORIJA: Tačna godina osnivanja, kao i ime prvobitnog ktitora, za ovaj zapis zahtevaju dodatnu proveru u pouzdanim crkvenim i istoriografskim izvorima. Ipak, za manastire ovog tipa uobičajeno je da su kroz vekove prolazili kroz periode gradnje, obnavljanja, a ponegde i razaranja usled ratova, seoba i političkih previranja. Zato je važno da se u daljoj obradi za Manastir Pleš dopune podaci o vremenu nastanka, eventualnim obnovama i ličnostima koje su učestvovale u njegovom podizanju ili obnovi. U aplikaciji ova sekcija može služiti kao mesto za unošenje konkretnih godina izgradnje, obnavljanja i restauracije čim budu potvrđene.ARHITEKTURA: Arhitektonska vrednost manastira ogleda se u spoju crkvene gradnje, uređenja enterijera i prilagođenosti prostora bogoslužbenoj funkciji. Poseban značaj obično imaju oltarski prostor, ikonostas, eventualni živopis, kao i sklad između hrama i prirodnog okruženja. Ako su sačuvani podaci o starijim fazama gradnje, ovde se kasnije mogu navesti stilske odlike, tip osnove hrama i najvažnije umetničke karakteristike.DUHOVNI ŽIVOT: Manastir Pleš ima značaj kao mesto molitve, liturgijskog sabranja i očuvanja pravoslavne tradicije. Na velike praznike i manastirsku slavu ovakve svetinje okupljaju vernike, hodočasnike i posetioce koji dolaze radi molitve, mira i upoznavanja sa duhovnim nasleđem. Monaški ili parohijski život, u zavisnosti od statusa svetinje, doprinosi kontinuitetu bogosluženja i prenošenju predanja na mlađe naraštaje.ZNAČAJ: Manastir Pleš je važan deo crkvene, kulturne i istorijske mape Srbije. Njegov značaj nije samo verski, već i identitetski, jer svedoči o trajanju narodne pobožnosti, umetnosti i lokalnog pamćenja. Za potpuniji prikaz preporučuje se da se ovom zapisu naknadno dodaju provereni podaci o ktitoru, tačnoj godini nastanka, obnovama, poznatim svetinjama, freskama i drugim posebnostima vezanim baš za ovaj manastir.'; images/monasteries/ples.jpg; ; manastiri.rs; Nemanjići; 1400; Podaci dopunjeni; dodato; ; ok rudenica; Manastir Rudenica; Šumadija; Aleksandrovac; Kratak pregled: Manastir Rudenica je poznata pravoslavna svetinja u oblasti Šumadija.; 43.5057767; 21.0863427; aktivan; Eparhija kruševačka";"OPŠTI PODACI: Manastir Rudenica nalazi se u okviru Eparhije kruševačke i pripada korpusu značajnih pravoslavnih svetinja na prostoru Srbije. U evidenciji ovog projekta vezuje se za mesto ili šire područje Kragujevac. Kratak pregled: Manastir Rudenica je poznata pravoslavna svetinja u oblasti Šumadija. Manastirski kompleks se po pravilu sastoji od crkve, porte i pratećih objekata namenjenih bogosluženju i svakodnevnom monaškom životu.ISTORIJA: Tačna godina osnivanja, kao i ime prvobitnog ktitora, za ovaj zapis zahtevaju dodatnu proveru u pouzdanim crkvenim i istoriografskim izvorima. Ipak, za manastire ovog tipa uobičajeno je da su kroz vekove prolazili kroz periode gradnje, obnavljanja, a ponegde i razaranja usled ratova, seoba i političkih previranja. Zato je važno da se u daljoj obradi za Manastir Rudenica dopune podaci o vremenu nastanka, eventualnim obnovama i ličnostima koje su učestvovale u njegovom podizanju ili obnovi. U aplikaciji ova sekcija može služiti kao mesto za unošenje konkretnih godina izgradnje, obnavljanja i restauracije čim budu potvrđene.ARHITEKTURA: Arhitektonska vrednost manastira ogleda se u spoju crkvene gradnje, uređenja enterijera i prilagođenosti prostora bogoslužbenoj funkciji. Poseban značaj obično imaju oltarski prostor, ikonostas, eventualni živopis, kao i sklad između hrama i prirodnog okruženja. Ako su sačuvani podaci o starijim fazama gradnje, ovde se kasnije mogu navesti stilske odlike, tip osnove hrama i najvažnije umetničke karakteristike.DUHOVNI ŽIVOT: Manastir Rudenica ima značaj kao mesto molitve, liturgijskog sabranja i očuvanja pravoslavne tradicije. Na velike praznike i manastirsku slavu ovakve svetinje okupljaju vernike, hodočasnike i posetioce koji dolaze radi molitve, mira i upoznavanja sa duhovnim nasleđem. Monaški ili parohijski život, u zavisnosti od statusa svetinje, doprinosi kontinuitetu bogosluženja i prenošenju predanja na mlađe naraštaje.ZNAČAJ: Manastir Rudenica je važan deo crkvene, kulturne i istorijske mape Srbije. Njegov značaj nije samo verski, već i identitetski, jer svedoči o trajanju narodne pobožnosti, umetnosti i lokalnog pamćenja. Za potpuniji prikaz preporučuje se da se ovom zapisu naknadno dodaju provereni podaci o ktitoru, tačnoj godini nastanka, obnovama, poznatim svetinjama, freskama i drugim posebnostima vezanim baš za ovaj manastir.";;;nepoznato;Vlastelin Vukašin;1390;Podaci dopunjeni;nominatim-second-pass;Manastir Manastir Rudenica, Srbija;ok
stevanac;Manastir Stevanac;Rasina;Ćićevac;Kratak pregled: Manastir Stevanac.;43.6669;21.4552;aktivan;Eparhija kruševačka;"OPŠTI PODACI: Manastir Stevanac nalazi se u okviru Eparhije kruševačke i pripada korpusu značajnih pravoslavnih svetinja na prostoru Srbije. U evidenciji ovog projekta vezuje se za mesto ili šire područje širem području Srbije. Kratak pregled: Manastir Stevanac. Manastirski kompleks se po pravilu sastoji od crkve, porte i pratećih objekata namenjenih bogosluženju i svakodnevnom monaškom životu.ISTORIJA: Tačna godina osnivanja, kao i ime prvobitnog ktitora, za ovaj zapis zahtevaju dodatnu proveru u pouzdanim crkvenim i istoriografskim izvorima. Ipak, za manastire ovog tipa uobičajeno je da su kroz vekove prolazili kroz periode gradnje, obnavljanja, a ponegde i razaranja usled ratova, seoba i političkih previranja. Zato je važno da se u daljoj obradi za Manastir Stevanac dopune podaci o vremenu nastanka, eventualnim obnovama i ličnostima koje su učestvovale u njegovom podizanju ili obnovi. U aplikaciji ova sekcija može služiti kao mesto za unošenje konkretnih godina izgradnje, obnavljanja i restauracije čim budu potvrđene.ARHITEKTURA: Arhitektonska vrednost manastira ogleda se u spoju crkvene gradnje, uređenja enterijera i prilagođenosti prostora bogoslužbenoj funkciji. Poseban značaj obično imaju oltarski prostor, ikonostas, eventualni živopis, kao i sklad između hrama i prirodnog okruženja. Ako su sačuvani podaci o starijim fazama gradnje, ovde se kasnije mogu navesti stilske odlike, tip osnove hrama i najvažnije umetničke karakteristike.DUHOVNI ŽIVOT: Manastir Stevanac ima značaj kao mesto molitve, liturgijskog sabranja i očuvanja pravoslavne tradicije. Na velike praznike i manastirsku slavu ovakve svetinje okupljaju vernike, hodočasnike i posetioce koji dolaze radi molitve, mira i upoznavanja sa duhovnim nasleđem. Monaški ili parohijski život, u zavisnosti od statusa svetinje, doprinosi kontinuitetu bogosluženja i prenošenju predanja na mlađe naraštaje.ZNAČAJ: Manastir Stevanac je važan deo crkvene, kulturne i istorijske mape Srbije. Njegov značaj nije samo verski, već i identitetski, jer svedoči o trajanju narodne pobožnosti, umetnosti i lokalnog pamćenja. Za potpuniji prikaz preporučuje se da se ovom zapisu naknadno dodaju provereni podaci o ktitoru, tačnoj godini nastanka, obnovama, poznatim svetinjama, freskama i drugim posebnostima vezanim baš za ovaj manastir.";images/monasteries/stevanac.jpg;;manastiri.rs;Nepoznat;1400;Podaci dopunjeni;dodato;;ok

strmac;Manastir Strmac;Rasina;Brus;Crkva je podignuta 1680. godine na temeljima starijeg manastira; predanje govori o narodnoj zadužbini i stradanju u turskom periodu.;43.4332;20.8921;aktivan;"Eparhija kruševačka; 'OPŠTI PODACI: Manastir Strmac nalazi se u okviru Eparhije kruševačke i pripada korpusu značajnih pravoslavnih svetinja na prostoru Srbije. U evidenciji ovog projekta vezuje se za mesto ili šire područje širem području Srbije. Crkva je podignuta 1680. godine na temeljima starijeg manastira"; predanje govori o narodnoj zadužbini i stradanju u turskom periodu. Manastirski kompleks se po pravilu sastoji od crkve, porte i pratećih objekata namenjenih bogosluženju i svakodnevnom monaškom životu.ISTORIJA: Tačna godina osnivanja, kao i ime prvobitnog ktitora, za ovaj zapis zahtevaju dodatnu proveru u pouzdanim crkvenim i istoriografskim izvorima. Ipak, za manastire ovog tipa uobičajeno je da su kroz vekove prolazili kroz periode gradnje, obnavljanja, a ponegde i razaranja usled ratova, seoba i političkih previranja. Zato je važno da se u daljoj obradi za Manastir Strmac dopune podaci o vremenu nastanka, eventualnim obnovama i ličnostima koje su učestvovale u njegovom podizanju ili obnovi. U aplikaciji ova sekcija može služiti kao mesto za unošenje konkretnih godina izgradnje, obnavljanja i restauracije čim budu potvrđene.ARHITEKTURA: Arhitektonska vrednost manastira ogleda se u spoju crkvene gradnje, uređenja enterijera i prilagođenosti prostora bogoslužbenoj funkciji. Poseban značaj obično imaju oltarski prostor, ikonostas, eventualni živopis, kao i sklad između hrama i prirodnog okruženja. Ako su sačuvani podaci o starijim fazama gradnje, ovde se kasnije mogu navesti stilske odlike, tip osnove hrama i najvažnije umetničke karakteristike.DUHOVNI ŽIVOT: Manastir Strmac ima značaj kao mesto molitve, liturgijskog sabranja i očuvanja pravoslavne tradicije. Na velike praznike i manastirsku slavu ovakve svetinje okupljaju vernike, hodočasnike i posetioce koji dolaze radi molitve, mira i upoznavanja sa duhovnim nasleđem. Monaški ili parohijski život, u zavisnosti od statusa svetinje, doprinosi kontinuitetu bogosluženja i prenošenju predanja na mlađe naraštaje.ZNAČAJ: Manastir Strmac je važan deo crkvene, kulturne i istorijske mape Srbije. Njegov značaj nije samo verski, već i identitetski, jer svedoči o trajanju narodne pobožnosti, umetnosti i lokalnog pamćenja. Za potpuniji prikaz preporučuje se da se ovom zapisu naknadno dodaju provereni podaci o ktitoru, tačnoj godini nastanka, obnovama, poznatim svetinjama, freskama i drugim posebnostima vezanim baš za ovaj manastir.";;;https://manastiri.rs/eparhije/krusevacka/manastir-strmac/;Narod;1680;Podaci dopunjeni;dodato;;ok
svojnovo;Manastir Svojnovo;Pomoravlje;Paraćin;Kratak pregled: Manastir Svojnovo.;43.7893317;21.2840852;aktivan;Eparhija kruševačka;"OPŠTI PODACI: Manastir Svojnovo nalazi se u okviru Eparhije kruševačke i pripada korpusu značajnih pravoslavnih svetinja na prostoru Srbije. U evidenciji ovog projekta vezuje se za mesto ili šire područje širem području Srbije. Kratak pregled: Manastir Svojnovo. Manastirski kompleks se po pravilu sastoji od crkve, porte i pratećih objekata namenjenih bogosluženju i svakodnevnom monaškom životu.ISTORIJA: Tačna godina osnivanja, kao i ime prvobitnog ktitora, za ovaj zapis zahtevaju dodatnu proveru u pouzdanim crkvenim i istoriografskim izvorima. Ipak, za manastire ovog tipa uobičajeno je da su kroz vekove prolazili kroz periode gradnje, obnavljanja, a ponegde i razaranja usled ratova, seoba i političkih previranja. Zato je važno da se u daljoj obradi za Manastir Svojnovo dopune podaci o vremenu nastanka, eventualnim obnovama i ličnostima koje su učestvovale u njegovom podizanju ili obnovi. U aplikaciji ova sekcija može služiti kao mesto za unošenje konkretnih godina izgradnje, obnavljanja i restauracije čim budu potvrđene.ARHITEKTURA: Arhitektonska vrednost manastira ogleda se u spoju crkvene gradnje, uređenja enterijera i prilagođenosti prostora bogoslužbenoj funkciji. Poseban značaj obično imaju oltarski prostor, ikonostas, eventualni živopis, kao i sklad između hrama i prirodnog okruženja. Ako su sačuvani podaci o starijim fazama gradnje, ovde se kasnije mogu navesti stilske odlike, tip osnove hrama i najvažnije umetničke karakteristike.DUHOVNI ŽIVOT: Manastir Svojnovo ima značaj kao mesto molitve, liturgijskog sabranja i očuvanja pravoslavne tradicije. Na velike praznike i manastirsku slavu ovakve svetinje okupljaju vernike, hodočasnike i posetioce koji dolaze radi molitve, mira i upoznavanja sa duhovnim nasleđem. Monaški ili parohijski život, u zavisnosti od statusa svetinje, doprinosi kontinuitetu bogosluženja i prenošenju predanja na mlađe naraštaje.ZNAČAJ: Manastir Svojnovo je važan deo crkvene, kulturne i istorijske mape Srbije. Njegov značaj nije samo verski, već i identitetski, jer svedoči o trajanju narodne pobožnosti, umetnosti i lokalnog pamćenja. Za potpuniji prikaz preporučuje se da se ovom zapisu naknadno dodaju provereni podaci o ktitoru, tačnoj godini nastanka, obnovama, poznatim svetinjama, freskama i drugim posebnostima vezanim baš za ovaj manastir.";images/monasteries/svojnovo.jpg;;manastiri.rs;Monah Sisoje;1390;Podaci dopunjeni;nominatim-second-pass;Manastir Manastir Svojnovo, Srbija;ok

veluce;Manastir Veluće;Rasina;Trstenik;Manastir Veluće se u tradiciji vezuje za moravski kulturni krug. Današnje bogoslužbeno življenje i mirno okruženje čine ga važnim mestom za poklonike.;43.5361632;21.0894995;aktivan;Eparhija kruševačka;"OPŠTI PODACI: Manastir Veluće nalazi se u okviru Eparhije kruševačke i pripada korpusu značajnih pravoslavnih svetinja na prostoru Srbije. U evidenciji ovog projekta vezuje se za mesto ili šire područje Trstenik. Manastir Veluće se u tradiciji vezuje za moravski kulturni krug. Današnje bogoslužbeno življenje i mirno okruženje čine ga važnim mestom za poklonike. Manastirski kompleks se po pravilu sastoji od crkve, porte i pratećih objekata namenjenih bogosluženju i svakodnevnom monaškom životu.ISTORIJA: Tačna godina osnivanja, kao i ime prvobitnog ktitora, za ovaj zapis zahtevaju dodatnu proveru u pouzdanim crkvenim i istoriografskim izvorima. Ipak, za manastire ovog tipa uobičajeno je da su kroz vekove prolazili kroz periode gradnje, obnavljanja, a ponegde i razaranja usled ratova, seoba i političkih previranja. Zato je važno da se u daljoj obradi za Manastir Veluće dopune podaci o vremenu nastanka, eventualnim obnovama i ličnostima koje su učestvovale u njegovom podizanju ili obnovi. U aplikaciji ova sekcija može služiti kao mesto za unošenje konkretnih godina izgradnje, obnavljanja i restauracije čim budu potvrđene.ARHITEKTURA: Arhitektonska vrednost manastira ogleda se u spoju crkvene gradnje, uređenja enterijera i prilagođenosti prostora bogoslužbenoj funkciji. Poseban značaj obično imaju oltarski prostor, ikonostas, eventualni živopis, kao i sklad između hrama i prirodnog okruženja. Ako su sačuvani podaci o starijim fazama gradnje, ovde se kasnije mogu navesti stilske odlike, tip osnove hrama i najvažnije umetničke karakteristike.DUHOVNI ŽIVOT: Manastir Veluće ima značaj kao mesto molitve, liturgijskog sabranja i očuvanja pravoslavne tradicije. Na velike praznike i manastirsku slavu ovakve svetinje okupljaju vernike, hodočasnike i posetioce koji dolaze radi molitve, mira i upoznavanja sa duhovnim nasleđem. Monaški ili parohijski život, u zavisnosti od statusa svetinje, doprinosi kontinuitetu bogosluženja i prenošenju predanja na mlađe naraštaje.ZNAČAJ: Manastir Veluće je važan deo crkvene, kulturne i istorijske mape Srbije. Njegov značaj nije samo verski, već i identitetski, jer svedoči o trajanju narodne pobožnosti, umetnosti i lokalnog pamćenja. Za potpuniji prikaz preporučuje se da se ovom zapisu naknadno dodaju provereni podaci o ktitoru, tačnoj godini nastanka, obnovama, poznatim svetinjama, freskama i drugim posebnostima vezanim baš za ovaj manastir.";;;https://manastiri.rs/eparhije/krusevacka/manastir-veluce/;Despotica Mara;1377;Podaci dopunjeni;osm-overpass-exact;sr:Манастир Велуће;ok

zilinci;Manastir Žilinci;Rasina;Brus;Kratak pregled: Manastir Žilinci.;43.3441;20.9567;aktivan;Eparhija kruševačka;"OPŠTI PODACI: Manastir Žilinci nalazi se u okviru Eparhije kruševačke i pripada korpusu značajnih pravoslavnih svetinja na prostoru Srbije. U evidenciji ovog projekta vezuje se za mesto ili šire područje širem području Srbije. Kratak pregled: Manastir Žilinci. Manastirski kompleks se po pravilu sastoji od crkve, porte i pratećih objekata namenjenih bogosluženju i svakodnevnom monaškom životu.ISTORIJA: Tačna godina osnivanja, kao i ime prvobitnog ktitora, za ovaj zapis zahtevaju dodatnu proveru u pouzdanim crkvenim i istoriografskim izvorima. Ipak, za manastire ovog tipa uobičajeno je da su kroz vekove prolazili kroz periode gradnje, obnavljanja, a ponegde i razaranja usled ratova, seoba i političkih previranja. Zato je važno da se u daljoj obradi za Manastir Žilinci dopune podaci o vremenu nastanka, eventualnim obnovama i ličnostima koje su učestvovale u njegovom podizanju ili obnovi. U aplikaciji ova sekcija može služiti kao mesto za unošenje konkretnih godina izgradnje, obnavljanja i restauracije čim budu potvrđene.ARHITEKTURA: Arhitektonska vrednost manastira ogleda se u spoju crkvene gradnje, uređenja enterijera i prilagođenosti prostora bogoslužbenoj funkciji. Poseban značaj obično imaju oltarski prostor, ikonostas, eventualni živopis, kao i sklad između hrama i prirodnog okruženja. Ako su sačuvani podaci o starijim fazama gradnje, ovde se kasnije mogu navesti stilske odlike, tip osnove hrama i najvažnije umetničke karakteristike.DUHOVNI ŽIVOT: Manastir Žilinci ima značaj kao mesto molitve, liturgijskog sabranja i očuvanja pravoslavne tradicije. Na velike praznike i manastirsku slavu ovakve svetinje okupljaju vernike, hodočasnike i posetioce koji dolaze radi molitve, mira i upoznavanja sa duhovnim nasleđem. Monaški ili parohijski život, u zavisnosti od statusa svetinje, doprinosi kontinuitetu bogosluženja i prenošenju predanja na mlađe naraštaje.ZNAČAJ: Manastir Žilinci je važan deo crkvene, kulturne i istorijske mape Srbije. Njegov značaj nije samo verski, već i identitetski, jer svedoči o trajanju narodne pobožnosti, umetnosti i lokalnog pamćenja. Za potpuniji prikaz preporučuje se da se ovom zapisu naknadno dodaju provereni podaci o ktitoru, tačnoj godini nastanka, obnovama, poznatim svetinjama, freskama i drugim posebnostima vezanim baš za ovaj manastir.";images/monasteries/zilinci.jpg;;manastiri.rs;Nepoznat;1500;Podaci dopunjeni;dodato;;ok

bistrica;Manastir Bistrica;Jugozapadna Srbija;Prijepolje;Kratak pregled: Manastir Bistrica.;44.3150509;21.5300951;aktivan;Eparhija mileševska;"OPŠTI PODACI: Manastir Bistrica nalazi se u okviru Eparhije mileševske i pripada korpusu značajnih pravoslavnih svetinja na prostoru Srbije. U evidenciji ovog projekta vezuje se za mesto ili šire područje širem području Srbije. Kratak pregled: Manastir Bistrica. Manastirski kompleks se po pravilu sastoji od crkve, porte i pratećih objekata namenjenih bogosluženju i svakodnevnom monaškom životu.ISTORIJA: Tačna godina osnivanja, kao i ime prvobitnog ktitora, za ovaj zapis zahtevaju dodatnu proveru u pouzdanim crkvenim i istoriografskim izvorima. Ipak, za manastire ovog tipa uobičajeno je da su kroz vekove prolazili kroz periode gradnje, obnavljanja, a ponegde i razaranja usled ratova, seoba i političkih previranja. Zato je važno da se u daljoj obradi za Manastir Bistrica dopune podaci o vremenu nastanka, eventualnim obnovama i ličnostima koje su učestvovale u njegovom podizanju ili obnovi. U aplikaciji ova sekcija može služiti kao mesto za unošenje konkretnih godina izgradnje, obnavljanja i restauracije čim budu potvrđene.ARHITEKTURA: Arhitektonska vrednost manastira ogleda se u spoju crkvene gradnje, uređenja enterijera i prilagođenosti prostora bogoslužbenoj funkciji. Poseban značaj obično imaju oltarski prostor, ikonostas, eventualni živopis, kao i sklad između hrama i prirodnog okruženja. Ako su sačuvani podaci o starijim fazama gradnje, ovde se kasnije mogu navesti stilske odlike, tip osnove hrama i najvažnije umetničke karakteristike.DUHOVNI ŽIVOT: Manastir Bistrica ima značaj kao mesto molitve, liturgijskog sabranja i očuvanja pravoslavne tradicije. Na velike praznike i manastirsku slavu ovakve svetinje okupljaju vernike, hodočasnike i posetioce koji dolaze radi molitve, mira i upoznavanja sa duhovnim nasleđem. Monaški ili parohijski život, u zavisnosti od statusa svetinje, doprinosi kontinuitetu bogosluženja i prenošenju predanja na mlađe naraštaje.ZNAČAJ: Manastir Bistrica je važan deo crkvene, kulturne i istorijske mape Srbije. Njegov značaj nije samo verski, već i identitetski, jer svedoči o trajanju narodne pobožnosti, umetnosti i lokalnog pamćenja. Za potpuniji prikaz preporučuje se da se ovom zapisu naknadno dodaju provereni podaci o ktitoru, tačnoj godini nastanka, obnovama, poznatim svetinjama, freskama i drugim posebnostima vezanim baš za ovaj manastir.";images/monasteries/bistrica.jpg;;manastiri.rs;Kralj Vladislav;1234;Podaci dopunjeni;nominatim-second-pass;Manastir Manastir Bistrica, Srbija;ok

davidovica;Manastir Davidovica;Jugozapadna Srbija;Prijepolje;Kratak pregled: Manastir Davidovica je poznata pravoslavna svetinja u oblasti Jugozapadna Srbija.;43.2400906;19.736343;aktivan;Eparhija mileševska;"'OPŠTI PODACI: Manastir Davidovica nalazi se u okviru Eparhije mileševske i pripada korpusu značajnih pravoslavnih svetinja na prostoru Srbije. U evidenciji ovog projekta vezuje se za mesto ili šire područje Prijepolje. Kratak pregled: Manastir Davidovica je poznata pravoslavna svetinja u oblasti Jugozapadna Srbija. Manastirski kompleks se po pravilu sastoji od crkve, porte i pratećih objekata namenjenih bogosluženju i svakodnevnom monaškom životu.ISTORIJA: Tačna godina osnivanja, kao i ime prvobitnog ktitora, za ovaj zapis zahtevaju dodatnu proveru u pouzdanim crkvenim i istoriografskim izvorima. Ipak, za manastire ovog tipa uobičajeno je da su kroz vekove prolazili kroz periode gradnje, obnavljanja, a ponegde i razaranja usled ratova, seoba i političkih previranja. Zato je važno da se u daljoj obradi za Manastir Davidovica dopune podaci o vremenu nastanka, eventualnim obnovama i ličnostima koje su učestvovale u njegovom podizanju ili obnovi. U aplikaciji ova sekcija može služiti kao mesto za unošenje konkretnih godina izgradnje, obnavljanja i restauracije čim budu potvrđene.ARHITEKTURA: Arhitektonska vrednost manastira ogleda se u spoju crkvene gradnje, uređenja enterijera i prilagođenosti prostora bogoslužbenoj funkciji. Poseban značaj obično imaju oltarski prostor, ikonostas, eventualni živopis, kao i sklad između hrama i prirodnog okruženja. Ako su sačuvani podaci o starijim fazama gradnje, ovde se kasnije mogu navesti stilske odlike, tip osnove hrama i najvažnije umetničke karakteristike.DUHOVNI ŽIVOT: Manastir Davidovica ima značaj kao mesto molitve, liturgijskog sabranja i očuvanja pravoslavne tradicije. Na velike praznike i manastirsku slavu ovakve svetinje okupljaju vernike, hodočasnike i posetioce koji dolaze radi molitve, mira i upoznavanja sa duhovnim nasleđem. Monaški ili parohijski život, u zavisnosti od statusa svetinje, doprinosi kontinuitetu bogosluženja i prenošenju predanja na mlađe naraštaje.ZNAČAJ: Manastir Davidovica je važan deo crkvene, kulturne i istorijske mape Srbije. Njegov značaj nije samo verski, već i identitetski, jer svedoči o trajanju narodne pobožnosti, umetnosti i lokalnog pamćenja. Za potpuniji prikaz preporučuje se da se ovom zapisu naknadno dodaju provereni podaci o ktitoru, tačnoj godini nastanka, obnovama, poznatim svetinjama, freskama i drugim posebnostima vezanim baš za ovaj manastir.'";;;nepoznato;Vukan Nemanjić;1281;Podaci dopunjeni;osm-overpass-exact;https://www.google.com/maps?q=43.2400906,19.736343;ok;ok
jabuka;Manastir Jabuka;Jugozapadna Srbija;Prijepolje;Novoosnovani manastir u prijepoljskom kraju, posvećen Svetom proroku Iliji, na obroncima planine Jabuke.;43.3448108;19.5197076;aktivan;Eparhija mileševska;"OPŠTI PODACI: Manastir Jabuka nalazi se u okviru Eparhije mileševske i pripada korpusu značajnih pravoslavnih svetinja na prostoru Srbije. U evidenciji ovog projekta vezuje se za mesto ili šire područje širem području Srbije. Novoosnovani manastir u prijepoljskom kraju, posvećen Svetom proroku Iliji, na obroncima planine Jabuke. Manastirski kompleks se po pravilu sastoji od crkve, porte i pratećih objekata namenjenih bogosluženju i svakodnevnom monaškom životu.ISTORIJA: Tačna godina osnivanja, kao i ime prvobitnog ktitora, za ovaj zapis zahtevaju dodatnu proveru u pouzdanim crkvenim i istoriografskim izvorima. Ipak, za manastire ovog tipa uobičajeno je da su kroz vekove prolazili kroz periode gradnje, obnavljanja, a ponegde i razaranja usled ratova, seoba i političkih previranja. Zato je važno da se u daljoj obradi za Manastir Jabuka dopune podaci o vremenu nastanka, eventualnim obnovama i ličnostima koje su učestvovale u njegovom podizanju ili obnovi. U aplikaciji ova sekcija može služiti kao mesto za unošenje konkretnih godina izgradnje, obnavljanja i restauracije čim budu potvrđene.ARHITEKTURA: Arhitektonska vrednost manastira ogleda se u spoju crkvene gradnje, uređenja enterijera i prilagođenosti prostora bogoslužbenoj funkciji. Poseban značaj obično imaju oltarski prostor, ikonostas, eventualni živopis, kao i sklad između hrama i prirodnog okruženja. Ako su sačuvani podaci o starijim fazama gradnje, ovde se kasnije mogu navesti stilske odlike, tip osnove hrama i najvažnije umetničke karakteristike.DUHOVNI ŽIVOT: Manastir Jabuka ima značaj kao mesto molitve, liturgijskog sabranja i očuvanja pravoslavne tradicije. Na velike praznike i manastirsku slavu ovakve svetinje okupljaju vernike, hodočasnike i posetioce koji dolaze radi molitve, mira i upoznavanja sa duhovnim nasleđem. Monaški ili parohijski život, u zavisnosti od statusa svetinje, doprinosi kontinuitetu bogosluženja i prenošenju predanja na mlađe naraštaje.ZNAČAJ: Manastir Jabuka je važan deo crkvene, kulturne i istorijske mape Srbije. Njegov značaj nije samo verski, već i identitetski, jer svedoči o trajanju narodne pobožnosti, umetnosti i lokalnog pamćenja. Za potpuniji prikaz preporučuje se da se ovom zapisu naknadno dodaju provereni podaci o ktitoru, tačnoj godini nastanka, obnovama, poznatim svetinjama, freskama i drugim posebnostima vezanim baš za ovaj manastir.";;;https://manastiri.rs/eparhije/milesevska/manastir-jabuka/;Narod;2011;Podaci dopunjeni;nominatim-second-pass;Manastir Manastir Jabuka, Srbija;ok

janja;Manastir Janja;Jugozapadna Srbija;Nova Varoš;Kratak pregled: Manastir Janja.;43.4334;19.9234;aktivan;Eparhija mileševska;"OPŠTI PODACI: Manastir Janja nalazi se u okviru Eparhije mileševske i pripada korpusu značajnih pravoslavnih svetinja na prostoru Srbije. U evidenciji ovog projekta vezuje se za mesto ili šire područje širem području Srbije. Kratak pregled: Manastir Janja. Manastirski kompleks se po pravilu sastoji od crkve, porte i pratećih objekata namenjenih bogosluženju i svakodnevnom monaškom životu.ISTORIJA: Tačna godina osnivanja, kao i ime prvobitnog ktitora, za ovaj zapis zahtevaju dodatnu proveru u pouzdanim crkvenim i istoriografskim izvorima. Ipak, za manastire ovog tipa uobičajeno je da su kroz vekove prolazili kroz periode gradnje, obnavljanja, a ponegde i razaranja usled ratova, seoba i političkih previranja. Zato je važno da se u daljoj obradi za Manastir Janja dopune podaci o vremenu nastanka, eventualnim obnovama i ličnostima koje su učestvovale u njegovom podizanju ili obnovi. U aplikaciji ova sekcija može služiti kao mesto za unošenje konkretnih godina izgradnje, obnavljanja i restauracije čim budu potvrđene.ARHITEKTURA: Arhitektonska vrednost manastira ogleda se u spoju crkvene gradnje, uređenja enterijera i prilagođenosti prostora bogoslužbenoj funkciji. Poseban značaj obično imaju oltarski prostor, ikonostas, eventualni živopis, kao i sklad između hrama i prirodnog okruženja. Ako su sačuvani podaci o starijim fazama gradnje, ovde se kasnije mogu navesti stilske odlike, tip osnove hrama i najvažnije umetničke karakteristike.DUHOVNI ŽIVOT: Manastir Janja ima značaj kao mesto molitve, liturgijskog sabranja i očuvanja pravoslavne tradicije. Na velike praznike i manastirsku slavu ovakve svetinje okupljaju vernike, hodočasnike i posetioce koji dolaze radi molitve, mira i upoznavanja sa duhovnim nasleđem. Monaški ili parohijski život, u zavisnosti od statusa svetinje, doprinosi kontinuitetu bogosluženja i prenošenju predanja na mlađe naraštaje.ZNAČAJ: Manastir Janja je važan deo crkvene, kulturne i istorijske mape Srbije. Njegov značaj nije samo verski, već i identitetski, jer svedoči o trajanju narodne pobožnosti, umetnosti i lokalnog pamćenja. Za potpuniji prikaz preporučuje se da se ovom zapisu naknadno dodaju provereni podaci o ktitoru, tačnoj godini nastanka, obnovama, poznatim svetinjama, freskama i drugim posebnostima vezanim baš za ovaj manastir.";images/monasteries/janja.jpg;;manastiri.rs;Nepoznat;1500;Podaci dopunjeni;dodato;;ok

kumanica;Manastir Kumanica;Jugozapadna Srbija;Sjenica;Smešten je u dolini Lima, u selu Vrbnica. Prvo pominjanje je iz 16. veka, a manastir je obnovljen početkom 21. veka.;43.1538508;19.7818688;aktivan;Eparhija mileševska;"OPŠTI PODACI: Manastir Kumanica nalazi se u okviru Eparhije mileševske i pripada korpusu značajnih pravoslavnih svetinja na prostoru Srbije. U evidenciji ovog projekta vezuje se za mesto ili šire područje širem području Srbije. Smešten je u dolini Lima, u selu Vrbnica. Prvo pominjanje je iz 16. veka, a manastir je obnovljen početkom 21. veka. Manastirski kompleks se po pravilu sastoji od crkve, porte i pratećih objekata namenjenih bogosluženju i svakodnevnom monaškom životu.ISTORIJA: Tačna godina osnivanja, kao i ime prvobitnog ktitora, za ovaj zapis zahtevaju dodatnu proveru u pouzdanim crkvenim i istoriografskim izvorima. Ipak, za manastire ovog tipa uobičajeno je da su kroz vekove prolazili kroz periode gradnje, obnavljanja, a ponegde i razaranja usled ratova, seoba i političkih previranja. Zato je važno da se u daljoj obradi za Manastir Kumanica dopune podaci o vremenu nastanka, eventualnim obnovama i ličnostima koje su učestvovale u njegovom podizanju ili obnovi. U aplikaciji ova sekcija može služiti kao mesto za unošenje konkretnih godina izgradnje, obnavljanja i restauracije čim budu potvrđene.ARHITEKTURA: Arhitektonska vrednost manastira ogleda se u spoju crkvene gradnje, uređenja enterijera i prilagođenosti prostora bogoslužbenoj funkciji. Poseban značaj obično imaju oltarski prostor, ikonostas, eventualni živopis, kao i sklad između hrama i prirodnog okruženja. Ako su sačuvani podaci o starijim fazama gradnje, ovde se kasnije mogu navesti stilske odlike, tip osnove hrama i najvažnije umetničke karakteristike.DUHOVNI ŽIVOT: Manastir Kumanica ima značaj kao mesto molitve, liturgijskog sabranja i očuvanja pravoslavne tradicije. Na velike praznike i manastirsku slavu ovakve svetinje okupljaju vernike, hodočasnike i posetioce koji dolaze radi molitve, mira i upoznavanja sa duhovnim nasleđem. Monaški ili parohijski život, u zavisnosti od statusa svetinje, doprinosi kontinuitetu bogosluženja i prenošenju predanja na mlađe naraštaje.ZNAČAJ: Manastir Kumanica je važan deo crkvene, kulturne i istorijske mape Srbije. Njegov značaj nije samo verski, već i identitetski, jer svedoči o trajanju narodne pobožnosti, umetnosti i lokalnog pamćenja. Za potpuniji prikaz preporučuje se da se ovom zapisu naknadno dodaju provereni podaci o ktitoru, tačnoj godini nastanka, obnovama, poznatim svetinjama, freskama i drugim posebnostima vezanim baš za ovaj manastir.";;;https://manastiri.rs/eparhije/milesevska/manastir-kumanica/;Nepoznat;1500;Podaci dopunjeni;osm-overpass-exact;sr:Манастир Куманица;ok

mazici;Manastir Mažići;Jugozapadna Srbija;Priboj;Kratak pregled: Manastir Mažići.;43.503129;19.591929;aktivan;Eparhija mileševska;"OPŠTI PODACI: Manastir Mažići nalazi se u okviru Eparhije mileševske i pripada korpusu značajnih pravoslavnih svetinja na prostoru Srbije. U evidenciji ovog projekta vezuje se za mesto ili šire područje širem području Srbije. Kratak pregled: Manastir Mažići. Manastirski kompleks se po pravilu sastoji od crkve, porte i pratećih objekata namenjenih bogosluženju i svakodnevnom monaškom životu.ISTORIJA: Tačna godina osnivanja, kao i ime prvobitnog ktitora, za ovaj zapis zahtevaju dodatnu proveru u pouzdanim crkvenim i istoriografskim izvorima. Ipak, za manastire ovog tipa uobičajeno je da su kroz vekove prolazili kroz periode gradnje, obnavljanja, a ponegde i razaranja usled ratova, seoba i političkih previranja. Zato je važno da se u daljoj obradi za Manastir Mažići dopune podaci o vremenu nastanka, eventualnim obnovama i ličnostima koje su učestvovale u njegovom podizanju ili obnovi. U aplikaciji ova sekcija može služiti kao mesto za unošenje konkretnih godina izgradnje, obnavljanja i restauracije čim budu potvrđene.ARHITEKTURA: Arhitektonska vrednost manastira ogleda se u spoju crkvene gradnje, uređenja enterijera i prilagođenosti prostora bogoslužbenoj funkciji. Poseban značaj obično imaju oltarski prostor, ikonostas, eventualni živopis, kao i sklad između hrama i prirodnog okruženja. Ako su sačuvani podaci o starijim fazama gradnje, ovde se kasnije mogu navesti stilske odlike, tip osnove hrama i najvažnije umetničke karakteristike.DUHOVNI ŽIVOT: Manastir Mažići ima značaj kao mesto molitve, liturgijskog sabranja i očuvanja pravoslavne tradicije. Na velike praznike i manastirsku slavu ovakve svetinje okupljaju vernike, hodočasnike i posetioce koji dolaze radi molitve, mira i upoznavanja sa duhovnim nasleđem. Monaški ili parohijski život, u zavisnosti od statusa svetinje, doprinosi kontinuitetu bogosluženja i prenošenju predanja na mlađe naraštaje.ZNAČAJ: Manastir Mažići je važan deo crkvene, kulturne i istorijske mape Srbije. Njegov značaj nije samo verski, već i identitetski, jer svedoči o trajanju narodne pobožnosti, umetnosti i lokalnog pamćenja. Za potpuniji prikaz preporučuje se da se ovom zapisu naknadno dodaju provereni podaci o ktitoru, tačnoj godini nastanka, obnovama, poznatim svetinjama, freskama i drugim posebnostima vezanim baš za ovaj manastir.";images/monasteries/mazici.jpg;;manastiri.rs;Kralj Milutin;1200;Podaci dopunjeni;nominatim-second-pass;Manastir Manastir Mažići, Srbija;ok

mileseva;Manastir Mileševa;Jugozapadna Srbija;Prijepolje;Kratak pregled: Manastir Mileševa je poznata pravoslavna svetinja u oblasti Jugozapadna Srbija.;43.3718325;19.709469;aktivan;Eparhija mileševska;"OPŠTI PODACI: Manastir Mileševa nalazi se u okviru Eparhije mileševske i pripada korpusu značajnih pravoslavnih svetinja na prostoru Srbije. U evidenciji ovog projekta vezuje se za mesto ili šire područje Prijepolje. Kratak pregled: Manastir Mileševa je poznata pravoslavna svetinja u oblasti Jugozapadna Srbija. Manastirski kompleks se po pravilu sastoji od crkve, porte i pratećih objekata namenjenih bogosluženju i svakodnevnom monaškom životu.ISTORIJA: Tačna godina osnivanja, kao i ime prvobitnog ktitora, za ovaj zapis zahtevaju dodatnu proveru u pouzdanim crkvenim i istoriografskim izvorima. Ipak, za manastire ovog tipa uobičajeno je da su kroz vekove prolazili kroz periode gradnje, obnavljanja, a ponegde i razaranja usled ratova, seoba i političkih previranja. Zato je važno da se u daljoj obradi za Manastir Mileševa dopune podaci o vremenu nastanka, eventualnim obnovama i ličnostima koje su učestvovale u njegovom podizanju ili obnovi. U aplikaciji ova sekcija može služiti kao mesto za unošenje konkretnih godina izgradnje, obnavljanja i restauracije čim budu potvrđene.ARHITEKTURA: Arhitektonska vrednost manastira ogleda se u spoju crkvene gradnje, uređenja enterijera i prilagođenosti prostora bogoslužbenoj funkciji. Poseban značaj obično imaju oltarski prostor, ikonostas, eventualni živopis, kao i sklad između hrama i prirodnog okruženja. Ako su sačuvani podaci o starijim fazama gradnje, ovde se kasnije mogu navesti stilske odlike, tip osnove hrama i najvažnije umetničke karakteristike.DUHOVNI ŽIVOT: Manastir Mileševa ima značaj kao mesto molitve, liturgijskog sabranja i očuvanja pravoslavne tradicije. Na velike praznike i manastirsku slavu ovakve svetinje okupljaju vernike, hodočasnike i posetioce koji dolaze radi molitve, mira i upoznavanja sa duhovnim nasleđem. Monaški ili parohijski život, u zavisnosti od statusa svetinje, doprinosi kontinuitetu bogosluženja i prenošenju predanja na mlađe naraštaje.ZNAČAJ: Manastir Mileševa je važan deo crkvene, kulturne i istorijske mape Srbije. Njegov značaj nije samo verski, već i identitetski, jer svedoči o trajanju narodne pobožnosti, umetnosti i lokalnog pamćenja. Za potpuniji prikaz preporučuje se da se ovom zapisu naknadno dodaju provereni podaci o ktitoru, tačnoj godini nastanka, obnovama, poznatim svetinjama, freskama i drugim posebnostima vezanim baš za ovaj manastir.";;;nepoznato;Kralj Vladislav Nemanjić;1219;Podaci dopunjeni;nominatim-second-pass;Manastir Manastir Mileševa, Prijepolje, Srbija;ok

pribojska-banja;Manastir Pribojska Banja;Jugozapadna Srbija;Priboj;Manastir kod Priboja, sa crkvom Svetog Nikole; izvori navode starije poreklo i više obnova kroz vekove.;43.547717;19.5600227;aktivan;"Eparhija mileševska; 'OPŠTI PODACI: Manastir Pribojska Banja nalazi se u okviru Eparhije mileševske i pripada korpusu značajnih pravoslavnih svetinja na prostoru Srbije. U evidenciji ovog projekta vezuje se za mesto ili šire područje širem području Srbije. Manastir kod Priboja, sa crkvom Svetog Nikole"; izvori navode starije poreklo i više obnova kroz vekove. Manastirski kompleks se po pravilu sastoji od crkve, porte i pratećih objekata namenjenih bogosluženju i svakodnevnom monaškom životu.ISTORIJA: Tačna godina osnivanja, kao i ime prvobitnog ktitora, za ovaj zapis zahtevaju dodatnu proveru u pouzdanim crkvenim i istoriografskim izvorima. Ipak, za manastire ovog tipa uobičajeno je da su kroz vekove prolazili kroz periode gradnje, obnavljanja, a ponegde i razaranja usled ratova, seoba i političkih previranja. Zato je važno da se u daljoj obradi za Manastir Pribojska Banja dopune podaci o vremenu nastanka, eventualnim obnovama i ličnostima koje su učestvovale u njegovom podizanju ili obnovi. U aplikaciji ova sekcija može služiti kao mesto za unošenje konkretnih godina izgradnje, obnavljanja i restauracije čim budu potvrđene.ARHITEKTURA: Arhitektonska vrednost manastira ogleda se u spoju crkvene gradnje, uređenja enterijera i prilagođenosti prostora bogoslužbenoj funkciji. Poseban značaj obično imaju oltarski prostor, ikonostas, eventualni živopis, kao i sklad između hrama i prirodnog okruženja. Ako su sačuvani podaci o starijim fazama gradnje, ovde se kasnije mogu navesti stilske odlike, tip osnove hrama i najvažnije umetničke karakteristike.DUHOVNI ŽIVOT: Manastir Pribojska Banja ima značaj kao mesto molitve, liturgijskog sabranja i očuvanja pravoslavne tradicije. Na velike praznike i manastirsku slavu ovakve svetinje okupljaju vernike, hodočasnike i posetioce koji dolaze radi molitve, mira i upoznavanja sa duhovnim nasleđem. Monaški ili parohijski život, u zavisnosti od statusa svetinje, doprinosi kontinuitetu bogosluženja i prenošenju predanja na mlađe naraštaje.ZNAČAJ: Manastir Pribojska Banja je važan deo crkvene, kulturne i istorijske mape Srbije. Njegov značaj nije samo verski, već i identitetski, jer svedoči o trajanju narodne pobožnosti, umetnosti i lokalnog pamćenja. Za potpuniji prikaz preporučuje se da se ovom zapisu naknadno dodaju provereni podaci o ktitoru, tačnoj godini nastanka, obnovama, poznatim svetinjama, freskama i drugim posebnostima vezanim baš za ovaj manastir.";;;https://manastiri.rs/eparhije/milesevska/manastir-pribojska-banja/;Stefan Dečanski;1329;Podaci dopunjeni;nominatim-second-pass;Manastir Manastir Pribojska Banja, Srbija;ok
pustinja-valjevska;Manastir Pustinja;Kolubara;Valjevo;Kratak pregled: Manastir Pustinja je poznata pravoslavna svetinja u oblasti Valjevo.;44.2029382;19.7035848;aktivan;Eparhija mileševska;"OPŠTI PODACI: Manastir Pustinja nalazi se u okviru Eparhije mileševske i pripada korpusu značajnih pravoslavnih svetinja na prostoru Srbije. U evidenciji ovog projekta vezuje se za mesto ili šire područje Valjevo. Kratak pregled: Manastir Pustinja je poznata pravoslavna svetinja u oblasti Valjevo. Manastirski kompleks se po pravilu sastoji od crkve, porte i pratećih objekata namenjenih bogosluženju i svakodnevnom monaškom životu.ISTORIJA: Tačna godina osnivanja, kao i ime prvobitnog ktitora, za ovaj zapis zahtevaju dodatnu proveru u pouzdanim crkvenim i istoriografskim izvorima. Ipak, za manastire ovog tipa uobičajeno je da su kroz vekove prolazili kroz periode gradnje, obnavljanja, a ponegde i razaranja usled ratova, seoba i političkih previranja. Zato je važno da se u daljoj obradi za Manastir Pustinja dopune podaci o vremenu nastanka, eventualnim obnovama i ličnostima koje su učestvovale u njegovom podizanju ili obnovi. U aplikaciji ova sekcija može služiti kao mesto za unošenje konkretnih godina izgradnje, obnavljanja i restauracije čim budu potvrđene.ARHITEKTURA: Arhitektonska vrednost manastira ogleda se u spoju crkvene gradnje, uređenja enterijera i prilagođenosti prostora bogoslužbenoj funkciji. Poseban značaj obično imaju oltarski prostor, ikonostas, eventualni živopis, kao i sklad između hrama i prirodnog okruženja. Ako su sačuvani podaci o starijim fazama gradnje, ovde se kasnije mogu navesti stilske odlike, tip osnove hrama i najvažnije umetničke karakteristike.DUHOVNI ŽIVOT: Manastir Pustinja ima značaj kao mesto molitve, liturgijskog sabranja i očuvanja pravoslavne tradicije. Na velike praznike i manastirsku slavu ovakve svetinje okupljaju vernike, hodočasnike i posetioce koji dolaze radi molitve, mira i upoznavanja sa duhovnim nasleđem. Monaški ili parohijski život, u zavisnosti od statusa svetinje, doprinosi kontinuitetu bogosluženja i prenošenju predanja na mlađe naraštaje.ZNAČAJ: Manastir Pustinja je važan deo crkvene, kulturne i istorijske mape Srbije. Njegov značaj nije samo verski, već i identitetski, jer svedoči o trajanju narodne pobožnosti, umetnosti i lokalnog pamćenja. Za potpuniji prikaz preporučuje se da se ovom zapisu naknadno dodaju provereni podaci o ktitoru, tačnoj godini nastanka, obnovama, poznatim svetinjama, freskama i drugim posebnostima vezanim baš za ovaj manastir.";;;nepoznato;Monah Joakim;1622;Podaci dopunjeni;nominatim-second-pass;Manastir Manastir Pustinja, Valjevo, Srbija;ok

seljani;Manastir Seljani;Jugozapadna Srbija;Prijepolje;Kratak pregled: Manastir Seljani.;43.3444;19.6543;aktivan;Eparhija mileševska;"OPŠTI PODACI: Manastir Seljani nalazi se u okviru Eparhije mileševske i pripada korpusu značajnih pravoslavnih svetinja na prostoru Srbije. U evidenciji ovog projekta vezuje se za mesto ili šire područje širem području Srbije. Kratak pregled: Manastir Seljani. Manastirski kompleks se po pravilu sastoji od crkve, porte i pratećih objekata namenjenih bogosluženju i svakodnevnom monaškom životu.ISTORIJA: Tačna godina osnivanja, kao i ime prvobitnog ktitora, za ovaj zapis zahtevaju dodatnu proveru u pouzdanim crkvenim i istoriografskim izvorima. Ipak, za manastire ovog tipa uobičajeno je da su kroz vekove prolazili kroz periode gradnje, obnavljanja, a ponegde i razaranja usled ratova, seoba i političkih previranja. Zato je važno da se u daljoj obradi za Manastir Seljani dopune podaci o vremenu nastanka, eventualnim obnovama i ličnostima koje su učestvovale u njegovom podizanju ili obnovi. U aplikaciji ova sekcija može služiti kao mesto za unošenje konkretnih godina izgradnje, obnavljanja i restauracije čim budu potvrđene.ARHITEKTURA: Arhitektonska vrednost manastira ogleda se u spoju crkvene gradnje, uređenja enterijera i prilagođenosti prostora bogoslužbenoj funkciji. Poseban značaj obično imaju oltarski prostor, ikonostas, eventualni živopis, kao i sklad između hrama i prirodnog okruženja. Ako su sačuvani podaci o starijim fazama gradnje, ovde se kasnije mogu navesti stilske odlike, tip osnove hrama i najvažnije umetničke karakteristike.DUHOVNI ŽIVOT: Manastir Seljani ima značaj kao mesto molitve, liturgijskog sabranja i očuvanja pravoslavne tradicije. Na velike praznike i manastirsku slavu ovakve svetinje okupljaju vernike, hodočasnike i posetioce koji dolaze radi molitve, mira i upoznavanja sa duhovnim nasleđem. Monaški ili parohijski život, u zavisnosti od statusa svetinje, doprinosi kontinuitetu bogosluženja i prenošenju predanja na mlađe naraštaje.ZNAČAJ: Manastir Seljani je važan deo crkvene, kulturne i istorijske mape Srbije. Njegov značaj nije samo verski, već i identitetski, jer svedoči o trajanju narodne pobožnosti, umetnosti i lokalnog pamćenja. Za potpuniji prikaz preporučuje se da se ovom zapisu naknadno dodaju provereni podaci o ktitoru, tačnoj godini nastanka, obnovama, poznatim svetinjama, freskama i drugim posebnostima vezanim baš za ovaj manastir.";images/monasteries/seljani.jpg;;manastiri.rs;Nepoznat;1800;Podaci dopunjeni;dodato;;ok

ajdanovac;Manastir Ajdanovac;Južna Srbija;Prokuplje;Kod Prokuplja; izvori ga vezuju za 14/15. vek i živopis iz 15. veka, uz kasnije obnove.;43.3484713;21.381316;aktivan;"Eparhija niška; 'OPŠTI PODACI: Manastir Ajdanovac nalazi se u okviru Eparhije niške i pripada korpusu značajnih pravoslavnih svetinja na prostoru Srbije. U evidenciji ovog projekta vezuje se za mesto ili šire područje širem području Srbije. Kod Prokuplja"; izvori ga vezuju za 14/15. vek i živopis iz 15. veka, uz kasnije obnove. Manastirski kompleks se po pravilu sastoji od crkve, porte i pratećih objekata namenjenih bogosluženju i svakodnevnom monaškom životu.ISTORIJA: Tačna godina osnivanja, kao i ime prvobitnog ktitora, za ovaj zapis zahtevaju dodatnu proveru u pouzdanim crkvenim i istoriografskim izvorima. Ipak, za manastire ovog tipa uobičajeno je da su kroz vekove prolazili kroz periode gradnje, obnavljanja, a ponegde i razaranja usled ratova, seoba i političkih previranja. Zato je važno da se u daljoj obradi za Manastir Ajdanovac dopune podaci o vremenu nastanka, eventualnim obnovama i ličnostima koje su učestvovale u njegovom podizanju ili obnovi. U aplikaciji ova sekcija može služiti kao mesto za unošenje konkretnih godina izgradnje, obnavljanja i restauracije čim budu potvrđene.ARHITEKTURA: Arhitektonska vrednost manastira ogleda se u spoju crkvene gradnje, uređenja enterijera i prilagođenosti prostora bogoslužbenoj funkciji. Poseban značaj obično imaju oltarski prostor, ikonostas, eventualni živopis, kao i sklad između hrama i prirodnog okruženja. Ako su sačuvani podaci o starijim fazama gradnje, ovde se kasnije mogu navesti stilske odlike, tip osnove hrama i najvažnije umetničke karakteristike.DUHOVNI ŽIVOT: Manastir Ajdanovac ima značaj kao mesto molitve, liturgijskog sabranja i očuvanja pravoslavne tradicije. Na velike praznike i manastirsku slavu ovakve svetinje okupljaju vernike, hodočasnike i posetioce koji dolaze radi molitve, mira i upoznavanja sa duhovnim nasleđem. Monaški ili parohijski život, u zavisnosti od statusa svetinje, doprinosi kontinuitetu bogosluženja i prenošenju predanja na mlađe naraštaje.ZNAČAJ: Manastir Ajdanovac je važan deo crkvene, kulturne i istorijske mape Srbije. Njegov značaj nije samo verski, već i identitetski, jer svedoči o trajanju narodne pobožnosti, umetnosti i lokalnog pamćenja. Za potpuniji prikaz preporučuje se da se ovom zapisu naknadno dodaju provereni podaci o ktitoru, tačnoj godini nastanka, obnovama, poznatim svetinjama, freskama i drugim posebnostima vezanim baš za ovaj manastir.";;;https://manastiri.rs/eparhije/niska/manastir-ajdanovac/;Đurađ Branković;1485;Podaci dopunjeni;nominatim-second-pass;Manastir Manastir Ajdanovac, Srbija;ok
babicko;Manastir Babičko;Južna Srbija;Leskovac;Kratak pregled: Manastir Babičko.;43.1350122;21.9850722;aktivan;Eparhija niška;"OPŠTI PODACI: Manastir Babičko nalazi se u okviru Eparhije niške i pripada korpusu značajnih pravoslavnih svetinja na prostoru Srbije. U evidenciji ovog projekta vezuje se za mesto ili šire područje širem području Srbije. Kratak pregled: Manastir Babičko. Manastirski kompleks se po pravilu sastoji od crkve, porte i pratećih objekata namenjenih bogosluženju i svakodnevnom monaškom životu.ISTORIJA: Tačna godina osnivanja, kao i ime prvobitnog ktitora, za ovaj zapis zahtevaju dodatnu proveru u pouzdanim crkvenim i istoriografskim izvorima. Ipak, za manastire ovog tipa uobičajeno je da su kroz vekove prolazili kroz periode gradnje, obnavljanja, a ponegde i razaranja usled ratova, seoba i političkih previranja. Zato je važno da se u daljoj obradi za Manastir Babičko dopune podaci o vremenu nastanka, eventualnim obnovama i ličnostima koje su učestvovale u njegovom podizanju ili obnovi. U aplikaciji ova sekcija može služiti kao mesto za unošenje konkretnih godina izgradnje, obnavljanja i restauracije čim budu potvrđene.ARHITEKTURA: Arhitektonska vrednost manastira ogleda se u spoju crkvene gradnje, uređenja enterijera i prilagođenosti prostora bogoslužbenoj funkciji. Poseban značaj obično imaju oltarski prostor, ikonostas, eventualni živopis, kao i sklad između hrama i prirodnog okruženja. Ako su sačuvani podaci o starijim fazama gradnje, ovde se kasnije mogu navesti stilske odlike, tip osnove hrama i najvažnije umetničke karakteristike.DUHOVNI ŽIVOT: Manastir Babičko ima značaj kao mesto molitve, liturgijskog sabranja i očuvanja pravoslavne tradicije. Na velike praznike i manastirsku slavu ovakve svetinje okupljaju vernike, hodočasnike i posetioce koji dolaze radi molitve, mira i upoznavanja sa duhovnim nasleđem. Monaški ili parohijski život, u zavisnosti od statusa svetinje, doprinosi kontinuitetu bogosluženja i prenošenju predanja na mlađe naraštaje.ZNAČAJ: Manastir Babičko je važan deo crkvene, kulturne i istorijske mape Srbije. Njegov značaj nije samo verski, već i identitetski, jer svedoči o trajanju narodne pobožnosti, umetnosti i lokalnog pamćenja. Za potpuniji prikaz preporučuje se da se ovom zapisu naknadno dodaju provereni podaci o ktitoru, tačnoj godini nastanka, obnovama, poznatim svetinjama, freskama i drugim posebnostima vezanim baš za ovaj manastir.";images/monasteries/babicko.jpg;;manastiri.rs;Braća Mrnjavčevići;1539;Podaci dopunjeni;nominatim-second-pass;Manastir Manastir Babičko, Srbija;ok

bazovik;Manastir Bazovik;Jugoistočna Srbija;Pirot;Kratak pregled: Manastir Bazovik.;43.2841;22.4215;aktivan;Eparhija niška;"'OPŠTI PODACI: Manastir Bazovik nalazi se u okviru Eparhije niške i pripada korpusu značajnih pravoslavnih svetinja na prostoru Srbije. U evidenciji ovog projekta vezuje se za mesto ili šire područje širem području Srbije. Kratak pregled: Manastir Bazovik. Manastirski kompleks se po pravilu sastoji od crkve, porte i pratećih objekata namenjenih bogosluženju i svakodnevnom monaškom životu.ISTORIJA: Tačna godina osnivanja, kao i ime prvobitnog ktitora, za ovaj zapis zahtevaju dodatnu proveru u pouzdanim crkvenim i istoriografskim izvorima. Ipak, za manastire ovog tipa uobičajeno je da su kroz vekove prolazili kroz periode gradnje, obnavljanja, a ponegde i razaranja usled ratova, seoba i političkih previranja. Zato je važno da se u daljoj obradi za Manastir Bazovik dopune podaci o vremenu nastanka, eventualnim obnovama i ličnostima koje su učestvovale u njegovom podizanju ili obnovi. U aplikaciji ova sekcija može služiti kao mesto za unošenje konkretnih godina izgradnje, obnavljanja i restauracije čim budu potvrđene.ARHITEKTURA: Arhitektonska vrednost manastira ogleda se u spoju crkvene gradnje, uređenja enterijera i prilagođenosti prostora bogoslužbenoj funkciji. Poseban značaj obično imaju oltarski prostor, ikonostas, eventualni živopis, kao i sklad između hrama i prirodnog okruženja. Ako su sačuvani podaci o starijim fazama gradnje, ovde se kasnije mogu navesti stilske odlike, tip osnove hrama i najvažnije umetničke karakteristike.DUHOVNI ŽIVOT: Manastir Bazovik ima značaj kao mesto molitve, liturgijskog sabranja i očuvanja pravoslavne tradicije. Na velike praznike i manastirsku slavu ovakve svetinje okupljaju vernike, hodočasnike i posetioce koji dolaze radi molitve, mira i upoznavanja sa duhovnim nasleđem. Monaški ili parohijski život, u zavisnosti od statusa svetinje, doprinosi kontinuitetu bogosluženja i prenošenju predanja na mlađe naraštaje.ZNAČAJ: Manastir Bazovik je važan deo crkvene, kulturne i istorijske mape Srbije. Njegov značaj nije samo verski, već i identitetski, jer svedoči o trajanju narodne pobožnosti, umetnosti i lokalnog pamćenja. Za potpuniji prikaz preporučuje se da se ovom zapisu naknadno dodaju provereni podaci o ktitoru, tačnoj godini nastanka, obnovama, poznatim svetinjama, freskama i drugim posebnostima vezanim baš za ovaj manastir.'; images/monasteries/bazovik.jpg; ; manastiri.rs; Nepoznat; 1900; Podaci dopunjeni; dodato; ; ok brajina; Manastir Brajina; Južna Srbija; Niš; Kratak pregled: Manastir Brajina.; 43.3000; 21.9000; aktivan; Eparhija niška";"OPŠTI PODACI: Manastir Brajina nalazi se u okviru Eparhije niške i pripada korpusu značajnih pravoslavnih svetinja na prostoru Srbije. U evidenciji ovog projekta vezuje se za mesto ili šire područje širem području Srbije. Kratak pregled: Manastir Brajina. Manastirski kompleks se po pravilu sastoji od crkve, porte i pratećih objekata namenjenih bogosluženju i svakodnevnom monaškom životu.ISTORIJA: Tačna godina osnivanja, kao i ime prvobitnog ktitora, za ovaj zapis zahtevaju dodatnu proveru u pouzdanim crkvenim i istoriografskim izvorima. Ipak, za manastire ovog tipa uobičajeno je da su kroz vekove prolazili kroz periode gradnje, obnavljanja, a ponegde i razaranja usled ratova, seoba i političkih previranja. Zato je važno da se u daljoj obradi za Manastir Brajina dopune podaci o vremenu nastanka, eventualnim obnovama i ličnostima koje su učestvovale u njegovom podizanju ili obnovi. U aplikaciji ova sekcija može služiti kao mesto za unošenje konkretnih godina izgradnje, obnavljanja i restauracije čim budu potvrđene.ARHITEKTURA: Arhitektonska vrednost manastira ogleda se u spoju crkvene gradnje, uređenja enterijera i prilagođenosti prostora bogoslužbenoj funkciji. Poseban značaj obično imaju oltarski prostor, ikonostas, eventualni živopis, kao i sklad između hrama i prirodnog okruženja. Ako su sačuvani podaci o starijim fazama gradnje, ovde se kasnije mogu navesti stilske odlike, tip osnove hrama i najvažnije umetničke karakteristike.DUHOVNI ŽIVOT: Manastir Brajina ima značaj kao mesto molitve, liturgijskog sabranja i očuvanja pravoslavne tradicije. Na velike praznike i manastirsku slavu ovakve svetinje okupljaju vernike, hodočasnike i posetioce koji dolaze radi molitve, mira i upoznavanja sa duhovnim nasleđem. Monaški ili parohijski život, u zavisnosti od statusa svetinje, doprinosi kontinuitetu bogosluženja i prenošenju predanja na mlađe naraštaje.ZNAČAJ: Manastir Brajina je važan deo crkvene, kulturne i istorijske mape Srbije. Njegov značaj nije samo verski, već i identitetski, jer svedoči o trajanju narodne pobožnosti, umetnosti i lokalnog pamćenja. Za potpuniji prikaz preporučuje se da se ovom zapisu naknadno dodaju provereni podaci o ktitoru, tačnoj godini nastanka, obnovama, poznatim svetinjama, freskama i drugim posebnostima vezanim baš za ovaj manastir.";images/monasteries/brajina.jpg;;manastiri.rs;Nepoznat;1400;Podaci dopunjeni;dodato;;ok
crkovnica;Manastir Crkovnica;Južna Srbija;Leskovac;Kratak pregled: Manastir Crkovnica.;43.1090;22.0460;aktivan;Eparhija niška;"OPŠTI PODACI: Manastir Crkovnica nalazi se u okviru Eparhije niške i pripada korpusu značajnih pravoslavnih svetinja na prostoru Srbije. U evidenciji ovog projekta vezuje se za mesto ili šire područje širem području Srbije. Kratak pregled: Manastir Crkovnica. Manastirski kompleks se po pravilu sastoji od crkve, porte i pratećih objekata namenjenih bogosluženju i svakodnevnom monaškom životu.ISTORIJA: Tačna godina osnivanja, kao i ime prvobitnog ktitora, za ovaj zapis zahtevaju dodatnu proveru u pouzdanim crkvenim i istoriografskim izvorima. Ipak, za manastire ovog tipa uobičajeno je da su kroz vekove prolazili kroz periode gradnje, obnavljanja, a ponegde i razaranja usled ratova, seoba i političkih previranja. Zato je važno da se u daljoj obradi za Manastir Crkovnica dopune podaci o vremenu nastanka, eventualnim obnovama i ličnostima koje su učestvovale u njegovom podizanju ili obnovi. U aplikaciji ova sekcija može služiti kao mesto za unošenje konkretnih godina izgradnje, obnavljanja i restauracije čim budu potvrđene.ARHITEKTURA: Arhitektonska vrednost manastira ogleda se u spoju crkvene gradnje, uređenja enterijera i prilagođenosti prostora bogoslužbenoj funkciji. Poseban značaj obično imaju oltarski prostor, ikonostas, eventualni živopis, kao i sklad između hrama i prirodnog okruženja. Ako su sačuvani podaci o starijim fazama gradnje, ovde se kasnije mogu navesti stilske odlike, tip osnove hrama i najvažnije umetničke karakteristike.DUHOVNI ŽIVOT: Manastir Crkovnica ima značaj kao mesto molitve, liturgijskog sabranja i očuvanja pravoslavne tradicije. Na velike praznike i manastirsku slavu ovakve svetinje okupljaju vernike, hodočasnike i posetioce koji dolaze radi molitve, mira i upoznavanja sa duhovnim nasleđem. Monaški ili parohijski život, u zavisnosti od statusa svetinje, doprinosi kontinuitetu bogosluženja i prenošenju predanja na mlađe naraštaje.ZNAČAJ: Manastir Crkovnica je važan deo crkvene, kulturne i istorijske mape Srbije. Njegov značaj nije samo verski, već i identitetski, jer svedoči o trajanju narodne pobožnosti, umetnosti i lokalnog pamćenja. Za potpuniji prikaz preporučuje se da se ovom zapisu naknadno dodaju provereni podaci o ktitoru, tačnoj godini nastanka, obnovama, poznatim svetinjama, freskama i drugim posebnostima vezanim baš za ovaj manastir.";images/monasteries/crkovnica.jpg;;manastiri.rs;Nepoznat;1500;Podaci dopunjeni;dodato;;ok

divljane;Manastir Divljane;Jugoistočna Srbija;Bela Palanka;Kratak pregled: Manastir Divljane.;43.1850;22.2880;aktivan;Eparhija niška;"OPŠTI PODACI: Manastir Divljane nalazi se u okviru Eparhije niške i pripada korpusu značajnih pravoslavnih svetinja na prostoru Srbije. U evidenciji ovog projekta vezuje se za mesto ili šire područje širem području Srbije. Kratak pregled: Manastir Divljane. Manastirski kompleks se po pravilu sastoji od crkve, porte i pratećih objekata namenjenih bogosluženju i svakodnevnom monaškom životu.ISTORIJA: Tačna godina osnivanja, kao i ime prvobitnog ktitora, za ovaj zapis zahtevaju dodatnu proveru u pouzdanim crkvenim i istoriografskim izvorima. Ipak, za manastire ovog tipa uobičajeno je da su kroz vekove prolazili kroz periode gradnje, obnavljanja, a ponegde i razaranja usled ratova, seoba i političkih previranja. Zato je važno da se u daljoj obradi za Manastir Divljane dopune podaci o vremenu nastanka, eventualnim obnovama i ličnostima koje su učestvovale u njegovom podizanju ili obnovi. U aplikaciji ova sekcija može služiti kao mesto za unošenje konkretnih godina izgradnje, obnavljanja i restauracije čim budu potvrđene.ARHITEKTURA: Arhitektonska vrednost manastira ogleda se u spoju crkvene gradnje, uređenja enterijera i prilagođenosti prostora bogoslužbenoj funkciji. Poseban značaj obično imaju oltarski prostor, ikonostas, eventualni živopis, kao i sklad između hrama i prirodnog okruženja. Ako su sačuvani podaci o starijim fazama gradnje, ovde se kasnije mogu navesti stilske odlike, tip osnove hrama i najvažnije umetničke karakteristike.DUHOVNI ŽIVOT: Manastir Divljane ima značaj kao mesto molitve, liturgijskog sabranja i očuvanja pravoslavne tradicije. Na velike praznike i manastirsku slavu ovakve svetinje okupljaju vernike, hodočasnike i posetioce koji dolaze radi molitve, mira i upoznavanja sa duhovnim nasleđem. Monaški ili parohijski život, u zavisnosti od statusa svetinje, doprinosi kontinuitetu bogosluženja i prenošenju predanja na mlađe naraštaje.ZNAČAJ: Manastir Divljane je važan deo crkvene, kulturne i istorijske mape Srbije. Njegov značaj nije samo verski, već i identitetski, jer svedoči o trajanju narodne pobožnosti, umetnosti i lokalnog pamćenja. Za potpuniji prikaz preporučuje se da se ovom zapisu naknadno dodaju provereni podaci o ktitoru, tačnoj godini nastanka, obnovama, poznatim svetinjama, freskama i drugim posebnostima vezanim baš za ovaj manastir.";images/monasteries/divljane.jpg;;manastiri.rs;Braća Mrnjavčevići;1394;Podaci dopunjeni;dodato;;ok

gornji-matejevac;Manastir Gornji Matejevac;Južna Srbija;Niš;Kratak pregled: Manastir Gornji Matejevac.;43.3783507;21.9696676;aktivan;Eparhija niška;"OPŠTI PODACI: Manastir Gornji Matejevac nalazi se u okviru Eparhije niške i pripada korpusu značajnih pravoslavnih svetinja na prostoru Srbije. U evidenciji ovog projekta vezuje se za mesto ili šire područje širem području Srbije. Kratak pregled: Manastir Gornji Matejevac. Manastirski kompleks se po pravilu sastoji od crkve, porte i pratećih objekata namenjenih bogosluženju i svakodnevnom monaškom životu.ISTORIJA: Tačna godina osnivanja, kao i ime prvobitnog ktitora, za ovaj zapis zahtevaju dodatnu proveru u pouzdanim crkvenim i istoriografskim izvorima. Ipak, za manastire ovog tipa uobičajeno je da su kroz vekove prolazili kroz periode gradnje, obnavljanja, a ponegde i razaranja usled ratova, seoba i političkih previranja. Zato je važno da se u daljoj obradi za Manastir Gornji Matejevac dopune podaci o vremenu nastanka, eventualnim obnovama i ličnostima koje su učestvovale u njegovom podizanju ili obnovi. U aplikaciji ova sekcija može služiti kao mesto za unošenje konkretnih godina izgradnje, obnavljanja i restauracije čim budu potvrđene.ARHITEKTURA: Arhitektonska vrednost manastira ogleda se u spoju crkvene gradnje, uređenja enterijera i prilagođenosti prostora bogoslužbenoj funkciji. Poseban značaj obično imaju oltarski prostor, ikonostas, eventualni živopis, kao i sklad između hrama i prirodnog okruženja. Ako su sačuvani podaci o starijim fazama gradnje, ovde se kasnije mogu navesti stilske odlike, tip osnove hrama i najvažnije umetničke karakteristike.DUHOVNI ŽIVOT: Manastir Gornji Matejevac ima značaj kao mesto molitve, liturgijskog sabranja i očuvanja pravoslavne tradicije. Na velike praznike i manastirsku slavu ovakve svetinje okupljaju vernike, hodočasnike i posetioce koji dolaze radi molitve, mira i upoznavanja sa duhovnim nasleđem. Monaški ili parohijski život, u zavisnosti od statusa svetinje, doprinosi kontinuitetu bogosluženja i prenošenju predanja na mlađe naraštaje.ZNAČAJ: Manastir Gornji Matejevac je važan deo crkvene, kulturne i istorijske mape Srbije. Njegov značaj nije samo verski, već i identitetski, jer svedoči o trajanju narodne pobožnosti, umetnosti i lokalnog pamćenja. Za potpuniji prikaz preporučuje se da se ovom zapisu naknadno dodaju provereni podaci o ktitoru, tačnoj godini nastanka, obnovama, poznatim svetinjama, freskama i drugim posebnostima vezanim baš za ovaj manastir.";images/monasteries/gornji-matejevac.jpg;;manastiri.rs;Car Konstantin (po predanju);1000;Podaci dopunjeni;nominatim-second-pass;Manastir Manastir Gornji Matejevac, Srbija;ok

gorcince;Manastir Gorčince;Jugoistočna Srbija;Babušnica;Kratak pregled: Manastir Gorčince.;43.0435198;22.3852714;aktivan;Eparhija niška;"OPŠTI PODACI: Manastir Gorčince nalazi se u okviru Eparhije niške i pripada korpusu značajnih pravoslavnih svetinja na prostoru Srbije. U evidenciji ovog projekta vezuje se za mesto ili šire područje širem području Srbije. Kratak pregled: Manastir Gorčince. Manastirski kompleks se po pravilu sastoji od crkve, porte i pratećih objekata namenjenih bogosluženju i svakodnevnom monaškom životu.ISTORIJA: Tačna godina osnivanja, kao i ime prvobitnog ktitora, za ovaj zapis zahtevaju dodatnu proveru u pouzdanim crkvenim i istoriografskim izvorima. Ipak, za manastire ovog tipa uobičajeno je da su kroz vekove prolazili kroz periode gradnje, obnavljanja, a ponegde i razaranja usled ratova, seoba i političkih previranja. Zato je važno da se u daljoj obradi za Manastir Gorčince dopune podaci o vremenu nastanka, eventualnim obnovama i ličnostima koje su učestvovale u njegovom podizanju ili obnovi. U aplikaciji ova sekcija može služiti kao mesto za unošenje konkretnih godina izgradnje, obnavljanja i restauracije čim budu potvrđene.ARHITEKTURA: Arhitektonska vrednost manastira ogleda se u spoju crkvene gradnje, uređenja enterijera i prilagođenosti prostora bogoslužbenoj funkciji. Poseban značaj obično imaju oltarski prostor, ikonostas, eventualni živopis, kao i sklad između hrama i prirodnog okruženja. Ako su sačuvani podaci o starijim fazama gradnje, ovde se kasnije mogu navesti stilske odlike, tip osnove hrama i najvažnije umetničke karakteristike.DUHOVNI ŽIVOT: Manastir Gorčince ima značaj kao mesto molitve, liturgijskog sabranja i očuvanja pravoslavne tradicije. Na velike praznike i manastirsku slavu ovakve svetinje okupljaju vernike, hodočasnike i posetioce koji dolaze radi molitve, mira i upoznavanja sa duhovnim nasleđem. Monaški ili parohijski život, u zavisnosti od statusa svetinje, doprinosi kontinuitetu bogosluženja i prenošenju predanja na mlađe naraštaje.ZNAČAJ: Manastir Gorčince je važan deo crkvene, kulturne i istorijske mape Srbije. Njegov značaj nije samo verski, već i identitetski, jer svedoči o trajanju narodne pobožnosti, umetnosti i lokalnog pamćenja. Za potpuniji prikaz preporučuje se da se ovom zapisu naknadno dodaju provereni podaci o ktitoru, tačnoj godini nastanka, obnovama, poznatim svetinjama, freskama i drugim posebnostima vezanim baš za ovaj manastir.";images/monasteries/gorcince.jpg;;manastiri.rs;Nepoznat;1868;Podaci dopunjeni;nominatim-second-pass;Manastir Manastir Gorčince, Srbija;ok

iverica;Manastir Iverica;Jugoistočna Srbija;Niška Banja;Kratak pregled: Manastir Iverica.;43.3320;22.0830;aktivan;Eparhija niška;"OPŠTI PODACI: Manastir Iverica nalazi se u okviru Eparhije niške i pripada korpusu značajnih pravoslavnih svetinja na prostoru Srbije. U evidenciji ovog projekta vezuje se za mesto ili šire područje širem području Srbije. Kratak pregled: Manastir Iverica. Manastirski kompleks se po pravilu sastoji od crkve, porte i pratećih objekata namenjenih bogosluženju i svakodnevnom monaškom životu.ISTORIJA: Tačna godina osnivanja, kao i ime prvobitnog ktitora, za ovaj zapis zahtevaju dodatnu proveru u pouzdanim crkvenim i istoriografskim izvorima. Ipak, za manastire ovog tipa uobičajeno je da su kroz vekove prolazili kroz periode gradnje, obnavljanja, a ponegde i razaranja usled ratova, seoba i političkih previranja. Zato je važno da se u daljoj obradi za Manastir Iverica dopune podaci o vremenu nastanka, eventualnim obnovama i ličnostima koje su učestvovale u njegovom podizanju ili obnovi. U aplikaciji ova sekcija može služiti kao mesto za unošenje konkretnih godina izgradnje, obnavljanja i restauracije čim budu potvrđene.ARHITEKTURA: Arhitektonska vrednost manastira ogleda se u spoju crkvene gradnje, uređenja enterijera i prilagođenosti prostora bogoslužbenoj funkciji. Poseban značaj obično imaju oltarski prostor, ikonostas, eventualni živopis, kao i sklad između hrama i prirodnog okruženja. Ako su sačuvani podaci o starijim fazama gradnje, ovde se kasnije mogu navesti stilske odlike, tip osnove hrama i najvažnije umetničke karakteristike.DUHOVNI ŽIVOT: Manastir Iverica ima značaj kao mesto molitve, liturgijskog sabranja i očuvanja pravoslavne tradicije. Na velike praznike i manastirsku slavu ovakve svetinje okupljaju vernike, hodočasnike i posetioce koji dolaze radi molitve, mira i upoznavanja sa duhovnim nasleđem. Monaški ili parohijski život, u zavisnosti od statusa svetinje, doprinosi kontinuitetu bogosluženja i prenošenju predanja na mlađe naraštaje.ZNAČAJ: Manastir Iverica je važan deo crkvene, kulturne i istorijske mape Srbije. Njegov značaj nije samo verski, već i identitetski, jer svedoči o trajanju narodne pobožnosti, umetnosti i lokalnog pamćenja. Za potpuniji prikaz preporučuje se da se ovom zapisu naknadno dodaju provereni podaci o ktitoru, tačnoj godini nastanka, obnovama, poznatim svetinjama, freskama i drugim posebnostima vezanim baš za ovaj manastir.";images/monasteries/iverica.jpg;;manastiri.rs;Kralj Aleksandar Obrenović;1896;Podaci dopunjeni;dodato;;ok

janjusa;Manastir Janjuša;Južna Srbija;Janjuša;Nalazi se u selu Janjuša; natpis ga vezuje za 1499. godinu i monahinju Kseniju, uz predanje o starijim temeljima.;43.2500;21.8500;aktivan;"Eparhija niška; 'OPŠTI PODACI: Manastir Janjuša nalazi se u okviru Eparhije niške i pripada korpusu značajnih pravoslavnih svetinja na prostoru Srbije. U evidenciji ovog projekta vezuje se za mesto ili šire područje širem području Srbije. Nalazi se u selu Janjuša"; natpis ga vezuje za 1499. godinu i monahinju Kseniju, uz predanje o starijim temeljima. Manastirski kompleks se po pravilu sastoji od crkve, porte i pratećih objekata namenjenih bogosluženju i svakodnevnom monaškom životu.ISTORIJA: Tačna godina osnivanja, kao i ime prvobitnog ktitora, za ovaj zapis zahtevaju dodatnu proveru u pouzdanim crkvenim i istoriografskim izvorima. Ipak, za manastire ovog tipa uobičajeno je da su kroz vekove prolazili kroz periode gradnje, obnavljanja, a ponegde i razaranja usled ratova, seoba i političkih previranja. Zato je važno da se u daljoj obradi za Manastir Janjuša dopune podaci o vremenu nastanka, eventualnim obnovama i ličnostima koje su učestvovale u njegovom podizanju ili obnovi. U aplikaciji ova sekcija može služiti kao mesto za unošenje konkretnih godina izgradnje, obnavljanja i restauracije čim budu potvrđene.ARHITEKTURA: Arhitektonska vrednost manastira ogleda se u spoju crkvene gradnje, uređenja enterijera i prilagođenosti prostora bogoslužbenoj funkciji. Poseban značaj obično imaju oltarski prostor, ikonostas, eventualni živopis, kao i sklad između hrama i prirodnog okruženja. Ako su sačuvani podaci o starijim fazama gradnje, ovde se kasnije mogu navesti stilske odlike, tip osnove hrama i najvažnije umetničke karakteristike.DUHOVNI ŽIVOT: Manastir Janjuša ima značaj kao mesto molitve, liturgijskog sabranja i očuvanja pravoslavne tradicije. Na velike praznike i manastirsku slavu ovakve svetinje okupljaju vernike, hodočasnike i posetioce koji dolaze radi molitve, mira i upoznavanja sa duhovnim nasleđem. Monaški ili parohijski život, u zavisnosti od statusa svetinje, doprinosi kontinuitetu bogosluženja i prenošenju predanja na mlađe naraštaje.ZNAČAJ: Manastir Janjuša je važan deo crkvene, kulturne i istorijske mape Srbije. Njegov značaj nije samo verski, već i identitetski, jer svedoči o trajanju narodne pobožnosti, umetnosti i lokalnog pamćenja. Za potpuniji prikaz preporučuje se da se ovom zapisu naknadno dodaju provereni podaci o ktitoru, tačnoj godini nastanka, obnovama, poznatim svetinjama, freskama i drugim posebnostima vezanim baš za ovaj manastir.";;;https://manastiri.rs/eparhije/niska/manastir-janjusa/;Monahinja Ksenija;1499;Podaci dopunjeni;dodato;;ok
kaludra;Manastir Kaludra;Šumadija;Rekovac;Kratak pregled: Manastir Kaludra.;43.7600;21.0500;aktivan;Eparhija niška;"OPŠTI PODACI: Manastir Kaludra nalazi se u okviru Eparhije niške i pripada korpusu značajnih pravoslavnih svetinja na prostoru Srbije. U evidenciji ovog projekta vezuje se za mesto ili šire područje širem području Srbije. Kratak pregled: Manastir Kaludra. Manastirski kompleks se po pravilu sastoji od crkve, porte i pratećih objekata namenjenih bogosluženju i svakodnevnom monaškom životu.ISTORIJA: Tačna godina osnivanja, kao i ime prvobitnog ktitora, za ovaj zapis zahtevaju dodatnu proveru u pouzdanim crkvenim i istoriografskim izvorima. Ipak, za manastire ovog tipa uobičajeno je da su kroz vekove prolazili kroz periode gradnje, obnavljanja, a ponegde i razaranja usled ratova, seoba i političkih previranja. Zato je važno da se u daljoj obradi za Manastir Kaludra dopune podaci o vremenu nastanka, eventualnim obnovama i ličnostima koje su učestvovale u njegovom podizanju ili obnovi. U aplikaciji ova sekcija može služiti kao mesto za unošenje konkretnih godina izgradnje, obnavljanja i restauracije čim budu potvrđene.ARHITEKTURA: Arhitektonska vrednost manastira ogleda se u spoju crkvene gradnje, uređenja enterijera i prilagođenosti prostora bogoslužbenoj funkciji. Poseban značaj obično imaju oltarski prostor, ikonostas, eventualni živopis, kao i sklad između hrama i prirodnog okruženja. Ako su sačuvani podaci o starijim fazama gradnje, ovde se kasnije mogu navesti stilske odlike, tip osnove hrama i najvažnije umetničke karakteristike.DUHOVNI ŽIVOT: Manastir Kaludra ima značaj kao mesto molitve, liturgijskog sabranja i očuvanja pravoslavne tradicije. Na velike praznike i manastirsku slavu ovakve svetinje okupljaju vernike, hodočasnike i posetioce koji dolaze radi molitve, mira i upoznavanja sa duhovnim nasleđem. Monaški ili parohijski život, u zavisnosti od statusa svetinje, doprinosi kontinuitetu bogosluženja i prenošenju predanja na mlađe naraštaje.ZNAČAJ: Manastir Kaludra je važan deo crkvene, kulturne i istorijske mape Srbije. Njegov značaj nije samo verski, već i identitetski, jer svedoči o trajanju narodne pobožnosti, umetnosti i lokalnog pamćenja. Za potpuniji prikaz preporučuje se da se ovom zapisu naknadno dodaju provereni podaci o ktitoru, tačnoj godini nastanka, obnovama, poznatim svetinjama, freskama i drugim posebnostima vezanim baš za ovaj manastir.";images/monasteries/kaludra.jpg;;manastiri.rs;Nepoznat;1400;Podaci dopunjeni;dodato;;ok

kamenica-timocka;Manastir Kamenica;Istočna Srbija;Knjaževac;Manastir Kamenica je pravoslavna svetinja u okviru Eparhije Timočka.;43.4824923;22.3402691;odobren;Eparhija niška;"OPŠTI PODACI: Manastir Kamenica nalazi se u okviru Eparhije niške i pripada korpusu značajnih pravoslavnih svetinja na prostoru Srbije. U evidenciji ovog projekta vezuje se za mesto ili šire područje Istočna Srbija. Manastir Kamenica je pravoslavna svetinja u okviru Eparhije Timočka. Manastirski kompleks se po pravilu sastoji od crkve, porte i pratećih objekata namenjenih bogosluženju i svakodnevnom monaškom životu.ISTORIJA: Tačna godina osnivanja, kao i ime prvobitnog ktitora, za ovaj zapis zahtevaju dodatnu proveru u pouzdanim crkvenim i istoriografskim izvorima. Ipak, za manastire ovog tipa uobičajeno je da su kroz vekove prolazili kroz periode gradnje, obnavljanja, a ponegde i razaranja usled ratova, seoba i političkih previranja. Zato je važno da se u daljoj obradi za Manastir Kamenica dopune podaci o vremenu nastanka, eventualnim obnovama i ličnostima koje su učestvovale u njegovom podizanju ili obnovi. U aplikaciji ova sekcija može služiti kao mesto za unošenje konkretnih godina izgradnje, obnavljanja i restauracije čim budu potvrđene.ARHITEKTURA: Arhitektonska vrednost manastira ogleda se u spoju crkvene gradnje, uređenja enterijera i prilagođenosti prostora bogoslužbenoj funkciji. Poseban značaj obično imaju oltarski prostor, ikonostas, eventualni živopis, kao i sklad između hrama i prirodnog okruženja. Ako su sačuvani podaci o starijim fazama gradnje, ovde se kasnije mogu navesti stilske odlike, tip osnove hrama i najvažnije umetničke karakteristike.DUHOVNI ŽIVOT: Manastir Kamenica ima značaj kao mesto molitve, liturgijskog sabranja i očuvanja pravoslavne tradicije. Na velike praznike i manastirsku slavu ovakve svetinje okupljaju vernike, hodočasnike i posetioce koji dolaze radi molitve, mira i upoznavanja sa duhovnim nasleđem. Monaški ili parohijski život, u zavisnosti od statusa svetinje, doprinosi kontinuitetu bogosluženja i prenošenju predanja na mlađe naraštaje.ZNAČAJ: Manastir Kamenica je važan deo crkvene, kulturne i istorijske mape Srbije. Njegov značaj nije samo verski, već i identitetski, jer svedoči o trajanju narodne pobožnosti, umetnosti i lokalnog pamćenja. Za potpuniji prikaz preporučuje se da se ovom zapisu naknadno dodaju provereni podaci o ktitoru, tačnoj godini nastanka, obnovama, poznatim svetinjama, freskama i drugim posebnostima vezanim baš za ovaj manastir.";;https://manastiri.rs/eparhije/timocka/manastir-kamenica/;manastiri.rs;Nepoznat;1500;Podaci dopunjeni;manastiri.rs->google-maps;https://www.google.com/maps/place/Holy+Trinity/@43.4824923,22.3402691,17z/data=!3m1!4b1!4m6!3m5!1s0x475457cc5dc563c5:0x990e1ea0e4c2e889!8m2!3d43.4824923!4d22.3402691!16s%2Fg%2F113gd81r2?entry=tts&g_ep=EgoyMDI1MDIyNi4xIPu8ASoASAFQAw%3D%3D;ok

kozarski;Manastir Kozarski;Južna Srbija;Grdelica;Kratak pregled: Manastir Kozarski.;42.9200;22.1000;aktivan;Eparhija niška;"OPŠTI PODACI: Manastir Kozarski nalazi se u okviru Eparhije niške i pripada korpusu značajnih pravoslavnih svetinja na prostoru Srbije. U evidenciji ovog projekta vezuje se za mesto ili šire područje širem području Srbije. Kratak pregled: Manastir Kozarski. Manastirski kompleks se po pravilu sastoji od crkve, porte i pratećih objekata namenjenih bogosluženju i svakodnevnom monaškom životu.ISTORIJA: Tačna godina osnivanja, kao i ime prvobitnog ktitora, za ovaj zapis zahtevaju dodatnu proveru u pouzdanim crkvenim i istoriografskim izvorima. Ipak, za manastire ovog tipa uobičajeno je da su kroz vekove prolazili kroz periode gradnje, obnavljanja, a ponegde i razaranja usled ratova, seoba i političkih previranja. Zato je važno da se u daljoj obradi za Manastir Kozarski dopune podaci o vremenu nastanka, eventualnim obnovama i ličnostima koje su učestvovale u njegovom podizanju ili obnovi. U aplikaciji ova sekcija može služiti kao mesto za unošenje konkretnih godina izgradnje, obnavljanja i restauracije čim budu potvrđene.ARHITEKTURA: Arhitektonska vrednost manastira ogleda se u spoju crkvene gradnje, uređenja enterijera i prilagođenosti prostora bogoslužbenoj funkciji. Poseban značaj obično imaju oltarski prostor, ikonostas, eventualni živopis, kao i sklad između hrama i prirodnog okruženja. Ako su sačuvani podaci o starijim fazama gradnje, ovde se kasnije mogu navesti stilske odlike, tip osnove hrama i najvažnije umetničke karakteristike.DUHOVNI ŽIVOT: Manastir Kozarski ima značaj kao mesto molitve, liturgijskog sabranja i očuvanja pravoslavne tradicije. Na velike praznike i manastirsku slavu ovakve svetinje okupljaju vernike, hodočasnike i posetioce koji dolaze radi molitve, mira i upoznavanja sa duhovnim nasleđem. Monaški ili parohijski život, u zavisnosti od statusa svetinje, doprinosi kontinuitetu bogosluženja i prenošenju predanja na mlađe naraštaje.ZNAČAJ: Manastir Kozarski je važan deo crkvene, kulturne i istorijske mape Srbije. Njegov značaj nije samo verski, već i identitetski, jer svedoči o trajanju narodne pobožnosti, umetnosti i lokalnog pamćenja. Za potpuniji prikaz preporučuje se da se ovom zapisu naknadno dodaju provereni podaci o ktitoru, tačnoj godini nastanka, obnovama, poznatim svetinjama, freskama i drugim posebnostima vezanim baš za ovaj manastir.";images/monasteries/kozarski.jpg;;manastiri.rs;Nepoznat;1800;Podaci dopunjeni;dodato;;ok

krajkovac;Manastir Krajkovac;Južna Srbija;Merošina;Kratak pregled: Manastir Krajkovac.;43.3000;21.6500;aktivan;Eparhija niška;"OPŠTI PODACI: Manastir Krajkovac nalazi se u okviru Eparhije niške i pripada korpusu značajnih pravoslavnih svetinja na prostoru Srbije. U evidenciji ovog projekta vezuje se za mesto ili šire područje širem području Srbije. Kratak pregled: Manastir Krajkovac. Manastirski kompleks se po pravilu sastoji od crkve, porte i pratećih objekata namenjenih bogosluženju i svakodnevnom monaškom životu.ISTORIJA: Tačna godina osnivanja, kao i ime prvobitnog ktitora, za ovaj zapis zahtevaju dodatnu proveru u pouzdanim crkvenim i istoriografskim izvorima. Ipak, za manastire ovog tipa uobičajeno je da su kroz vekove prolazili kroz periode gradnje, obnavljanja, a ponegde i razaranja usled ratova, seoba i političkih previranja. Zato je važno da se u daljoj obradi za Manastir Krajkovac dopune podaci o vremenu nastanka, eventualnim obnovama i ličnostima koje su učestvovale u njegovom podizanju ili obnovi. U aplikaciji ova sekcija može služiti kao mesto za unošenje konkretnih godina izgradnje, obnavljanja i restauracije čim budu potvrđene.ARHITEKTURA: Arhitektonska vrednost manastira ogleda se u spoju crkvene gradnje, uređenja enterijera i prilagođenosti prostora bogoslužbenoj funkciji. Poseban značaj obično imaju oltarski prostor, ikonostas, eventualni živopis, kao i sklad između hrama i prirodnog okruženja. Ako su sačuvani podaci o starijim fazama gradnje, ovde se kasnije mogu navesti stilske odlike, tip osnove hrama i najvažnije umetničke karakteristike.DUHOVNI ŽIVOT: Manastir Krajkovac ima značaj kao mesto molitve, liturgijskog sabranja i očuvanja pravoslavne tradicije. Na velike praznike i manastirsku slavu ovakve svetinje okupljaju vernike, hodočasnike i posetioce koji dolaze radi molitve, mira i upoznavanja sa duhovnim nasleđem. Monaški ili parohijski život, u zavisnosti od statusa svetinje, doprinosi kontinuitetu bogosluženja i prenošenju predanja na mlađe naraštaje.ZNAČAJ: Manastir Krajkovac je važan deo crkvene, kulturne i istorijske mape Srbije. Njegov značaj nije samo verski, već i identitetski, jer svedoči o trajanju narodne pobožnosti, umetnosti i lokalnog pamćenja. Za potpuniji prikaz preporučuje se da se ovom zapisu naknadno dodaju provereni podaci o ktitoru, tačnoj godini nastanka, obnovama, poznatim svetinjama, freskama i drugim posebnostima vezanim baš za ovaj manastir.";images/monasteries/krajkovac.jpg;;manastiri.rs;Nepoznat;1300;Podaci dopunjeni;dodato;;ok

krupac;Manastir Krupac;Jugoistočna Srbija;Pirot;Kratak pregled: Manastir Krupac.;43.1200;22.6500;aktivan;Eparhija niška;"OPŠTI PODACI: Manastir Krupac nalazi se u okviru Eparhije niške i pripada korpusu značajnih pravoslavnih svetinja na prostoru Srbije. U evidenciji ovog projekta vezuje se za mesto ili šire područje širem području Srbije. Kratak pregled: Manastir Krupac. Manastirski kompleks se po pravilu sastoji od crkve, porte i pratećih objekata namenjenih bogosluženju i svakodnevnom monaškom životu.ISTORIJA: Tačna godina osnivanja, kao i ime prvobitnog ktitora, za ovaj zapis zahtevaju dodatnu proveru u pouzdanim crkvenim i istoriografskim izvorima. Ipak, za manastire ovog tipa uobičajeno je da su kroz vekove prolazili kroz periode gradnje, obnavljanja, a ponegde i razaranja usled ratova, seoba i političkih previranja. Zato je važno da se u daljoj obradi za Manastir Krupac dopune podaci o vremenu nastanka, eventualnim obnovama i ličnostima koje su učestvovale u njegovom podizanju ili obnovi. U aplikaciji ova sekcija može služiti kao mesto za unošenje konkretnih godina izgradnje, obnavljanja i restauracije čim budu potvrđene.ARHITEKTURA: Arhitektonska vrednost manastira ogleda se u spoju crkvene gradnje, uređenja enterijera i prilagođenosti prostora bogoslužbenoj funkciji. Poseban značaj obično imaju oltarski prostor, ikonostas, eventualni živopis, kao i sklad između hrama i prirodnog okruženja. Ako su sačuvani podaci o starijim fazama gradnje, ovde se kasnije mogu navesti stilske odlike, tip osnove hrama i najvažnije umetničke karakteristike.DUHOVNI ŽIVOT: Manastir Krupac ima značaj kao mesto molitve, liturgijskog sabranja i očuvanja pravoslavne tradicije. Na velike praznike i manastirsku slavu ovakve svetinje okupljaju vernike, hodočasnike i posetioce koji dolaze radi molitve, mira i upoznavanja sa duhovnim nasleđem. Monaški ili parohijski život, u zavisnosti od statusa svetinje, doprinosi kontinuitetu bogosluženja i prenošenju predanja na mlađe naraštaje.ZNAČAJ: Manastir Krupac je važan deo crkvene, kulturne i istorijske mape Srbije. Njegov značaj nije samo verski, već i identitetski, jer svedoči o trajanju narodne pobožnosti, umetnosti i lokalnog pamćenja. Za potpuniji prikaz preporučuje se da se ovom zapisu naknadno dodaju provereni podaci o ktitoru, tačnoj godini nastanka, obnovama, poznatim svetinjama, freskama i drugim posebnostima vezanim baš za ovaj manastir.";images/monasteries/krupac.jpg;;manastiri.rs;Nepoznat;1900;Podaci dopunjeni;dodato;;ok

kursumlija;Manastir Kuršumlija;Južna Srbija;Kuršumlija;Najstarija zadužbina Stefana Nemanje; u izvorima se navodi gradnja u 12. veku, sa velikim značajem za ranu srpsku srednjovekovnu državu.;43.1399192;21.276922;aktivan;"Eparhija niška; 'OPŠTI PODACI: Manastir Kuršumlija nalazi se u okviru Eparhije niške i pripada korpusu značajnih pravoslavnih svetinja na prostoru Srbije. U evidenciji ovog projekta vezuje se za mesto ili šire područje širem području Srbije. Najstarija zadužbina Stefana Nemanje"; u izvorima se navodi gradnja u 12. veku, sa velikim značajem za ranu srpsku srednjovekovnu državu. Manastirski kompleks se po pravilu sastoji od crkve, porte i pratećih objekata namenjenih bogosluženju i svakodnevnom monaškom životu.ISTORIJA: Tačna godina osnivanja, kao i ime prvobitnog ktitora, za ovaj zapis zahtevaju dodatnu proveru u pouzdanim crkvenim i istoriografskim izvorima. Ipak, za manastire ovog tipa uobičajeno je da su kroz vekove prolazili kroz periode gradnje, obnavljanja, a ponegde i razaranja usled ratova, seoba i političkih previranja. Zato je važno da se u daljoj obradi za Manastir Kuršumlija dopune podaci o vremenu nastanka, eventualnim obnovama i ličnostima koje su učestvovale u njegovom podizanju ili obnovi. U aplikaciji ova sekcija može služiti kao mesto za unošenje konkretnih godina izgradnje, obnavljanja i restauracije čim budu potvrđene.ARHITEKTURA: Arhitektonska vrednost manastira ogleda se u spoju crkvene gradnje, uređenja enterijera i prilagođenosti prostora bogoslužbenoj funkciji. Poseban značaj obično imaju oltarski prostor, ikonostas, eventualni živopis, kao i sklad između hrama i prirodnog okruženja. Ako su sačuvani podaci o starijim fazama gradnje, ovde se kasnije mogu navesti stilske odlike, tip osnove hrama i najvažnije umetničke karakteristike.DUHOVNI ŽIVOT: Manastir Kuršumlija ima značaj kao mesto molitve, liturgijskog sabranja i očuvanja pravoslavne tradicije. Na velike praznike i manastirsku slavu ovakve svetinje okupljaju vernike, hodočasnike i posetioce koji dolaze radi molitve, mira i upoznavanja sa duhovnim nasleđem. Monaški ili parohijski život, u zavisnosti od statusa svetinje, doprinosi kontinuitetu bogosluženja i prenošenju predanja na mlađe naraštaje.ZNAČAJ: Manastir Kuršumlija je važan deo crkvene, kulturne i istorijske mape Srbije. Njegov značaj nije samo verski, već i identitetski, jer svedoči o trajanju narodne pobožnosti, umetnosti i lokalnog pamćenja. Za potpuniji prikaz preporučuje se da se ovom zapisu naknadno dodaju provereni podaci o ktitoru, tačnoj godini nastanka, obnovama, poznatim svetinjama, freskama i drugim posebnostima vezanim baš za ovaj manastir.";;;https://manastiri.rs/eparhije/niska/manastir-kursumlija/;Stefan Nemanja;1168;Podaci dopunjeni;nominatim-second-pass;Manastir Manastir Kuršumlija, Srbija;ok
labukovo;Manastir Labukovo;Istočna Srbija;Sokobanja;Kratak pregled: Manastir Labukovo.;43.6500;21.9500;aktivan;Eparhija niška;"OPŠTI PODACI: Manastir Labukovo nalazi se u okviru Eparhije niške i pripada korpusu značajnih pravoslavnih svetinja na prostoru Srbije. U evidenciji ovog projekta vezuje se za mesto ili šire područje širem području Srbije. Kratak pregled: Manastir Labukovo. Manastirski kompleks se po pravilu sastoji od crkve, porte i pratećih objekata namenjenih bogosluženju i svakodnevnom monaškom životu.ISTORIJA: Tačna godina osnivanja, kao i ime prvobitnog ktitora, za ovaj zapis zahtevaju dodatnu proveru u pouzdanim crkvenim i istoriografskim izvorima. Ipak, za manastire ovog tipa uobičajeno je da su kroz vekove prolazili kroz periode gradnje, obnavljanja, a ponegde i razaranja usled ratova, seoba i političkih previranja. Zato je važno da se u daljoj obradi za Manastir Labukovo dopune podaci o vremenu nastanka, eventualnim obnovama i ličnostima koje su učestvovale u njegovom podizanju ili obnovi. U aplikaciji ova sekcija može služiti kao mesto za unošenje konkretnih godina izgradnje, obnavljanja i restauracije čim budu potvrđene.ARHITEKTURA: Arhitektonska vrednost manastira ogleda se u spoju crkvene gradnje, uređenja enterijera i prilagođenosti prostora bogoslužbenoj funkciji. Poseban značaj obično imaju oltarski prostor, ikonostas, eventualni živopis, kao i sklad između hrama i prirodnog okruženja. Ako su sačuvani podaci o starijim fazama gradnje, ovde se kasnije mogu navesti stilske odlike, tip osnove hrama i najvažnije umetničke karakteristike.DUHOVNI ŽIVOT: Manastir Labukovo ima značaj kao mesto molitve, liturgijskog sabranja i očuvanja pravoslavne tradicije. Na velike praznike i manastirsku slavu ovakve svetinje okupljaju vernike, hodočasnike i posetioce koji dolaze radi molitve, mira i upoznavanja sa duhovnim nasleđem. Monaški ili parohijski život, u zavisnosti od statusa svetinje, doprinosi kontinuitetu bogosluženja i prenošenju predanja na mlađe naraštaje.ZNAČAJ: Manastir Labukovo je važan deo crkvene, kulturne i istorijske mape Srbije. Njegov značaj nije samo verski, već i identitetski, jer svedoči o trajanju narodne pobožnosti, umetnosti i lokalnog pamćenja. Za potpuniji prikaz preporučuje se da se ovom zapisu naknadno dodaju provereni podaci o ktitoru, tačnoj godini nastanka, obnovama, poznatim svetinjama, freskama i drugim posebnostima vezanim baš za ovaj manastir.";images/monasteries/labukovo.jpg;;manastiri.rs;Nepoznat;1800;Podaci dopunjeni;dodato;;ok

lipovac;Manastir Lipovac;Južna Srbija;Aleksinac;U okolini Aleksinca; podignut u drugoj polovini 14. veka, uz kasnije dogradnje i živopis.;43.561859;21.8339651;aktivan;"Eparhija niška; 'OPŠTI PODACI: Manastir Lipovac nalazi se u okviru Eparhije niške i pripada korpusu značajnih pravoslavnih svetinja na prostoru Srbije. U evidenciji ovog projekta vezuje se za mesto ili šire područje Despotovac. U okolini Aleksinca"; podignut u drugoj polovini 14. veka, uz kasnije dogradnje i živopis. Manastirski kompleks se po pravilu sastoji od crkve, porte i pratećih objekata namenjenih bogosluženju i svakodnevnom monaškom životu.ISTORIJA: Tačna godina osnivanja, kao i ime prvobitnog ktitora, za ovaj zapis zahtevaju dodatnu proveru u pouzdanim crkvenim i istoriografskim izvorima. Ipak, za manastire ovog tipa uobičajeno je da su kroz vekove prolazili kroz periode gradnje, obnavljanja, a ponegde i razaranja usled ratova, seoba i političkih previranja. Zato je važno da se u daljoj obradi za Manastir Lipovac dopune podaci o vremenu nastanka, eventualnim obnovama i ličnostima koje su učestvovale u njegovom podizanju ili obnovi. U aplikaciji ova sekcija može služiti kao mesto za unošenje konkretnih godina izgradnje, obnavljanja i restauracije čim budu potvrđene.ARHITEKTURA: Arhitektonska vrednost manastira ogleda se u spoju crkvene gradnje, uređenja enterijera i prilagođenosti prostora bogoslužbenoj funkciji. Poseban značaj obično imaju oltarski prostor, ikonostas, eventualni živopis, kao i sklad između hrama i prirodnog okruženja. Ako su sačuvani podaci o starijim fazama gradnje, ovde se kasnije mogu navesti stilske odlike, tip osnove hrama i najvažnije umetničke karakteristike.DUHOVNI ŽIVOT: Manastir Lipovac ima značaj kao mesto molitve, liturgijskog sabranja i očuvanja pravoslavne tradicije. Na velike praznike i manastirsku slavu ovakve svetinje okupljaju vernike, hodočasnike i posetioce koji dolaze radi molitve, mira i upoznavanja sa duhovnim nasleđem. Monaški ili parohijski život, u zavisnosti od statusa svetinje, doprinosi kontinuitetu bogosluženja i prenošenju predanja na mlađe naraštaje.ZNAČAJ: Manastir Lipovac je važan deo crkvene, kulturne i istorijske mape Srbije. Njegov značaj nije samo verski, već i identitetski, jer svedoči o trajanju narodne pobožnosti, umetnosti i lokalnog pamćenja. Za potpuniji prikaz preporučuje se da se ovom zapisu naknadno dodaju provereni podaci o ktitoru, tačnoj godini nastanka, obnovama, poznatim svetinjama, freskama i drugim posebnostima vezanim baš za ovaj manastir.";;;https://manastiri.rs/eparhije/niska/manastir-lipovac/;Monah German;1399;Podaci dopunjeni;nominatim-second-pass;Manastir Manastir Lipovac, Srbija;ok
manastirce;Manastir Manastirče;Jugoistočna Srbija;Dimitrovgrad;Kod Dimitrovgrada, u podnožju planine; današnja crkva je podignuta na temeljima starijeg hrama, a manastir je obnovljen u novije vreme.;43.0500;22.8000;aktivan;"Eparhija niška; 'OPŠTI PODACI: Manastir Manastirče nalazi se u okviru Eparhije niške i pripada korpusu značajnih pravoslavnih svetinja na prostoru Srbije. U evidenciji ovog projekta vezuje se za mesto ili šire područje širem području Srbije. Kod Dimitrovgrada, u podnožju planine"; današnja crkva je podignuta na temeljima starijeg hrama, a manastir je obnovljen u novije vreme. Manastirski kompleks se po pravilu sastoji od crkve, porte i pratećih objekata namenjenih bogosluženju i svakodnevnom monaškom životu.ISTORIJA: Tačna godina osnivanja, kao i ime prvobitnog ktitora, za ovaj zapis zahtevaju dodatnu proveru u pouzdanim crkvenim i istoriografskim izvorima. Ipak, za manastire ovog tipa uobičajeno je da su kroz vekove prolazili kroz periode gradnje, obnavljanja, a ponegde i razaranja usled ratova, seoba i političkih previranja. Zato je važno da se u daljoj obradi za Manastir Manastirče dopune podaci o vremenu nastanka, eventualnim obnovama i ličnostima koje su učestvovale u njegovom podizanju ili obnovi. U aplikaciji ova sekcija može služiti kao mesto za unošenje konkretnih godina izgradnje, obnavljanja i restauracije čim budu potvrđene.ARHITEKTURA: Arhitektonska vrednost manastira ogleda se u spoju crkvene gradnje, uređenja enterijera i prilagođenosti prostora bogoslužbenoj funkciji. Poseban značaj obično imaju oltarski prostor, ikonostas, eventualni živopis, kao i sklad između hrama i prirodnog okruženja. Ako su sačuvani podaci o starijim fazama gradnje, ovde se kasnije mogu navesti stilske odlike, tip osnove hrama i najvažnije umetničke karakteristike.DUHOVNI ŽIVOT: Manastir Manastirče ima značaj kao mesto molitve, liturgijskog sabranja i očuvanja pravoslavne tradicije. Na velike praznike i manastirsku slavu ovakve svetinje okupljaju vernike, hodočasnike i posetioce koji dolaze radi molitve, mira i upoznavanja sa duhovnim nasleđem. Monaški ili parohijski život, u zavisnosti od statusa svetinje, doprinosi kontinuitetu bogosluženja i prenošenju predanja na mlađe naraštaje.ZNAČAJ: Manastir Manastirče je važan deo crkvene, kulturne i istorijske mape Srbije. Njegov značaj nije samo verski, već i identitetski, jer svedoči o trajanju narodne pobožnosti, umetnosti i lokalnog pamćenja. Za potpuniji prikaz preporučuje se da se ovom zapisu naknadno dodaju provereni podaci o ktitoru, tačnoj godini nastanka, obnovama, poznatim svetinjama, freskama i drugim posebnostima vezanim baš za ovaj manastir.";;;https://manastiri.rs/eparhije/niska/manastir-manastirce/;Nepoznat;1870;Podaci dopunjeni;dodato;;ok
miljkovac;Manastir Miljkovac;Južna Srbija;Niš;U blizini ostataka utvrđenja Železnik, oko 15 km od Niša; prvi put se pominje u osmanskim zapisima krajem 15. veka.;43.4389028;21.8655512;aktivan;"Eparhija niška; 'OPŠTI PODACI: Manastir Miljkovac nalazi se u okviru Eparhije niške i pripada korpusu značajnih pravoslavnih svetinja na prostoru Srbije. U evidenciji ovog projekta vezuje se za mesto ili šire područje širem području Srbije. U blizini ostataka utvrđenja Železnik, oko 15 km od Niša"; prvi put se pominje u osmanskim zapisima krajem 15. veka. Manastirski kompleks se po pravilu sastoji od crkve, porte i pratećih objekata namenjenih bogosluženju i svakodnevnom monaškom životu.ISTORIJA: Tačna godina osnivanja, kao i ime prvobitnog ktitora, za ovaj zapis zahtevaju dodatnu proveru u pouzdanim crkvenim i istoriografskim izvorima. Ipak, za manastire ovog tipa uobičajeno je da su kroz vekove prolazili kroz periode gradnje, obnavljanja, a ponegde i razaranja usled ratova, seoba i političkih previranja. Zato je važno da se u daljoj obradi za Manastir Miljkovac dopune podaci o vremenu nastanka, eventualnim obnovama i ličnostima koje su učestvovale u njegovom podizanju ili obnovi. U aplikaciji ova sekcija može služiti kao mesto za unošenje konkretnih godina izgradnje, obnavljanja i restauracije čim budu potvrđene.ARHITEKTURA: Arhitektonska vrednost manastira ogleda se u spoju crkvene gradnje, uređenja enterijera i prilagođenosti prostora bogoslužbenoj funkciji. Poseban značaj obično imaju oltarski prostor, ikonostas, eventualni živopis, kao i sklad između hrama i prirodnog okruženja. Ako su sačuvani podaci o starijim fazama gradnje, ovde se kasnije mogu navesti stilske odlike, tip osnove hrama i najvažnije umetničke karakteristike.DUHOVNI ŽIVOT: Manastir Miljkovac ima značaj kao mesto molitve, liturgijskog sabranja i očuvanja pravoslavne tradicije. Na velike praznike i manastirsku slavu ovakve svetinje okupljaju vernike, hodočasnike i posetioce koji dolaze radi molitve, mira i upoznavanja sa duhovnim nasleđem. Monaški ili parohijski život, u zavisnosti od statusa svetinje, doprinosi kontinuitetu bogosluženja i prenošenju predanja na mlađe naraštaje.ZNAČAJ: Manastir Miljkovac je važan deo crkvene, kulturne i istorijske mape Srbije. Njegov značaj nije samo verski, već i identitetski, jer svedoči o trajanju narodne pobožnosti, umetnosti i lokalnog pamćenja. Za potpuniji prikaz preporučuje se da se ovom zapisu naknadno dodaju provereni podaci o ktitoru, tačnoj godini nastanka, obnovama, poznatim svetinjama, freskama i drugim posebnostima vezanim baš za ovaj manastir.";;;https://manastiri.rs/eparhije/niska/manastir-miljkovac/;Nepoznat;1400;Podaci dopunjeni;nominatim-second-pass;Manastir Manastir Miljkovac, Srbija;ok
mustar;Manastir Muštar;Južna Srbija;Gadžin Han;Kratak pregled: Manastir Muštar.;43.1500;22.1000;aktivan;Eparhija niška;"OPŠTI PODACI: Manastir Muštar nalazi se u okviru Eparhije niške i pripada korpusu značajnih pravoslavnih svetinja na prostoru Srbije. U evidenciji ovog projekta vezuje se za mesto ili šire područje širem području Srbije. Kratak pregled: Manastir Muštar. Manastirski kompleks se po pravilu sastoji od crkve, porte i pratećih objekata namenjenih bogosluženju i svakodnevnom monaškom životu.ISTORIJA: Tačna godina osnivanja, kao i ime prvobitnog ktitora, za ovaj zapis zahtevaju dodatnu proveru u pouzdanim crkvenim i istoriografskim izvorima. Ipak, za manastire ovog tipa uobičajeno je da su kroz vekove prolazili kroz periode gradnje, obnavljanja, a ponegde i razaranja usled ratova, seoba i političkih previranja. Zato je važno da se u daljoj obradi za Manastir Muštar dopune podaci o vremenu nastanka, eventualnim obnovama i ličnostima koje su učestvovale u njegovom podizanju ili obnovi. U aplikaciji ova sekcija može služiti kao mesto za unošenje konkretnih godina izgradnje, obnavljanja i restauracije čim budu potvrđene.ARHITEKTURA: Arhitektonska vrednost manastira ogleda se u spoju crkvene gradnje, uređenja enterijera i prilagođenosti prostora bogoslužbenoj funkciji. Poseban značaj obično imaju oltarski prostor, ikonostas, eventualni živopis, kao i sklad između hrama i prirodnog okruženja. Ako su sačuvani podaci o starijim fazama gradnje, ovde se kasnije mogu navesti stilske odlike, tip osnove hrama i najvažnije umetničke karakteristike.DUHOVNI ŽIVOT: Manastir Muštar ima značaj kao mesto molitve, liturgijskog sabranja i očuvanja pravoslavne tradicije. Na velike praznike i manastirsku slavu ovakve svetinje okupljaju vernike, hodočasnike i posetioce koji dolaze radi molitve, mira i upoznavanja sa duhovnim nasleđem. Monaški ili parohijski život, u zavisnosti od statusa svetinje, doprinosi kontinuitetu bogosluženja i prenošenju predanja na mlađe naraštaje.ZNAČAJ: Manastir Muštar je važan deo crkvene, kulturne i istorijske mape Srbije. Njegov značaj nije samo verski, već i identitetski, jer svedoči o trajanju narodne pobožnosti, umetnosti i lokalnog pamćenja. Za potpuniji prikaz preporučuje se da se ovom zapisu naknadno dodaju provereni podaci o ktitoru, tačnoj godini nastanka, obnovama, poznatim svetinjama, freskama i drugim posebnostima vezanim baš za ovaj manastir.";images/monasteries/mustar.jpg;;manastiri.rs;Nepoznat;1400;Podaci dopunjeni;dodato;;ok

oraovica-niska;Manastir Oraovica;Južna Srbija;Preševo;Kratak pregled: Manastir Oraovica.;42.3167;21.6500;aktivan;Eparhija niška;"'OPŠTI PODACI: Manastir Oraovica nalazi se u okviru Eparhije niške i pripada korpusu značajnih pravoslavnih svetinja na prostoru Srbije. U evidenciji ovog projekta vezuje se za mesto ili šire područje širem području Srbije. Kratak pregled: Manastir Oraovica. Manastirski kompleks se po pravilu sastoji od crkve, porte i pratećih objekata namenjenih bogosluženju i svakodnevnom monaškom životu.ISTORIJA: Tačna godina osnivanja, kao i ime prvobitnog ktitora, za ovaj zapis zahtevaju dodatnu proveru u pouzdanim crkvenim i istoriografskim izvorima. Ipak, za manastire ovog tipa uobičajeno je da su kroz vekove prolazili kroz periode gradnje, obnavljanja, a ponegde i razaranja usled ratova, seoba i političkih previranja. Zato je važno da se u daljoj obradi za Manastir Oraovica dopune podaci o vremenu nastanka, eventualnim obnovama i ličnostima koje su učestvovale u njegovom podizanju ili obnovi. U aplikaciji ova sekcija može služiti kao mesto za unošenje konkretnih godina izgradnje, obnavljanja i restauracije čim budu potvrđene.ARHITEKTURA: Arhitektonska vrednost manastira ogleda se u spoju crkvene gradnje, uređenja enterijera i prilagođenosti prostora bogoslužbenoj funkciji. Poseban značaj obično imaju oltarski prostor, ikonostas, eventualni živopis, kao i sklad između hrama i prirodnog okruženja. Ako su sačuvani podaci o starijim fazama gradnje, ovde se kasnije mogu navesti stilske odlike, tip osnove hrama i najvažnije umetničke karakteristike.DUHOVNI ŽIVOT: Manastir Oraovica ima značaj kao mesto molitve, liturgijskog sabranja i očuvanja pravoslavne tradicije. Na velike praznike i manastirsku slavu ovakve svetinje okupljaju vernike, hodočasnike i posetioce koji dolaze radi molitve, mira i upoznavanja sa duhovnim nasleđem. Monaški ili parohijski život, u zavisnosti od statusa svetinje, doprinosi kontinuitetu bogosluženja i prenošenju predanja na mlađe naraštaje.ZNAČAJ: Manastir Oraovica je važan deo crkvene, kulturne i istorijske mape Srbije. Njegov značaj nije samo verski, već i identitetski, jer svedoči o trajanju narodne pobožnosti, umetnosti i lokalnog pamćenja. Za potpuniji prikaz preporučuje se da se ovom zapisu naknadno dodaju provereni podaci o ktitoru, tačnoj godini nastanka, obnovama, poznatim svetinjama, freskama i drugim posebnostima vezanim baš za ovaj manastir.'; images/monasteries/oraovica-niska.jpg; ; manastiri.rs; Nepoznat; 1400; Podaci dopunjeni; dodato; ; ok pirkovac; Manastir Pirkovac; Južna Srbija; Svrljig; Kratak pregled: Manastir Pirkovac.; 43.4333; 22.0500; aktivan; Eparhija niška";"OPŠTI PODACI: Manastir Pirkovac nalazi se u okviru Eparhije niške i pripada korpusu značajnih pravoslavnih svetinja na prostoru Srbije. U evidenciji ovog projekta vezuje se za mesto ili šire područje širem području Srbije. Kratak pregled: Manastir Pirkovac. Manastirski kompleks se po pravilu sastoji od crkve, porte i pratećih objekata namenjenih bogosluženju i svakodnevnom monaškom životu.ISTORIJA: Tačna godina osnivanja, kao i ime prvobitnog ktitora, za ovaj zapis zahtevaju dodatnu proveru u pouzdanim crkvenim i istoriografskim izvorima. Ipak, za manastire ovog tipa uobičajeno je da su kroz vekove prolazili kroz periode gradnje, obnavljanja, a ponegde i razaranja usled ratova, seoba i političkih previranja. Zato je važno da se u daljoj obradi za Manastir Pirkovac dopune podaci o vremenu nastanka, eventualnim obnovama i ličnostima koje su učestvovale u njegovom podizanju ili obnovi. U aplikaciji ova sekcija može služiti kao mesto za unošenje konkretnih godina izgradnje, obnavljanja i restauracije čim budu potvrđene.ARHITEKTURA: Arhitektonska vrednost manastira ogleda se u spoju crkvene gradnje, uređenja enterijera i prilagođenosti prostora bogoslužbenoj funkciji. Poseban značaj obično imaju oltarski prostor, ikonostas, eventualni živopis, kao i sklad između hrama i prirodnog okruženja. Ako su sačuvani podaci o starijim fazama gradnje, ovde se kasnije mogu navesti stilske odlike, tip osnove hrama i najvažnije umetničke karakteristike.DUHOVNI ŽIVOT: Manastir Pirkovac ima značaj kao mesto molitve, liturgijskog sabranja i očuvanja pravoslavne tradicije. Na velike praznike i manastirsku slavu ovakve svetinje okupljaju vernike, hodočasnike i posetioce koji dolaze radi molitve, mira i upoznavanja sa duhovnim nasleđem. Monaški ili parohijski život, u zavisnosti od statusa svetinje, doprinosi kontinuitetu bogosluženja i prenošenju predanja na mlađe naraštaje.ZNAČAJ: Manastir Pirkovac je važan deo crkvene, kulturne i istorijske mape Srbije. Njegov značaj nije samo verski, već i identitetski, jer svedoči o trajanju narodne pobožnosti, umetnosti i lokalnog pamćenja. Za potpuniji prikaz preporučuje se da se ovom zapisu naknadno dodaju provereni podaci o ktitoru, tačnoj godini nastanka, obnovama, poznatim svetinjama, freskama i drugim posebnostima vezanim baš za ovaj manastir.";images/monasteries/pirkovac.jpg;;manastiri.rs;Nepoznat;1500;Podaci dopunjeni;dodato;;ok
planinica;Manastir Planinica;Jugoistočna Srbija;Pirot;Kratak pregled: Manastir Planinica.;43.009471;22.673950;aktivan;Eparhija niška;"OPŠTI PODACI: Manastir Planinica nalazi se u okviru Eparhije niške i pripada korpusu značajnih pravoslavnih svetinja na prostoru Srbije. U evidenciji ovog projekta vezuje se za mesto ili šire područje širem području Srbije. Kratak pregled: Manastir Planinica. Manastirski kompleks se po pravilu sastoji od crkve, porte i pratećih objekata namenjenih bogosluženju i svakodnevnom monaškom životu.ISTORIJA: Tačna godina osnivanja, kao i ime prvobitnog ktitora, za ovaj zapis zahtevaju dodatnu proveru u pouzdanim crkvenim i istoriografskim izvorima. Ipak, za manastire ovog tipa uobičajeno je da su kroz vekove prolazili kroz periode gradnje, obnavljanja, a ponegde i razaranja usled ratova, seoba i političkih previranja. Zato je važno da se u daljoj obradi za Manastir Planinica dopune podaci o vremenu nastanka, eventualnim obnovama i ličnostima koje su učestvovale u njegovom podizanju ili obnovi. U aplikaciji ova sekcija može služiti kao mesto za unošenje konkretnih godina izgradnje, obnavljanja i restauracije čim budu potvrđene.ARHITEKTURA: Arhitektonska vrednost manastira ogleda se u spoju crkvene gradnje, uređenja enterijera i prilagođenosti prostora bogoslužbenoj funkciji. Poseban značaj obično imaju oltarski prostor, ikonostas, eventualni živopis, kao i sklad između hrama i prirodnog okruženja. Ako su sačuvani podaci o starijim fazama gradnje, ovde se kasnije mogu navesti stilske odlike, tip osnove hrama i najvažnije umetničke karakteristike.DUHOVNI ŽIVOT: Manastir Planinica ima značaj kao mesto molitve, liturgijskog sabranja i očuvanja pravoslavne tradicije. Na velike praznike i manastirsku slavu ovakve svetinje okupljaju vernike, hodočasnike i posetioce koji dolaze radi molitve, mira i upoznavanja sa duhovnim nasleđem. Monaški ili parohijski život, u zavisnosti od statusa svetinje, doprinosi kontinuitetu bogosluženja i prenošenju predanja na mlađe naraštaje.ZNAČAJ: Manastir Planinica je važan deo crkvene, kulturne i istorijske mape Srbije. Njegov značaj nije samo verski, već i identitetski, jer svedoči o trajanju narodne pobožnosti, umetnosti i lokalnog pamćenja. Za potpuniji prikaz preporučuje se da se ovom zapisu naknadno dodaju provereni podaci o ktitoru, tačnoj godini nastanka, obnovama, poznatim svetinjama, freskama i drugim posebnostima vezanim baš za ovaj manastir.";images/monasteries/planinica.jpg;;manastiri.rs;Nepoznat;1600;Podaci dopunjeni;nominatim-second-pass;Manastir Manastir Planinica, Srbija;ok

plocnik;Manastir Pločnik;Južna Srbija;Prokuplje;Kratak pregled: Manastir Pločnik.;43.2000;21.3667;aktivan;Eparhija niška;"OPŠTI PODACI: Manastir Pločnik nalazi se u okviru Eparhije niške i pripada korpusu značajnih pravoslavnih svetinja na prostoru Srbije. U evidenciji ovog projekta vezuje se za mesto ili šire područje širem području Srbije. Kratak pregled: Manastir Pločnik. Manastirski kompleks se po pravilu sastoji od crkve, porte i pratećih objekata namenjenih bogosluženju i svakodnevnom monaškom životu.ISTORIJA: Tačna godina osnivanja, kao i ime prvobitnog ktitora, za ovaj zapis zahtevaju dodatnu proveru u pouzdanim crkvenim i istoriografskim izvorima. Ipak, za manastire ovog tipa uobičajeno je da su kroz vekove prolazili kroz periode gradnje, obnavljanja, a ponegde i razaranja usled ratova, seoba i političkih previranja. Zato je važno da se u daljoj obradi za Manastir Pločnik dopune podaci o vremenu nastanka, eventualnim obnovama i ličnostima koje su učestvovale u njegovom podizanju ili obnovi. U aplikaciji ova sekcija može služiti kao mesto za unošenje konkretnih godina izgradnje, obnavljanja i restauracije čim budu potvrđene.ARHITEKTURA: Arhitektonska vrednost manastira ogleda se u spoju crkvene gradnje, uređenja enterijera i prilagođenosti prostora bogoslužbenoj funkciji. Poseban značaj obično imaju oltarski prostor, ikonostas, eventualni živopis, kao i sklad između hrama i prirodnog okruženja. Ako su sačuvani podaci o starijim fazama gradnje, ovde se kasnije mogu navesti stilske odlike, tip osnove hrama i najvažnije umetničke karakteristike.DUHOVNI ŽIVOT: Manastir Pločnik ima značaj kao mesto molitve, liturgijskog sabranja i očuvanja pravoslavne tradicije. Na velike praznike i manastirsku slavu ovakve svetinje okupljaju vernike, hodočasnike i posetioce koji dolaze radi molitve, mira i upoznavanja sa duhovnim nasleđem. Monaški ili parohijski život, u zavisnosti od statusa svetinje, doprinosi kontinuitetu bogosluženja i prenošenju predanja na mlađe naraštaje.ZNAČAJ: Manastir Pločnik je važan deo crkvene, kulturne i istorijske mape Srbije. Njegov značaj nije samo verski, već i identitetski, jer svedoči o trajanju narodne pobožnosti, umetnosti i lokalnog pamćenja. Za potpuniji prikaz preporučuje se da se ovom zapisu naknadno dodaju provereni podaci o ktitoru, tačnoj godini nastanka, obnovama, poznatim svetinjama, freskama i drugim posebnostima vezanim baš za ovaj manastir.";images/monasteries/plocnik.jpg;;manastiri.rs;Nepoznat;1400;Podaci dopunjeni;dodato;;ok

poganovo;Manastir Poganovo;Jugoistočna Srbija;Dimitrovgrad;Kratak pregled: Manastir Poganovo je poznata pravoslavna svetinja u oblasti Jugoistočna Srbija.;42.9796646;22.6374976;aktivan;Eparhija niška;"OPŠTI PODACI: Manastir Poganovo nalazi se u okviru Eparhije niške i pripada korpusu značajnih pravoslavnih svetinja na prostoru Srbije. U evidenciji ovog projekta vezuje se za mesto ili šire područje Dimitrovgrad. Kratak pregled: Manastir Poganovo je poznata pravoslavna svetinja u oblasti Jugoistočna Srbija. Manastirski kompleks se po pravilu sastoji od crkve, porte i pratećih objekata namenjenih bogosluženju i svakodnevnom monaškom životu.ISTORIJA: Tačna godina osnivanja, kao i ime prvobitnog ktitora, za ovaj zapis zahtevaju dodatnu proveru u pouzdanim crkvenim i istoriografskim izvorima. Ipak, za manastire ovog tipa uobičajeno je da su kroz vekove prolazili kroz periode gradnje, obnavljanja, a ponegde i razaranja usled ratova, seoba i političkih previranja. Zato je važno da se u daljoj obradi za Manastir Poganovo dopune podaci o vremenu nastanka, eventualnim obnovama i ličnostima koje su učestvovale u njegovom podizanju ili obnovi. U aplikaciji ova sekcija može služiti kao mesto za unošenje konkretnih godina izgradnje, obnavljanja i restauracije čim budu potvrđene.ARHITEKTURA: Arhitektonska vrednost manastira ogleda se u spoju crkvene gradnje, uređenja enterijera i prilagođenosti prostora bogoslužbenoj funkciji. Poseban značaj obično imaju oltarski prostor, ikonostas, eventualni živopis, kao i sklad između hrama i prirodnog okruženja. Ako su sačuvani podaci o starijim fazama gradnje, ovde se kasnije mogu navesti stilske odlike, tip osnove hrama i najvažnije umetničke karakteristike.DUHOVNI ŽIVOT: Manastir Poganovo ima značaj kao mesto molitve, liturgijskog sabranja i očuvanja pravoslavne tradicije. Na velike praznike i manastirsku slavu ovakve svetinje okupljaju vernike, hodočasnike i posetioce koji dolaze radi molitve, mira i upoznavanja sa duhovnim nasleđem. Monaški ili parohijski život, u zavisnosti od statusa svetinje, doprinosi kontinuitetu bogosluženja i prenošenju predanja na mlađe naraštaje.ZNAČAJ: Manastir Poganovo je važan deo crkvene, kulturne i istorijske mape Srbije. Njegov značaj nije samo verski, već i identitetski, jer svedoči o trajanju narodne pobožnosti, umetnosti i lokalnog pamćenja. Za potpuniji prikaz preporučuje se da se ovom zapisu naknadno dodaju provereni podaci o ktitoru, tačnoj godini nastanka, obnovama, poznatim svetinjama, freskama i drugim posebnostima vezanim baš za ovaj manastir.";;;nepoznato;Konstantin Dejanović;1390;Podaci dopunjeni;nominatim-second-pass;Manastir Manastir Poganovo, Dimitrovgrad, Srbija;ok

rsovci;Manastir Rsovci;Jugoistočna Srbija;Pirot;Kratak pregled: Manastir Rsovci.;43.1689135;22.7553899;aktivan;Eparhija niška;"OPŠTI PODACI: Manastir Rsovci nalazi se u okviru Eparhije niške i pripada korpusu značajnih pravoslavnih svetinja na prostoru Srbije. U evidenciji ovog projekta vezuje se za mesto ili šire područje širem području Srbije. Kratak pregled: Manastir Rsovci. Manastirski kompleks se po pravilu sastoji od crkve, porte i pratećih objekata namenjenih bogosluženju i svakodnevnom monaškom životu.ISTORIJA: Tačna godina osnivanja, kao i ime prvobitnog ktitora, za ovaj zapis zahtevaju dodatnu proveru u pouzdanim crkvenim i istoriografskim izvorima. Ipak, za manastire ovog tipa uobičajeno je da su kroz vekove prolazili kroz periode gradnje, obnavljanja, a ponegde i razaranja usled ratova, seoba i političkih previranja. Zato je važno da se u daljoj obradi za Manastir Rsovci dopune podaci o vremenu nastanka, eventualnim obnovama i ličnostima koje su učestvovale u njegovom podizanju ili obnovi. U aplikaciji ova sekcija može služiti kao mesto za unošenje konkretnih godina izgradnje, obnavljanja i restauracije čim budu potvrđene.ARHITEKTURA: Arhitektonska vrednost manastira ogleda se u spoju crkvene gradnje, uređenja enterijera i prilagođenosti prostora bogoslužbenoj funkciji. Poseban značaj obično imaju oltarski prostor, ikonostas, eventualni živopis, kao i sklad između hrama i prirodnog okruženja. Ako su sačuvani podaci o starijim fazama gradnje, ovde se kasnije mogu navesti stilske odlike, tip osnove hrama i najvažnije umetničke karakteristike.DUHOVNI ŽIVOT: Manastir Rsovci ima značaj kao mesto molitve, liturgijskog sabranja i očuvanja pravoslavne tradicije. Na velike praznike i manastirsku slavu ovakve svetinje okupljaju vernike, hodočasnike i posetioce koji dolaze radi molitve, mira i upoznavanja sa duhovnim nasleđem. Monaški ili parohijski život, u zavisnosti od statusa svetinje, doprinosi kontinuitetu bogosluženja i prenošenju predanja na mlađe naraštaje.ZNAČAJ: Manastir Rsovci je važan deo crkvene, kulturne i istorijske mape Srbije. Njegov značaj nije samo verski, već i identitetski, jer svedoči o trajanju narodne pobožnosti, umetnosti i lokalnog pamćenja. Za potpuniji prikaz preporučuje se da se ovom zapisu naknadno dodaju provereni podaci o ktitoru, tačnoj godini nastanka, obnovama, poznatim svetinjama, freskama i drugim posebnostima vezanim baš za ovaj manastir.";images/monasteries/rsovci.jpg;;manastiri.rs;Nepoznat;1300;Podaci dopunjeni;nominatim-second-pass;Manastir Manastir Rsovci, Srbija;ok

rudare;Manastir Rudare;Južna Srbija;Leskovac;Kratak pregled: Manastir Rudare.;42.9607626;21.9684393;aktivan;Eparhija niška;"OPŠTI PODACI: Manastir Rudare nalazi se u okviru Eparhije niške i pripada korpusu značajnih pravoslavnih svetinja na prostoru Srbije. U evidenciji ovog projekta vezuje se za mesto ili šire područje širem području Srbije. Kratak pregled: Manastir Rudare. Manastirski kompleks se po pravilu sastoji od crkve, porte i pratećih objekata namenjenih bogosluženju i svakodnevnom monaškom životu.ISTORIJA: Tačna godina osnivanja, kao i ime prvobitnog ktitora, za ovaj zapis zahtevaju dodatnu proveru u pouzdanim crkvenim i istoriografskim izvorima. Ipak, za manastire ovog tipa uobičajeno je da su kroz vekove prolazili kroz periode gradnje, obnavljanja, a ponegde i razaranja usled ratova, seoba i političkih previranja. Zato je važno da se u daljoj obradi za Manastir Rudare dopune podaci o vremenu nastanka, eventualnim obnovama i ličnostima koje su učestvovale u njegovom podizanju ili obnovi. U aplikaciji ova sekcija može služiti kao mesto za unošenje konkretnih godina izgradnje, obnavljanja i restauracije čim budu potvrđene.ARHITEKTURA: Arhitektonska vrednost manastira ogleda se u spoju crkvene gradnje, uređenja enterijera i prilagođenosti prostora bogoslužbenoj funkciji. Poseban značaj obično imaju oltarski prostor, ikonostas, eventualni živopis, kao i sklad između hrama i prirodnog okruženja. Ako su sačuvani podaci o starijim fazama gradnje, ovde se kasnije mogu navesti stilske odlike, tip osnove hrama i najvažnije umetničke karakteristike.DUHOVNI ŽIVOT: Manastir Rudare ima značaj kao mesto molitve, liturgijskog sabranja i očuvanja pravoslavne tradicije. Na velike praznike i manastirsku slavu ovakve svetinje okupljaju vernike, hodočasnike i posetioce koji dolaze radi molitve, mira i upoznavanja sa duhovnim nasleđem. Monaški ili parohijski život, u zavisnosti od statusa svetinje, doprinosi kontinuitetu bogosluženja i prenošenju predanja na mlađe naraštaje.ZNAČAJ: Manastir Rudare je važan deo crkvene, kulturne i istorijske mape Srbije. Njegov značaj nije samo verski, već i identitetski, jer svedoči o trajanju narodne pobožnosti, umetnosti i lokalnog pamćenja. Za potpuniji prikaz preporučuje se da se ovom zapisu naknadno dodaju provereni podaci o ktitoru, tačnoj godini nastanka, obnovama, poznatim svetinjama, freskama i drugim posebnostima vezanim baš za ovaj manastir.";images/monasteries/rudare.jpg;;manastiri.rs;Nepoznat;1500;Podaci dopunjeni;nominatim-second-pass;Manastir Manastir Rudare, Srbija;ok

sinjacki;Manastir Sinjački;Jugoistočna Srbija;Bela Palanka;Kratak pregled: Manastir Sinjački.;43.2500;22.3167;aktivan;Eparhija niška;"OPŠTI PODACI: Manastir Sinjački nalazi se u okviru Eparhije niške i pripada korpusu značajnih pravoslavnih svetinja na prostoru Srbije. U evidenciji ovog projekta vezuje se za mesto ili šire područje širem području Srbije. Kratak pregled: Manastir Sinjački. Manastirski kompleks se po pravilu sastoji od crkve, porte i pratećih objekata namenjenih bogosluženju i svakodnevnom monaškom životu.ISTORIJA: Tačna godina osnivanja, kao i ime prvobitnog ktitora, za ovaj zapis zahtevaju dodatnu proveru u pouzdanim crkvenim i istoriografskim izvorima. Ipak, za manastire ovog tipa uobičajeno je da su kroz vekove prolazili kroz periode gradnje, obnavljanja, a ponegde i razaranja usled ratova, seoba i političkih previranja. Zato je važno da se u daljoj obradi za Manastir Sinjački dopune podaci o vremenu nastanka, eventualnim obnovama i ličnostima koje su učestvovale u njegovom podizanju ili obnovi. U aplikaciji ova sekcija može služiti kao mesto za unošenje konkretnih godina izgradnje, obnavljanja i restauracije čim budu potvrđene.ARHITEKTURA: Arhitektonska vrednost manastira ogleda se u spoju crkvene gradnje, uređenja enterijera i prilagođenosti prostora bogoslužbenoj funkciji. Poseban značaj obično imaju oltarski prostor, ikonostas, eventualni živopis, kao i sklad između hrama i prirodnog okruženja. Ako su sačuvani podaci o starijim fazama gradnje, ovde se kasnije mogu navesti stilske odlike, tip osnove hrama i najvažnije umetničke karakteristike.DUHOVNI ŽIVOT: Manastir Sinjački ima značaj kao mesto molitve, liturgijskog sabranja i očuvanja pravoslavne tradicije. Na velike praznike i manastirsku slavu ovakve svetinje okupljaju vernike, hodočasnike i posetioce koji dolaze radi molitve, mira i upoznavanja sa duhovnim nasleđem. Monaški ili parohijski život, u zavisnosti od statusa svetinje, doprinosi kontinuitetu bogosluženja i prenošenju predanja na mlađe naraštaje.ZNAČAJ: Manastir Sinjački je važan deo crkvene, kulturne i istorijske mape Srbije. Njegov značaj nije samo verski, već i identitetski, jer svedoči o trajanju narodne pobožnosti, umetnosti i lokalnog pamćenja. Za potpuniji prikaz preporučuje se da se ovom zapisu naknadno dodaju provereni podaci o ktitoru, tačnoj godini nastanka, obnovama, poznatim svetinjama, freskama i drugim posebnostima vezanim baš za ovaj manastir.";images/monasteries/sinjacki.jpg;;manastiri.rs;Nepoznat;1600;Podaci dopunjeni;dodato;;ok

smilovci;Manastir Smilovci;Jugoistočna Srbija;Dimitrovgrad;Kratak pregled: Manastir Smilovci.;43.1082202;22.8480421;aktivan;Eparhija niška;"OPŠTI PODACI: Manastir Smilovci nalazi se u okviru Eparhije niške i pripada korpusu značajnih pravoslavnih svetinja na prostoru Srbije. U evidenciji ovog projekta vezuje se za mesto ili šire područje širem području Srbije. Kratak pregled: Manastir Smilovci. Manastirski kompleks se po pravilu sastoji od crkve, porte i pratećih objekata namenjenih bogosluženju i svakodnevnom monaškom životu.ISTORIJA: Tačna godina osnivanja, kao i ime prvobitnog ktitora, za ovaj zapis zahtevaju dodatnu proveru u pouzdanim crkvenim i istoriografskim izvorima. Ipak, za manastire ovog tipa uobičajeno je da su kroz vekove prolazili kroz periode gradnje, obnavljanja, a ponegde i razaranja usled ratova, seoba i političkih previranja. Zato je važno da se u daljoj obradi za Manastir Smilovci dopune podaci o vremenu nastanka, eventualnim obnovama i ličnostima koje su učestvovale u njegovom podizanju ili obnovi. U aplikaciji ova sekcija može služiti kao mesto za unošenje konkretnih godina izgradnje, obnavljanja i restauracije čim budu potvrđene.ARHITEKTURA: Arhitektonska vrednost manastira ogleda se u spoju crkvene gradnje, uređenja enterijera i prilagođenosti prostora bogoslužbenoj funkciji. Poseban značaj obično imaju oltarski prostor, ikonostas, eventualni živopis, kao i sklad između hrama i prirodnog okruženja. Ako su sačuvani podaci o starijim fazama gradnje, ovde se kasnije mogu navesti stilske odlike, tip osnove hrama i najvažnije umetničke karakteristike.DUHOVNI ŽIVOT: Manastir Smilovci ima značaj kao mesto molitve, liturgijskog sabranja i očuvanja pravoslavne tradicije. Na velike praznike i manastirsku slavu ovakve svetinje okupljaju vernike, hodočasnike i posetioce koji dolaze radi molitve, mira i upoznavanja sa duhovnim nasleđem. Monaški ili parohijski život, u zavisnosti od statusa svetinje, doprinosi kontinuitetu bogosluženja i prenošenju predanja na mlađe naraštaje.ZNAČAJ: Manastir Smilovci je važan deo crkvene, kulturne i istorijske mape Srbije. Njegov značaj nije samo verski, već i identitetski, jer svedoči o trajanju narodne pobožnosti, umetnosti i lokalnog pamćenja. Za potpuniji prikaz preporučuje se da se ovom zapisu naknadno dodaju provereni podaci o ktitoru, tačnoj godini nastanka, obnovama, poznatim svetinjama, freskama i drugim posebnostima vezanim baš za ovaj manastir.";images/monasteries/smilovci.jpg;;manastiri.rs;Nepoznat;1800;Podaci dopunjeni;nominatim-second-pass;Manastir Manastir Smilovci, Srbija;ok

sukovo;Manastir Sukovo;Jugoistočna Srbija;Pirot;Kratak pregled: Manastir Sukovo je poznata pravoslavna svetinja u oblasti Jugoistočna Srbija.;43.0422754;22.6636652;aktivan;Eparhija niška;"OPŠTI PODACI: Manastir Sukovo nalazi se u okviru Eparhije niške i pripada korpusu značajnih pravoslavnih svetinja na prostoru Srbije. U evidenciji ovog projekta vezuje se za mesto ili šire područje Pirot. Kratak pregled: Manastir Sukovo je poznata pravoslavna svetinja u oblasti Jugoistočna Srbija. Manastirski kompleks se po pravilu sastoji od crkve, porte i pratećih objekata namenjenih bogosluženju i svakodnevnom monaškom životu.ISTORIJA: Tačna godina osnivanja, kao i ime prvobitnog ktitora, za ovaj zapis zahtevaju dodatnu proveru u pouzdanim crkvenim i istoriografskim izvorima. Ipak, za manastire ovog tipa uobičajeno je da su kroz vekove prolazili kroz periode gradnje, obnavljanja, a ponegde i razaranja usled ratova, seoba i političkih previranja. Zato je važno da se u daljoj obradi za Manastir Sukovo dopune podaci o vremenu nastanka, eventualnim obnovama i ličnostima koje su učestvovale u njegovom podizanju ili obnovi. U aplikaciji ova sekcija može služiti kao mesto za unošenje konkretnih godina izgradnje, obnavljanja i restauracije čim budu potvrđene.ARHITEKTURA: Arhitektonska vrednost manastira ogleda se u spoju crkvene gradnje, uređenja enterijera i prilagođenosti prostora bogoslužbenoj funkciji. Poseban značaj obično imaju oltarski prostor, ikonostas, eventualni živopis, kao i sklad između hrama i prirodnog okruženja. Ako su sačuvani podaci o starijim fazama gradnje, ovde se kasnije mogu navesti stilske odlike, tip osnove hrama i najvažnije umetničke karakteristike.DUHOVNI ŽIVOT: Manastir Sukovo ima značaj kao mesto molitve, liturgijskog sabranja i očuvanja pravoslavne tradicije. Na velike praznike i manastirsku slavu ovakve svetinje okupljaju vernike, hodočasnike i posetioce koji dolaze radi molitve, mira i upoznavanja sa duhovnim nasleđem. Monaški ili parohijski život, u zavisnosti od statusa svetinje, doprinosi kontinuitetu bogosluženja i prenošenju predanja na mlađe naraštaje.ZNAČAJ: Manastir Sukovo je važan deo crkvene, kulturne i istorijske mape Srbije. Njegov značaj nije samo verski, već i identitetski, jer svedoči o trajanju narodne pobožnosti, umetnosti i lokalnog pamćenja. Za potpuniji prikaz preporučuje se da se ovom zapisu naknadno dodaju provereni podaci o ktitoru, tačnoj godini nastanka, obnovama, poznatim svetinjama, freskama i drugim posebnostima vezanim baš za ovaj manastir.";;;nepoznato;Sima Krstić;1857;Podaci dopunjeni;nominatim-second-pass;Manastir Manastir Sukovo, Pirot, Srbija;ok

sveti-jovan;Manastir Sveti Jovan;Južna Srbija;Niš;Kratak pregled: Manastir Sveti Jovan.;43.3167;21.9000;aktivan;Eparhija niška;"OPŠTI PODACI: Manastir Sveti Jovan nalazi se u okviru Eparhije niške i pripada korpusu značajnih pravoslavnih svetinja na prostoru Srbije. U evidenciji ovog projekta vezuje se za mesto ili šire područje širem području Srbije. Kratak pregled: Manastir Sveti Jovan. Manastirski kompleks se po pravilu sastoji od crkve, porte i pratećih objekata namenjenih bogosluženju i svakodnevnom monaškom životu.ISTORIJA: Tačna godina osnivanja, kao i ime prvobitnog ktitora, za ovaj zapis zahtevaju dodatnu proveru u pouzdanim crkvenim i istoriografskim izvorima. Ipak, za manastire ovog tipa uobičajeno je da su kroz vekove prolazili kroz periode gradnje, obnavljanja, a ponegde i razaranja usled ratova, seoba i političkih previranja. Zato je važno da se u daljoj obradi za Manastir Sveti Jovan dopune podaci o vremenu nastanka, eventualnim obnovama i ličnostima koje su učestvovale u njegovom podizanju ili obnovi. U aplikaciji ova sekcija može služiti kao mesto za unošenje konkretnih godina izgradnje, obnavljanja i restauracije čim budu potvrđene.ARHITEKTURA: Arhitektonska vrednost manastira ogleda se u spoju crkvene gradnje, uređenja enterijera i prilagođenosti prostora bogoslužbenoj funkciji. Poseban značaj obično imaju oltarski prostor, ikonostas, eventualni živopis, kao i sklad između hrama i prirodnog okruženja. Ako su sačuvani podaci o starijim fazama gradnje, ovde se kasnije mogu navesti stilske odlike, tip osnove hrama i najvažnije umetničke karakteristike.DUHOVNI ŽIVOT: Manastir Sveti Jovan ima značaj kao mesto molitve, liturgijskog sabranja i očuvanja pravoslavne tradicije. Na velike praznike i manastirsku slavu ovakve svetinje okupljaju vernike, hodočasnike i posetioce koji dolaze radi molitve, mira i upoznavanja sa duhovnim nasleđem. Monaški ili parohijski život, u zavisnosti od statusa svetinje, doprinosi kontinuitetu bogosluženja i prenošenju predanja na mlađe naraštaje.ZNAČAJ: Manastir Sveti Jovan je važan deo crkvene, kulturne i istorijske mape Srbije. Njegov značaj nije samo verski, već i identitetski, jer svedoči o trajanju narodne pobožnosti, umetnosti i lokalnog pamćenja. Za potpuniji prikaz preporučuje se da se ovom zapisu naknadno dodaju provereni podaci o ktitoru, tačnoj godini nastanka, obnovama, poznatim svetinjama, freskama i drugim posebnostima vezanim baš za ovaj manastir.";images/monasteries/sveti-jovan.jpg;;manastiri.rs;Nepoznat;1500;Podaci dopunjeni;dodato;;ok

sveti-roman;Manastir Sveti Roman;Južna Srbija;Ražanj;U opštini Ražanj, na desnoj obali Južne Morave; u zapisima se pominje u vezi sa svetiteljem Romanom i ranom crkvenom tradicijom.;43.6237826;21.5264091;aktivan;"Eparhija niška; 'OPŠTI PODACI: Manastir Sveti Roman nalazi se u okviru Eparhije niške i pripada korpusu značajnih pravoslavnih svetinja na prostoru Srbije. U evidenciji ovog projekta vezuje se za mesto ili šire područje Aleksandrovac. U opštini Ražanj, na desnoj obali Južne Morave"; u zapisima se pominje u vezi sa svetiteljem Romanom i ranom crkvenom tradicijom. Manastirski kompleks se po pravilu sastoji od crkve, porte i pratećih objekata namenjenih bogosluženju i svakodnevnom monaškom životu.ISTORIJA: Tačna godina osnivanja, kao i ime prvobitnog ktitora, za ovaj zapis zahtevaju dodatnu proveru u pouzdanim crkvenim i istoriografskim izvorima. Ipak, za manastire ovog tipa uobičajeno je da su kroz vekove prolazili kroz periode gradnje, obnavljanja, a ponegde i razaranja usled ratova, seoba i političkih previranja. Zato je važno da se u daljoj obradi za Manastir Sveti Roman dopune podaci o vremenu nastanka, eventualnim obnovama i ličnostima koje su učestvovale u njegovom podizanju ili obnovi. U aplikaciji ova sekcija može služiti kao mesto za unošenje konkretnih godina izgradnje, obnavljanja i restauracije čim budu potvrđene.ARHITEKTURA: Arhitektonska vrednost manastira ogleda se u spoju crkvene gradnje, uređenja enterijera i prilagođenosti prostora bogoslužbenoj funkciji. Poseban značaj obično imaju oltarski prostor, ikonostas, eventualni živopis, kao i sklad između hrama i prirodnog okruženja. Ako su sačuvani podaci o starijim fazama gradnje, ovde se kasnije mogu navesti stilske odlike, tip osnove hrama i najvažnije umetničke karakteristike.DUHOVNI ŽIVOT: Manastir Sveti Roman ima značaj kao mesto molitve, liturgijskog sabranja i očuvanja pravoslavne tradicije. Na velike praznike i manastirsku slavu ovakve svetinje okupljaju vernike, hodočasnike i posetioce koji dolaze radi molitve, mira i upoznavanja sa duhovnim nasleđem. Monaški ili parohijski život, u zavisnosti od statusa svetinje, doprinosi kontinuitetu bogosluženja i prenošenju predanja na mlađe naraštaje.ZNAČAJ: Manastir Sveti Roman je važan deo crkvene, kulturne i istorijske mape Srbije. Njegov značaj nije samo verski, već i identitetski, jer svedoči o trajanju narodne pobožnosti, umetnosti i lokalnog pamćenja. Za potpuniji prikaz preporučuje se da se ovom zapisu naknadno dodaju provereni podaci o ktitoru, tačnoj godini nastanka, obnovama, poznatim svetinjama, freskama i drugim posebnostima vezanim baš za ovaj manastir.";;;https://manastiri.rs/eparhije/niska/manastir-sveti-roman/;Sveti Roman Sinait;1000;Podaci dopunjeni;nominatim-second-pass;Manastir Sveti Roman, Srbija;ok
temska;Manastir Temska;Jugoistočna Srbija;Pirot;Kratak pregled: Manastir Temska je poznata pravoslavna svetinja u oblasti Jugoistočna Srbija.;43.2684646;22.5611978;aktivan;Eparhija niška;"OPŠTI PODACI: Manastir Temska nalazi se u okviru Eparhije niške i pripada korpusu značajnih pravoslavnih svetinja na prostoru Srbije. U evidenciji ovog projekta vezuje se za mesto ili šire područje Pirot. Kratak pregled: Manastir Temska je poznata pravoslavna svetinja u oblasti Jugoistočna Srbija. Manastirski kompleks se po pravilu sastoji od crkve, porte i pratećih objekata namenjenih bogosluženju i svakodnevnom monaškom životu.ISTORIJA: Tačna godina osnivanja, kao i ime prvobitnog ktitora, za ovaj zapis zahtevaju dodatnu proveru u pouzdanim crkvenim i istoriografskim izvorima. Ipak, za manastire ovog tipa uobičajeno je da su kroz vekove prolazili kroz periode gradnje, obnavljanja, a ponegde i razaranja usled ratova, seoba i političkih previranja. Zato je važno da se u daljoj obradi za Manastir Temska dopune podaci o vremenu nastanka, eventualnim obnovama i ličnostima koje su učestvovale u njegovom podizanju ili obnovi. U aplikaciji ova sekcija može služiti kao mesto za unošenje konkretnih godina izgradnje, obnavljanja i restauracije čim budu potvrđene.ARHITEKTURA: Arhitektonska vrednost manastira ogleda se u spoju crkvene gradnje, uređenja enterijera i prilagođenosti prostora bogoslužbenoj funkciji. Poseban značaj obično imaju oltarski prostor, ikonostas, eventualni živopis, kao i sklad između hrama i prirodnog okruženja. Ako su sačuvani podaci o starijim fazama gradnje, ovde se kasnije mogu navesti stilske odlike, tip osnove hrama i najvažnije umetničke karakteristike.DUHOVNI ŽIVOT: Manastir Temska ima značaj kao mesto molitve, liturgijskog sabranja i očuvanja pravoslavne tradicije. Na velike praznike i manastirsku slavu ovakve svetinje okupljaju vernike, hodočasnike i posetioce koji dolaze radi molitve, mira i upoznavanja sa duhovnim nasleđem. Monaški ili parohijski život, u zavisnosti od statusa svetinje, doprinosi kontinuitetu bogosluženja i prenošenju predanja na mlađe naraštaje.ZNAČAJ: Manastir Temska je važan deo crkvene, kulturne i istorijske mape Srbije. Njegov značaj nije samo verski, već i identitetski, jer svedoči o trajanju narodne pobožnosti, umetnosti i lokalnog pamćenja. Za potpuniji prikaz preporučuje se da se ovom zapisu naknadno dodaju provereni podaci o ktitoru, tačnoj godini nastanka, obnovama, poznatim svetinjama, freskama i drugim posebnostima vezanim baš za ovaj manastir.";;;nepoznato;Braća Dejanovići;1390;Podaci dopunjeni;nominatim-second-pass;Manastir Manastir Temska, Pirot, Srbija;ok

tesice;Manastir Tešice;Južna Srbija;Aleksinac;Kratak pregled: Manastir Tešice.;43.4500;21.7333;aktivan;Eparhija niška;"OPŠTI PODACI: Manastir Tešice nalazi se u okviru Eparhije niške i pripada korpusu značajnih pravoslavnih svetinja na prostoru Srbije. U evidenciji ovog projekta vezuje se za mesto ili šire područje širem području Srbije. Kratak pregled: Manastir Tešice. Manastirski kompleks se po pravilu sastoji od crkve, porte i pratećih objekata namenjenih bogosluženju i svakodnevnom monaškom životu.ISTORIJA: Tačna godina osnivanja, kao i ime prvobitnog ktitora, za ovaj zapis zahtevaju dodatnu proveru u pouzdanim crkvenim i istoriografskim izvorima. Ipak, za manastire ovog tipa uobičajeno je da su kroz vekove prolazili kroz periode gradnje, obnavljanja, a ponegde i razaranja usled ratova, seoba i političkih previranja. Zato je važno da se u daljoj obradi za Manastir Tešice dopune podaci o vremenu nastanka, eventualnim obnovama i ličnostima koje su učestvovale u njegovom podizanju ili obnovi. U aplikaciji ova sekcija može služiti kao mesto za unošenje konkretnih godina izgradnje, obnavljanja i restauracije čim budu potvrđene.ARHITEKTURA: Arhitektonska vrednost manastira ogleda se u spoju crkvene gradnje, uređenja enterijera i prilagođenosti prostora bogoslužbenoj funkciji. Poseban značaj obično imaju oltarski prostor, ikonostas, eventualni živopis, kao i sklad između hrama i prirodnog okruženja. Ako su sačuvani podaci o starijim fazama gradnje, ovde se kasnije mogu navesti stilske odlike, tip osnove hrama i najvažnije umetničke karakteristike.DUHOVNI ŽIVOT: Manastir Tešice ima značaj kao mesto molitve, liturgijskog sabranja i očuvanja pravoslavne tradicije. Na velike praznike i manastirsku slavu ovakve svetinje okupljaju vernike, hodočasnike i posetioce koji dolaze radi molitve, mira i upoznavanja sa duhovnim nasleđem. Monaški ili parohijski život, u zavisnosti od statusa svetinje, doprinosi kontinuitetu bogosluženja i prenošenju predanja na mlađe naraštaje.ZNAČAJ: Manastir Tešice je važan deo crkvene, kulturne i istorijske mape Srbije. Njegov značaj nije samo verski, već i identitetski, jer svedoči o trajanju narodne pobožnosti, umetnosti i lokalnog pamćenja. Za potpuniji prikaz preporučuje se da se ovom zapisu naknadno dodaju provereni podaci o ktitoru, tačnoj godini nastanka, obnovama, poznatim svetinjama, freskama i drugim posebnostima vezanim baš za ovaj manastir.";images/monasteries/tesice.jpg;;manastiri.rs;Nepoznat;1500;Podaci dopunjeni;dodato;;ok

veta;Manastir Veta;Južna Srbija;Bela Palanka;Kratak pregled: Manastir Veta.;43.2243161;22.1383277;aktivan;Eparhija niška;"OPŠTI PODACI: Manastir Veta nalazi se u okviru Eparhije niške i pripada korpusu značajnih pravoslavnih svetinja na prostoru Srbije. U evidenciji ovog projekta vezuje se za mesto ili šire područje širem području Srbije. Kratak pregled: Manastir Veta. Manastirski kompleks se po pravilu sastoji od crkve, porte i pratećih objekata namenjenih bogosluženju i svakodnevnom monaškom životu.ISTORIJA: Tačna godina osnivanja, kao i ime prvobitnog ktitora, za ovaj zapis zahtevaju dodatnu proveru u pouzdanim crkvenim i istoriografskim izvorima. Ipak, za manastire ovog tipa uobičajeno je da su kroz vekove prolazili kroz periode gradnje, obnavljanja, a ponegde i razaranja usled ratova, seoba i političkih previranja. Zato je važno da se u daljoj obradi za Manastir Veta dopune podaci o vremenu nastanka, eventualnim obnovama i ličnostima koje su učestvovale u njegovom podizanju ili obnovi. U aplikaciji ova sekcija može služiti kao mesto za unošenje konkretnih godina izgradnje, obnavljanja i restauracije čim budu potvrđene.ARHITEKTURA: Arhitektonska vrednost manastira ogleda se u spoju crkvene gradnje, uređenja enterijera i prilagođenosti prostora bogoslužbenoj funkciji. Poseban značaj obično imaju oltarski prostor, ikonostas, eventualni živopis, kao i sklad između hrama i prirodnog okruženja. Ako su sačuvani podaci o starijim fazama gradnje, ovde se kasnije mogu navesti stilske odlike, tip osnove hrama i najvažnije umetničke karakteristike.DUHOVNI ŽIVOT: Manastir Veta ima značaj kao mesto molitve, liturgijskog sabranja i očuvanja pravoslavne tradicije. Na velike praznike i manastirsku slavu ovakve svetinje okupljaju vernike, hodočasnike i posetioce koji dolaze radi molitve, mira i upoznavanja sa duhovnim nasleđem. Monaški ili parohijski život, u zavisnosti od statusa svetinje, doprinosi kontinuitetu bogosluženja i prenošenju predanja na mlađe naraštaje.ZNAČAJ: Manastir Veta je važan deo crkvene, kulturne i istorijske mape Srbije. Njegov značaj nije samo verski, već i identitetski, jer svedoči o trajanju narodne pobožnosti, umetnosti i lokalnog pamćenja. Za potpuniji prikaz preporučuje se da se ovom zapisu naknadno dodaju provereni podaci o ktitoru, tačnoj godini nastanka, obnovama, poznatim svetinjama, freskama i drugim posebnostima vezanim baš za ovaj manastir.";images/monasteries/veta.jpg;;manastiri.rs;Nepoznat;1400;Podaci dopunjeni;nominatim-second-pass;Manastir Manastir Veta, Srbija;ok

visocka-rzana;Manastir Visočka Ržana;Jugoistočna Srbija;Pirot;Kratak pregled: Manastir Visočka Ržana.;43.176694;22.819298;aktivan;Eparhija niška;"OPŠTI PODACI: Manastir Visočka Ržana nalazi se u okviru Eparhije niške i pripada korpusu značajnih pravoslavnih svetinja na prostoru Srbije. U evidenciji ovog projekta vezuje se za mesto ili šire područje širem području Srbije. Kratak pregled: Manastir Visočka Ržana. Manastirski kompleks se po pravilu sastoji od crkve, porte i pratećih objekata namenjenih bogosluženju i svakodnevnom monaškom životu.ISTORIJA: Tačna godina osnivanja, kao i ime prvobitnog ktitora, za ovaj zapis zahtevaju dodatnu proveru u pouzdanim crkvenim i istoriografskim izvorima. Ipak, za manastire ovog tipa uobičajeno je da su kroz vekove prolazili kroz periode gradnje, obnavljanja, a ponegde i razaranja usled ratova, seoba i političkih previranja. Zato je važno da se u daljoj obradi za Manastir Visočka Ržana dopune podaci o vremenu nastanka, eventualnim obnovama i ličnostima koje su učestvovale u njegovom podizanju ili obnovi. U aplikaciji ova sekcija može služiti kao mesto za unošenje konkretnih godina izgradnje, obnavljanja i restauracije čim budu potvrđene.ARHITEKTURA: Arhitektonska vrednost manastira ogleda se u spoju crkvene gradnje, uređenja enterijera i prilagođenosti prostora bogoslužbenoj funkciji. Poseban značaj obično imaju oltarski prostor, ikonostas, eventualni živopis, kao i sklad između hrama i prirodnog okruženja. Ako su sačuvani podaci o starijim fazama gradnje, ovde se kasnije mogu navesti stilske odlike, tip osnove hrama i najvažnije umetničke karakteristike.DUHOVNI ŽIVOT: Manastir Visočka Ržana ima značaj kao mesto molitve, liturgijskog sabranja i očuvanja pravoslavne tradicije. Na velike praznike i manastirsku slavu ovakve svetinje okupljaju vernike, hodočasnike i posetioce koji dolaze radi molitve, mira i upoznavanja sa duhovnim nasleđem. Monaški ili parohijski život, u zavisnosti od statusa svetinje, doprinosi kontinuitetu bogosluženja i prenošenju predanja na mlađe naraštaje.ZNAČAJ: Manastir Visočka Ržana je važan deo crkvene, kulturne i istorijske mape Srbije. Njegov značaj nije samo verski, već i identitetski, jer svedoči o trajanju narodne pobožnosti, umetnosti i lokalnog pamćenja. Za potpuniji prikaz preporučuje se da se ovom zapisu naknadno dodaju provereni podaci o ktitoru, tačnoj godini nastanka, obnovama, poznatim svetinjama, freskama i drugim posebnostima vezanim baš za ovaj manastir.";images/monasteries/visocka-rzana.jpg;;manastiri.rs;Nepoznat;1800;Podaci dopunjeni;nominatim-second-pass;Manastir Manastir Visočka Ržana, Srbija;ok

zavidnice;Manastir Zavidnice;Jugoistočna Srbija;Babušnica;Kratak pregled: Manastir Zavidnice.;43.0667;22.4167;aktivan;Eparhija niška;"OPŠTI PODACI: Manastir Zavidnice nalazi se u okviru Eparhije niške i pripada korpusu značajnih pravoslavnih svetinja na prostoru Srbije. U evidenciji ovog projekta vezuje se za mesto ili šire područje širem području Srbije. Kratak pregled: Manastir Zavidnice. Manastirski kompleks se po pravilu sastoji od crkve, porte i pratećih objekata namenjenih bogosluženju i svakodnevnom monaškom životu.ISTORIJA: Tačna godina osnivanja, kao i ime prvobitnog ktitora, za ovaj zapis zahtevaju dodatnu proveru u pouzdanim crkvenim i istoriografskim izvorima. Ipak, za manastire ovog tipa uobičajeno je da su kroz vekove prolazili kroz periode gradnje, obnavljanja, a ponegde i razaranja usled ratova, seoba i političkih previranja. Zato je važno da se u daljoj obradi za Manastir Zavidnice dopune podaci o vremenu nastanka, eventualnim obnovama i ličnostima koje su učestvovale u njegovom podizanju ili obnovi. U aplikaciji ova sekcija može služiti kao mesto za unošenje konkretnih godina izgradnje, obnavljanja i restauracije čim budu potvrđene.ARHITEKTURA: Arhitektonska vrednost manastira ogleda se u spoju crkvene gradnje, uređenja enterijera i prilagođenosti prostora bogoslužbenoj funkciji. Poseban značaj obično imaju oltarski prostor, ikonostas, eventualni živopis, kao i sklad između hrama i prirodnog okruženja. Ako su sačuvani podaci o starijim fazama gradnje, ovde se kasnije mogu navesti stilske odlike, tip osnove hrama i najvažnije umetničke karakteristike.DUHOVNI ŽIVOT: Manastir Zavidnice ima značaj kao mesto molitve, liturgijskog sabranja i očuvanja pravoslavne tradicije. Na velike praznike i manastirsku slavu ovakve svetinje okupljaju vernike, hodočasnike i posetioce koji dolaze radi molitve, mira i upoznavanja sa duhovnim nasleđem. Monaški ili parohijski život, u zavisnosti od statusa svetinje, doprinosi kontinuitetu bogosluženja i prenošenju predanja na mlađe naraštaje.ZNAČAJ: Manastir Zavidnice je važan deo crkvene, kulturne i istorijske mape Srbije. Njegov značaj nije samo verski, već i identitetski, jer svedoči o trajanju narodne pobožnosti, umetnosti i lokalnog pamćenja. Za potpuniji prikaz preporučuje se da se ovom zapisu naknadno dodaju provereni podaci o ktitoru, tačnoj godini nastanka, obnovama, poznatim svetinjama, freskama i drugim posebnostima vezanim baš za ovaj manastir.";images/monasteries/zavidnice.jpg;;manastiri.rs;Nepoznat;1300;Podaci dopunjeni;dodato;;ok

cirik;Manastir Ćirik;Jugoistočna Srbija;Pirot;Kratak pregled: Manastir Ćirik.;43.1667;22.5833;aktivan;Eparhija niška;"OPŠTI PODACI: Manastir Ćirik nalazi se u okviru Eparhije niške i pripada korpusu značajnih pravoslavnih svetinja na prostoru Srbije. U evidenciji ovog projekta vezuje se za mesto ili šire područje širem području Srbije. Kratak pregled: Manastir Ćirik. Manastirski kompleks se po pravilu sastoji od crkve, porte i pratećih objekata namenjenih bogosluženju i svakodnevnom monaškom životu.ISTORIJA: Tačna godina osnivanja, kao i ime prvobitnog ktitora, za ovaj zapis zahtevaju dodatnu proveru u pouzdanim crkvenim i istoriografskim izvorima. Ipak, za manastire ovog tipa uobičajeno je da su kroz vekove prolazili kroz periode gradnje, obnavljanja, a ponegde i razaranja usled ratova, seoba i političkih previranja. Zato je važno da se u daljoj obradi za Manastir Ćirik dopune podaci o vremenu nastanka, eventualnim obnovama i ličnostima koje su učestvovale u njegovom podizanju ili obnovi. U aplikaciji ova sekcija može služiti kao mesto za unošenje konkretnih godina izgradnje, obnavljanja i restauracije čim budu potvrđene.ARHITEKTURA: Arhitektonska vrednost manastira ogleda se u spoju crkvene gradnje, uređenja enterijera i prilagođenosti prostora bogoslužbenoj funkciji. Poseban značaj obično imaju oltarski prostor, ikonostas, eventualni živopis, kao i sklad između hrama i prirodnog okruženja. Ako su sačuvani podaci o starijim fazama gradnje, ovde se kasnije mogu navesti stilske odlike, tip osnove hrama i najvažnije umetničke karakteristike.DUHOVNI ŽIVOT: Manastir Ćirik ima značaj kao mesto molitve, liturgijskog sabranja i očuvanja pravoslavne tradicije. Na velike praznike i manastirsku slavu ovakve svetinje okupljaju vernike, hodočasnike i posetioce koji dolaze radi molitve, mira i upoznavanja sa duhovnim nasleđem. Monaški ili parohijski život, u zavisnosti od statusa svetinje, doprinosi kontinuitetu bogosluženja i prenošenju predanja na mlađe naraštaje.ZNAČAJ: Manastir Ćirik je važan deo crkvene, kulturne i istorijske mape Srbije. Njegov značaj nije samo verski, već i identitetski, jer svedoči o trajanju narodne pobožnosti, umetnosti i lokalnog pamćenja. Za potpuniji prikaz preporučuje se da se ovom zapisu naknadno dodaju provereni podaci o ktitoru, tačnoj godini nastanka, obnovama, poznatim svetinjama, freskama i drugim posebnostima vezanim baš za ovaj manastir.";images/monasteries/cirik.jpg;;manastiri.rs;Nepoznat;1500;Podaci dopunjeni;dodato;;ok

ciniglavci;Manastir Činiglavci;Jugoistočna Srbija;Pirot;Kratak pregled: Manastir Činiglavci.;43.0487494;22.7107213;aktivan;Eparhija niška;"OPŠTI PODACI: Manastir Činiglavci nalazi se u okviru Eparhije niške i pripada korpusu značajnih pravoslavnih svetinja na prostoru Srbije. U evidenciji ovog projekta vezuje se za mesto ili šire područje širem području Srbije. Kratak pregled: Manastir Činiglavci. Manastirski kompleks se po pravilu sastoji od crkve, porte i pratećih objekata namenjenih bogosluženju i svakodnevnom monaškom životu.ISTORIJA: Tačna godina osnivanja, kao i ime prvobitnog ktitora, za ovaj zapis zahtevaju dodatnu proveru u pouzdanim crkvenim i istoriografskim izvorima. Ipak, za manastire ovog tipa uobičajeno je da su kroz vekove prolazili kroz periode gradnje, obnavljanja, a ponegde i razaranja usled ratova, seoba i političkih previranja. Zato je važno da se u daljoj obradi za Manastir Činiglavci dopune podaci o vremenu nastanka, eventualnim obnovama i ličnostima koje su učestvovale u njegovom podizanju ili obnovi. U aplikaciji ova sekcija može služiti kao mesto za unošenje konkretnih godina izgradnje, obnavljanja i restauracije čim budu potvrđene.ARHITEKTURA: Arhitektonska vrednost manastira ogleda se u spoju crkvene gradnje, uređenja enterijera i prilagođenosti prostora bogoslužbenoj funkciji. Poseban značaj obično imaju oltarski prostor, ikonostas, eventualni živopis, kao i sklad između hrama i prirodnog okruženja. Ako su sačuvani podaci o starijim fazama gradnje, ovde se kasnije mogu navesti stilske odlike, tip osnove hrama i najvažnije umetničke karakteristike.DUHOVNI ŽIVOT: Manastir Činiglavci ima značaj kao mesto molitve, liturgijskog sabranja i očuvanja pravoslavne tradicije. Na velike praznike i manastirsku slavu ovakve svetinje okupljaju vernike, hodočasnike i posetioce koji dolaze radi molitve, mira i upoznavanja sa duhovnim nasleđem. Monaški ili parohijski život, u zavisnosti od statusa svetinje, doprinosi kontinuitetu bogosluženja i prenošenju predanja na mlađe naraštaje.ZNAČAJ: Manastir Činiglavci je važan deo crkvene, kulturne i istorijske mape Srbije. Njegov značaj nije samo verski, već i identitetski, jer svedoči o trajanju narodne pobožnosti, umetnosti i lokalnog pamćenja. Za potpuniji prikaz preporučuje se da se ovom zapisu naknadno dodaju provereni podaci o ktitoru, tačnoj godini nastanka, obnovama, poznatim svetinjama, freskama i drugim posebnostima vezanim baš za ovaj manastir.";images/monasteries/ciniglavci.jpg;;manastiri.rs;Nepoznat;1800;Podaci dopunjeni;nominatim-second-pass;Manastir Manastir Činiglavci, Srbija;ok

cukljenik;Manastir Čukljenik;Južna Srbija;Leskovac;Kratak pregled: Manastir Čukljenik.;42.8672211;21.9611607;aktivan;Eparhija niška;"OPŠTI PODACI: Manastir Čukljenik nalazi se u okviru Eparhije niške i pripada korpusu značajnih pravoslavnih svetinja na prostoru Srbije. U evidenciji ovog projekta vezuje se za mesto ili šire područje širem području Srbije. Kratak pregled: Manastir Čukljenik. Manastirski kompleks se po pravilu sastoji od crkve, porte i pratećih objekata namenjenih bogosluženju i svakodnevnom monaškom životu.ISTORIJA: Tačna godina osnivanja, kao i ime prvobitnog ktitora, za ovaj zapis zahtevaju dodatnu proveru u pouzdanim crkvenim i istoriografskim izvorima. Ipak, za manastire ovog tipa uobičajeno je da su kroz vekove prolazili kroz periode gradnje, obnavljanja, a ponegde i razaranja usled ratova, seoba i političkih previranja. Zato je važno da se u daljoj obradi za Manastir Čukljenik dopune podaci o vremenu nastanka, eventualnim obnovama i ličnostima koje su učestvovale u njegovom podizanju ili obnovi. U aplikaciji ova sekcija može služiti kao mesto za unošenje konkretnih godina izgradnje, obnavljanja i restauracije čim budu potvrđene.ARHITEKTURA: Arhitektonska vrednost manastira ogleda se u spoju crkvene gradnje, uređenja enterijera i prilagođenosti prostora bogoslužbenoj funkciji. Poseban značaj obično imaju oltarski prostor, ikonostas, eventualni živopis, kao i sklad između hrama i prirodnog okruženja. Ako su sačuvani podaci o starijim fazama gradnje, ovde se kasnije mogu navesti stilske odlike, tip osnove hrama i najvažnije umetničke karakteristike.DUHOVNI ŽIVOT: Manastir Čukljenik ima značaj kao mesto molitve, liturgijskog sabranja i očuvanja pravoslavne tradicije. Na velike praznike i manastirsku slavu ovakve svetinje okupljaju vernike, hodočasnike i posetioce koji dolaze radi molitve, mira i upoznavanja sa duhovnim nasleđem. Monaški ili parohijski život, u zavisnosti od statusa svetinje, doprinosi kontinuitetu bogosluženja i prenošenju predanja na mlađe naraštaje.ZNAČAJ: Manastir Čukljenik je važan deo crkvene, kulturne i istorijske mape Srbije. Njegov značaj nije samo verski, već i identitetski, jer svedoči o trajanju narodne pobožnosti, umetnosti i lokalnog pamćenja. Za potpuniji prikaz preporučuje se da se ovom zapisu naknadno dodaju provereni podaci o ktitoru, tačnoj godini nastanka, obnovama, poznatim svetinjama, freskama i drugim posebnostima vezanim baš za ovaj manastir.";images/monasteries/cukljenik.jpg;;manastiri.rs;Nepoznat;1500;Podaci dopunjeni;nominatim-second-pass;Manastir Manastir Čukljenik, Srbija;ok

banjska;Manastir Banjska;Kosovo i Metohija;Zvečan;Kratak pregled: Manastir Banjska.;44.1254821;20.6344956;aktivan;Eparhija raško-prizrenska;"OPŠTI PODACI: Manastir Banjska nalazi se u okviru Eparhije raško-prizrenske i pripada korpusu značajnih pravoslavnih svetinja na prostoru Srbije. U evidenciji ovog projekta vezuje se za mesto ili šire područje širem području Srbije. Kratak pregled: Manastir Banjska. Manastirski kompleks se po pravilu sastoji od crkve, porte i pratećih objekata namenjenih bogosluženju i svakodnevnom monaškom životu.ISTORIJA: Tačna godina osnivanja, kao i ime prvobitnog ktitora, za ovaj zapis zahtevaju dodatnu proveru u pouzdanim crkvenim i istoriografskim izvorima. Ipak, za manastire ovog tipa uobičajeno je da su kroz vekove prolazili kroz periode gradnje, obnavljanja, a ponegde i razaranja usled ratova, seoba i političkih previranja. Zato je važno da se u daljoj obradi za Manastir Banjska dopune podaci o vremenu nastanka, eventualnim obnovama i ličnostima koje su učestvovale u njegovom podizanju ili obnovi. U aplikaciji ova sekcija može služiti kao mesto za unošenje konkretnih godina izgradnje, obnavljanja i restauracije čim budu potvrđene.ARHITEKTURA: Arhitektonska vrednost manastira ogleda se u spoju crkvene gradnje, uređenja enterijera i prilagođenosti prostora bogoslužbenoj funkciji. Poseban značaj obično imaju oltarski prostor, ikonostas, eventualni živopis, kao i sklad između hrama i prirodnog okruženja. Ako su sačuvani podaci o starijim fazama gradnje, ovde se kasnije mogu navesti stilske odlike, tip osnove hrama i najvažnije umetničke karakteristike.DUHOVNI ŽIVOT: Manastir Banjska ima značaj kao mesto molitve, liturgijskog sabranja i očuvanja pravoslavne tradicije. Na velike praznike i manastirsku slavu ovakve svetinje okupljaju vernike, hodočasnike i posetioce koji dolaze radi molitve, mira i upoznavanja sa duhovnim nasleđem. Monaški ili parohijski život, u zavisnosti od statusa svetinje, doprinosi kontinuitetu bogosluženja i prenošenju predanja na mlađe naraštaje.ZNAČAJ: Manastir Banjska je važan deo crkvene, kulturne i istorijske mape Srbije. Njegov značaj nije samo verski, već i identitetski, jer svedoči o trajanju narodne pobožnosti, umetnosti i lokalnog pamćenja. Za potpuniji prikaz preporučuje se da se ovom zapisu naknadno dodaju provereni podaci o ktitoru, tačnoj godini nastanka, obnovama, poznatim svetinjama, freskama i drugim posebnostima vezanim baš za ovaj manastir.";images/monasteries/banjska.jpg;;manastiri.rs;Kralj Milutin;1312;Podaci dopunjeni;nominatim-second-pass;Manastir Manastir Banjska, Srbija;ok

budisavci;Manastir Budisavci;Kosovo i Metohija;Klina;Kratak pregled: Manastir Budisavci.;42.6667;20.5833;aktivan;Eparhija raško-prizrenska;"OPŠTI PODACI: Manastir Budisavci nalazi se u okviru Eparhije raško-prizrenske i pripada korpusu značajnih pravoslavnih svetinja na prostoru Srbije. U evidenciji ovog projekta vezuje se za mesto ili šire područje širem području Srbije. Kratak pregled: Manastir Budisavci. Manastirski kompleks se po pravilu sastoji od crkve, porte i pratećih objekata namenjenih bogosluženju i svakodnevnom monaškom životu.ISTORIJA: Tačna godina osnivanja, kao i ime prvobitnog ktitora, za ovaj zapis zahtevaju dodatnu proveru u pouzdanim crkvenim i istoriografskim izvorima. Ipak, za manastire ovog tipa uobičajeno je da su kroz vekove prolazili kroz periode gradnje, obnavljanja, a ponegde i razaranja usled ratova, seoba i političkih previranja. Zato je važno da se u daljoj obradi za Manastir Budisavci dopune podaci o vremenu nastanka, eventualnim obnovama i ličnostima koje su učestvovale u njegovom podizanju ili obnovi. U aplikaciji ova sekcija može služiti kao mesto za unošenje konkretnih godina izgradnje, obnavljanja i restauracije čim budu potvrđene.ARHITEKTURA: Arhitektonska vrednost manastira ogleda se u spoju crkvene gradnje, uređenja enterijera i prilagođenosti prostora bogoslužbenoj funkciji. Poseban značaj obično imaju oltarski prostor, ikonostas, eventualni živopis, kao i sklad između hrama i prirodnog okruženja. Ako su sačuvani podaci o starijim fazama gradnje, ovde se kasnije mogu navesti stilske odlike, tip osnove hrama i najvažnije umetničke karakteristike.DUHOVNI ŽIVOT: Manastir Budisavci ima značaj kao mesto molitve, liturgijskog sabranja i očuvanja pravoslavne tradicije. Na velike praznike i manastirsku slavu ovakve svetinje okupljaju vernike, hodočasnike i posetioce koji dolaze radi molitve, mira i upoznavanja sa duhovnim nasleđem. Monaški ili parohijski život, u zavisnosti od statusa svetinje, doprinosi kontinuitetu bogosluženja i prenošenju predanja na mlađe naraštaje.ZNAČAJ: Manastir Budisavci je važan deo crkvene, kulturne i istorijske mape Srbije. Njegov značaj nije samo verski, već i identitetski, jer svedoči o trajanju narodne pobožnosti, umetnosti i lokalnog pamćenja. Za potpuniji prikaz preporučuje se da se ovom zapisu naknadno dodaju provereni podaci o ktitoru, tačnoj godini nastanka, obnovama, poznatim svetinjama, freskama i drugim posebnostima vezanim baš za ovaj manastir.";images/monasteries/budisavci.jpg;;manastiri.rs;Kralj Milutin;1300;Podaci dopunjeni;dodato;;ok

ceranjska-reka;Manastir Ceranjska Reka;Kosovo i Metohija;Leposavić;Kratak pregled: Manastir Ceranjska Reka.;43.0833;20.8000;aktivan;Eparhija raško-prizrenska;"OPŠTI PODACI: Manastir Ceranjska Reka nalazi se u okviru Eparhije raško-prizrenske i pripada korpusu značajnih pravoslavnih svetinja na prostoru Srbije. U evidenciji ovog projekta vezuje se za mesto ili šire područje širem području Srbije. Kratak pregled: Manastir Ceranjska Reka. Manastirski kompleks se po pravilu sastoji od crkve, porte i pratećih objekata namenjenih bogosluženju i svakodnevnom monaškom životu.ISTORIJA: Tačna godina osnivanja, kao i ime prvobitnog ktitora, za ovaj zapis zahtevaju dodatnu proveru u pouzdanim crkvenim i istoriografskim izvorima. Ipak, za manastire ovog tipa uobičajeno je da su kroz vekove prolazili kroz periode gradnje, obnavljanja, a ponegde i razaranja usled ratova, seoba i političkih previranja. Zato je važno da se u daljoj obradi za Manastir Ceranjska Reka dopune podaci o vremenu nastanka, eventualnim obnovama i ličnostima koje su učestvovale u njegovom podizanju ili obnovi. U aplikaciji ova sekcija može služiti kao mesto za unošenje konkretnih godina izgradnje, obnavljanja i restauracije čim budu potvrđene.ARHITEKTURA: Arhitektonska vrednost manastira ogleda se u spoju crkvene gradnje, uređenja enterijera i prilagođenosti prostora bogoslužbenoj funkciji. Poseban značaj obično imaju oltarski prostor, ikonostas, eventualni živopis, kao i sklad između hrama i prirodnog okruženja. Ako su sačuvani podaci o starijim fazama gradnje, ovde se kasnije mogu navesti stilske odlike, tip osnove hrama i najvažnije umetničke karakteristike.DUHOVNI ŽIVOT: Manastir Ceranjska Reka ima značaj kao mesto molitve, liturgijskog sabranja i očuvanja pravoslavne tradicije. Na velike praznike i manastirsku slavu ovakve svetinje okupljaju vernike, hodočasnike i posetioce koji dolaze radi molitve, mira i upoznavanja sa duhovnim nasleđem. Monaški ili parohijski život, u zavisnosti od statusa svetinje, doprinosi kontinuitetu bogosluženja i prenošenju predanja na mlađe naraštaje.ZNAČAJ: Manastir Ceranjska Reka je važan deo crkvene, kulturne i istorijske mape Srbije. Njegov značaj nije samo verski, već i identitetski, jer svedoči o trajanju narodne pobožnosti, umetnosti i lokalnog pamćenja. Za potpuniji prikaz preporučuje se da se ovom zapisu naknadno dodaju provereni podaci o ktitoru, tačnoj godini nastanka, obnovama, poznatim svetinjama, freskama i drugim posebnostima vezanim baš za ovaj manastir.";images/monasteries/ceranjska-reka.jpg;;manastiri.rs;Nepoznat;1400;Podaci dopunjeni;dodato;;ok

crna-reka;Manastir Crna Reka;Raška;Ribariće;Kratak pregled: Manastir Crna Reka je poznata pravoslavna svetinja u oblasti Raška.;42.9479297;20.4684106;aktivan;Eparhija raško-prizrenska;"'OPŠTI PODACI: Manastir Crna Reka nalazi se u okviru Eparhije raško-prizrenske i pripada korpusu značajnih pravoslavnih svetinja na prostoru Srbije. U evidenciji ovog projekta vezuje se za mesto ili šire područje Ribariće. Kratak pregled: Manastir Crna Reka je poznata pravoslavna svetinja u oblasti Raška. Manastirski kompleks se po pravilu sastoji od crkve, porte i pratećih objekata namenjenih bogosluženju i svakodnevnom monaškom životu.ISTORIJA: Tačna godina osnivanja, kao i ime prvobitnog ktitora, za ovaj zapis zahtevaju dodatnu proveru u pouzdanim crkvenim i istoriografskim izvorima. Ipak, za manastire ovog tipa uobičajeno je da su kroz vekove prolazili kroz periode gradnje, obnavljanja, a ponegde i razaranja usled ratova, seoba i političkih previranja. Zato je važno da se u daljoj obradi za Manastir Crna Reka dopune podaci o vremenu nastanka, eventualnim obnovama i ličnostima koje su učestvovale u njegovom podizanju ili obnovi. U aplikaciji ova sekcija može služiti kao mesto za unošenje konkretnih godina izgradnje, obnavljanja i restauracije čim budu potvrđene.ARHITEKTURA: Arhitektonska vrednost manastira ogleda se u spoju crkvene gradnje, uređenja enterijera i prilagođenosti prostora bogoslužbenoj funkciji. Poseban značaj obično imaju oltarski prostor, ikonostas, eventualni živopis, kao i sklad između hrama i prirodnog okruženja. Ako su sačuvani podaci o starijim fazama gradnje, ovde se kasnije mogu navesti stilske odlike, tip osnove hrama i najvažnije umetničke karakteristike.DUHOVNI ŽIVOT: Manastir Crna Reka ima značaj kao mesto molitve, liturgijskog sabranja i očuvanja pravoslavne tradicije. Na velike praznike i manastirsku slavu ovakve svetinje okupljaju vernike, hodočasnike i posetioce koji dolaze radi molitve, mira i upoznavanja sa duhovnim nasleđem. Monaški ili parohijski život, u zavisnosti od statusa svetinje, doprinosi kontinuitetu bogosluženja i prenošenju predanja na mlađe naraštaje.ZNAČAJ: Manastir Crna Reka je važan deo crkvene, kulturne i istorijske mape Srbije. Njegov značaj nije samo verski, već i identitetski, jer svedoči o trajanju narodne pobožnosti, umetnosti i lokalnog pamćenja. Za potpuniji prikaz preporučuje se da se ovom zapisu naknadno dodaju provereni podaci o ktitoru, tačnoj godini nastanka, obnovama, poznatim svetinjama, freskama i drugim posebnostima vezanim baš za ovaj manastir.'";;;nepoznato;Sveti Joanikije Devički;1300;Podaci dopunjeni;osm-overpass-exact;https://www.google.com/maps?q=42.9479297,20.4684106;ok;ok
devine-vode;Manastir Devine Vode;Kosovo i Metohija;Zvečan;Kratak pregled: Manastir Devine Vode.;42.9333;20.8333;aktivan;Eparhija raško-prizrenska;"OPŠTI PODACI: Manastir Devine Vode nalazi se u okviru Eparhije raško-prizrenske i pripada korpusu značajnih pravoslavnih svetinja na prostoru Srbije. U evidenciji ovog projekta vezuje se za mesto ili šire područje širem području Srbije. Kratak pregled: Manastir Devine Vode. Manastirski kompleks se po pravilu sastoji od crkve, porte i pratećih objekata namenjenih bogosluženju i svakodnevnom monaškom životu.ISTORIJA: Tačna godina osnivanja, kao i ime prvobitnog ktitora, za ovaj zapis zahtevaju dodatnu proveru u pouzdanim crkvenim i istoriografskim izvorima. Ipak, za manastire ovog tipa uobičajeno je da su kroz vekove prolazili kroz periode gradnje, obnavljanja, a ponegde i razaranja usled ratova, seoba i političkih previranja. Zato je važno da se u daljoj obradi za Manastir Devine Vode dopune podaci o vremenu nastanka, eventualnim obnovama i ličnostima koje su učestvovale u njegovom podizanju ili obnovi. U aplikaciji ova sekcija može služiti kao mesto za unošenje konkretnih godina izgradnje, obnavljanja i restauracije čim budu potvrđene.ARHITEKTURA: Arhitektonska vrednost manastira ogleda se u spoju crkvene gradnje, uređenja enterijera i prilagođenosti prostora bogoslužbenoj funkciji. Poseban značaj obično imaju oltarski prostor, ikonostas, eventualni živopis, kao i sklad između hrama i prirodnog okruženja. Ako su sačuvani podaci o starijim fazama gradnje, ovde se kasnije mogu navesti stilske odlike, tip osnove hrama i najvažnije umetničke karakteristike.DUHOVNI ŽIVOT: Manastir Devine Vode ima značaj kao mesto molitve, liturgijskog sabranja i očuvanja pravoslavne tradicije. Na velike praznike i manastirsku slavu ovakve svetinje okupljaju vernike, hodočasnike i posetioce koji dolaze radi molitve, mira i upoznavanja sa duhovnim nasleđem. Monaški ili parohijski život, u zavisnosti od statusa svetinje, doprinosi kontinuitetu bogosluženja i prenošenju predanja na mlađe naraštaje.ZNAČAJ: Manastir Devine Vode je važan deo crkvene, kulturne i istorijske mape Srbije. Njegov značaj nije samo verski, već i identitetski, jer svedoči o trajanju narodne pobožnosti, umetnosti i lokalnog pamćenja. Za potpuniji prikaz preporučuje se da se ovom zapisu naknadno dodaju provereni podaci o ktitoru, tačnoj godini nastanka, obnovama, poznatim svetinjama, freskama i drugim posebnostima vezanim baš za ovaj manastir.";images/monasteries/devine-vode.jpg;;manastiri.rs;Nepoznat;2009;Podaci dopunjeni;dodato;;ok

devic;Manastir Devič;Kosovo i Metohija;Srbica;Sagrađen u 15. veku u dreničkoj šumi, zadužbina despota Đurđa Brankovića, posvećen Vavedenju Presvete Bogorodice.;42.7333;20.7833;aktivan;Eparhija raško-prizrenska;"OPŠTI PODACI: Manastir Devič nalazi se u okviru Eparhije raško-prizrenske i pripada korpusu značajnih pravoslavnih svetinja na prostoru Srbije. U evidenciji ovog projekta vezuje se za mesto ili šire područje širem području Srbije. Sagrađen u 15. veku u dreničkoj šumi, zadužbina despota Đurđa Brankovića, posvećen Vavedenju Presvete Bogorodice. Manastirski kompleks se po pravilu sastoji od crkve, porte i pratećih objekata namenjenih bogosluženju i svakodnevnom monaškom životu.ISTORIJA: Tačna godina osnivanja, kao i ime prvobitnog ktitora, za ovaj zapis zahtevaju dodatnu proveru u pouzdanim crkvenim i istoriografskim izvorima. Ipak, za manastire ovog tipa uobičajeno je da su kroz vekove prolazili kroz periode gradnje, obnavljanja, a ponegde i razaranja usled ratova, seoba i političkih previranja. Zato je važno da se u daljoj obradi za Manastir Devič dopune podaci o vremenu nastanka, eventualnim obnovama i ličnostima koje su učestvovale u njegovom podizanju ili obnovi. U aplikaciji ova sekcija može služiti kao mesto za unošenje konkretnih godina izgradnje, obnavljanja i restauracije čim budu potvrđene.ARHITEKTURA: Arhitektonska vrednost manastira ogleda se u spoju crkvene gradnje, uređenja enterijera i prilagođenosti prostora bogoslužbenoj funkciji. Poseban značaj obično imaju oltarski prostor, ikonostas, eventualni živopis, kao i sklad između hrama i prirodnog okruženja. Ako su sačuvani podaci o starijim fazama gradnje, ovde se kasnije mogu navesti stilske odlike, tip osnove hrama i najvažnije umetničke karakteristike.DUHOVNI ŽIVOT: Manastir Devič ima značaj kao mesto molitve, liturgijskog sabranja i očuvanja pravoslavne tradicije. Na velike praznike i manastirsku slavu ovakve svetinje okupljaju vernike, hodočasnike i posetioce koji dolaze radi molitve, mira i upoznavanja sa duhovnim nasleđem. Monaški ili parohijski život, u zavisnosti od statusa svetinje, doprinosi kontinuitetu bogosluženja i prenošenju predanja na mlađe naraštaje.ZNAČAJ: Manastir Devič je važan deo crkvene, kulturne i istorijske mape Srbije. Njegov značaj nije samo verski, već i identitetski, jer svedoči o trajanju narodne pobožnosti, umetnosti i lokalnog pamćenja. Za potpuniji prikaz preporučuje se da se ovom zapisu naknadno dodaju provereni podaci o ktitoru, tačnoj godini nastanka, obnovama, poznatim svetinjama, freskama i drugim posebnostima vezanim baš za ovaj manastir.";;;https://manastiri.rs/eparhije/rasko-prizrenska/manastir-devic/;Despot Đurađ Branković;1434;Podaci dopunjeni;dodato;;ok

draganac;Manastir Draganac;Kosovo i Metohija;Gnjilane;Kratak pregled: Manastir Draganac.;42.5333;21.4667;aktivan;Eparhija raško-prizrenska;"OPŠTI PODACI: Manastir Draganac nalazi se u okviru Eparhije raško-prizrenske i pripada korpusu značajnih pravoslavnih svetinja na prostoru Srbije. U evidenciji ovog projekta vezuje se za mesto ili šire područje širem području Srbije. Kratak pregled: Manastir Draganac. Manastirski kompleks se po pravilu sastoji od crkve, porte i pratećih objekata namenjenih bogosluženju i svakodnevnom monaškom životu.ISTORIJA: Tačna godina osnivanja, kao i ime prvobitnog ktitora, za ovaj zapis zahtevaju dodatnu proveru u pouzdanim crkvenim i istoriografskim izvorima. Ipak, za manastire ovog tipa uobičajeno je da su kroz vekove prolazili kroz periode gradnje, obnavljanja, a ponegde i razaranja usled ratova, seoba i političkih previranja. Zato je važno da se u daljoj obradi za Manastir Draganac dopune podaci o vremenu nastanka, eventualnim obnovama i ličnostima koje su učestvovale u njegovom podizanju ili obnovi. U aplikaciji ova sekcija može služiti kao mesto za unošenje konkretnih godina izgradnje, obnavljanja i restauracije čim budu potvrđene.ARHITEKTURA: Arhitektonska vrednost manastira ogleda se u spoju crkvene gradnje, uređenja enterijera i prilagođenosti prostora bogoslužbenoj funkciji. Poseban značaj obično imaju oltarski prostor, ikonostas, eventualni živopis, kao i sklad između hrama i prirodnog okruženja. Ako su sačuvani podaci o starijim fazama gradnje, ovde se kasnije mogu navesti stilske odlike, tip osnove hrama i najvažnije umetničke karakteristike.DUHOVNI ŽIVOT: Manastir Draganac ima značaj kao mesto molitve, liturgijskog sabranja i očuvanja pravoslavne tradicije. Na velike praznike i manastirsku slavu ovakve svetinje okupljaju vernike, hodočasnike i posetioce koji dolaze radi molitve, mira i upoznavanja sa duhovnim nasleđem. Monaški ili parohijski život, u zavisnosti od statusa svetinje, doprinosi kontinuitetu bogosluženja i prenošenju predanja na mlađe naraštaje.ZNAČAJ: Manastir Draganac je važan deo crkvene, kulturne i istorijske mape Srbije. Njegov značaj nije samo verski, već i identitetski, jer svedoči o trajanju narodne pobožnosti, umetnosti i lokalnog pamćenja. Za potpuniji prikaz preporučuje se da se ovom zapisu naknadno dodaju provereni podaci o ktitoru, tačnoj godini nastanka, obnovama, poznatim svetinjama, freskama i drugim posebnostima vezanim baš za ovaj manastir.";images/monasteries/draganac.jpg;;manastiri.rs;Knez Lazar;1381;Podaci dopunjeni;dodato;;ok

pecka-patrijarsija;Manastir Pećka Patrijaršija;Kosovo i Metohija;Peć;Kompleks u Peći, sa više crkava i velikim istorijskim značajem kao sedište srpske crkvene tradicije.;42.6667;20.2667;aktivan;Eparhija raško-prizrenska;"OPŠTI PODACI: Manastir Pećka Patrijaršija nalazi se u okviru Eparhije raško-prizrenske i pripada korpusu značajnih pravoslavnih svetinja na prostoru Srbije. U evidenciji ovog projekta vezuje se za mesto ili šire područje širem području Srbije. Kompleks u Peći, sa više crkava i velikim istorijskim značajem kao sedište srpske crkvene tradicije. Manastirski kompleks se po pravilu sastoji od crkve, porte i pratećih objekata namenjenih bogosluženju i svakodnevnom monaškom životu.ISTORIJA: Tačna godina osnivanja, kao i ime prvobitnog ktitora, za ovaj zapis zahtevaju dodatnu proveru u pouzdanim crkvenim i istoriografskim izvorima. Ipak, za manastire ovog tipa uobičajeno je da su kroz vekove prolazili kroz periode gradnje, obnavljanja, a ponegde i razaranja usled ratova, seoba i političkih previranja. Zato je važno da se u daljoj obradi za Manastir Pećka Patrijaršija dopune podaci o vremenu nastanka, eventualnim obnovama i ličnostima koje su učestvovale u njegovom podizanju ili obnovi. U aplikaciji ova sekcija može služiti kao mesto za unošenje konkretnih godina izgradnje, obnavljanja i restauracije čim budu potvrđene.ARHITEKTURA: Arhitektonska vrednost manastira ogleda se u spoju crkvene gradnje, uređenja enterijera i prilagođenosti prostora bogoslužbenoj funkciji. Poseban značaj obično imaju oltarski prostor, ikonostas, eventualni živopis, kao i sklad između hrama i prirodnog okruženja. Ako su sačuvani podaci o starijim fazama gradnje, ovde se kasnije mogu navesti stilske odlike, tip osnove hrama i najvažnije umetničke karakteristike.DUHOVNI ŽIVOT: Manastir Pećka Patrijaršija ima značaj kao mesto molitve, liturgijskog sabranja i očuvanja pravoslavne tradicije. Na velike praznike i manastirsku slavu ovakve svetinje okupljaju vernike, hodočasnike i posetioce koji dolaze radi molitve, mira i upoznavanja sa duhovnim nasleđem. Monaški ili parohijski život, u zavisnosti od statusa svetinje, doprinosi kontinuitetu bogosluženja i prenošenju predanja na mlađe naraštaje.ZNAČAJ: Manastir Pećka Patrijaršija je važan deo crkvene, kulturne i istorijske mape Srbije. Njegov značaj nije samo verski, već i identitetski, jer svedoči o trajanju narodne pobožnosti, umetnosti i lokalnog pamćenja. Za potpuniji prikaz preporučuje se da se ovom zapisu naknadno dodaju provereni podaci o ktitoru, tačnoj godini nastanka, obnovama, poznatim svetinjama, freskama i drugim posebnostima vezanim baš za ovaj manastir.";;;https://manastiri.rs/eparhije/rasko-prizrenska/manastir-patrijarsija/;Arhiepiskop Arsenije I;1250;Podaci dopunjeni;dodato;;ok

prizren;Manastir Prizren;Kosovo i Metohija;Prizren;Kratak pregled: Manastir Prizren.;42.2000;20.7333;aktivan;Eparhija raško-prizrenska;"OPŠTI PODACI: Manastir Prizren nalazi se u okviru Eparhije raško-prizrenske i pripada korpusu značajnih pravoslavnih svetinja na prostoru Srbije. U evidenciji ovog projekta vezuje se za mesto ili šire područje širem području Srbije. Kratak pregled: Manastir Prizren. Manastirski kompleks se po pravilu sastoji od crkve, porte i pratećih objekata namenjenih bogosluženju i svakodnevnom monaškom životu.ISTORIJA: Tačna godina osnivanja, kao i ime prvobitnog ktitora, za ovaj zapis zahtevaju dodatnu proveru u pouzdanim crkvenim i istoriografskim izvorima. Ipak, za manastire ovog tipa uobičajeno je da su kroz vekove prolazili kroz periode gradnje, obnavljanja, a ponegde i razaranja usled ratova, seoba i političkih previranja. Zato je važno da se u daljoj obradi za Manastir Prizren dopune podaci o vremenu nastanka, eventualnim obnovama i ličnostima koje su učestvovale u njegovom podizanju ili obnovi. U aplikaciji ova sekcija može služiti kao mesto za unošenje konkretnih godina izgradnje, obnavljanja i restauracije čim budu potvrđene.ARHITEKTURA: Arhitektonska vrednost manastira ogleda se u spoju crkvene gradnje, uređenja enterijera i prilagođenosti prostora bogoslužbenoj funkciji. Poseban značaj obično imaju oltarski prostor, ikonostas, eventualni živopis, kao i sklad između hrama i prirodnog okruženja. Ako su sačuvani podaci o starijim fazama gradnje, ovde se kasnije mogu navesti stilske odlike, tip osnove hrama i najvažnije umetničke karakteristike.DUHOVNI ŽIVOT: Manastir Prizren ima značaj kao mesto molitve, liturgijskog sabranja i očuvanja pravoslavne tradicije. Na velike praznike i manastirsku slavu ovakve svetinje okupljaju vernike, hodočasnike i posetioce koji dolaze radi molitve, mira i upoznavanja sa duhovnim nasleđem. Monaški ili parohijski život, u zavisnosti od statusa svetinje, doprinosi kontinuitetu bogosluženja i prenošenju predanja na mlađe naraštaje.ZNAČAJ: Manastir Prizren je važan deo crkvene, kulturne i istorijske mape Srbije. Njegov značaj nije samo verski, već i identitetski, jer svedoči o trajanju narodne pobožnosti, umetnosti i lokalnog pamćenja. Za potpuniji prikaz preporučuje se da se ovom zapisu naknadno dodaju provereni podaci o ktitoru, tačnoj godini nastanka, obnovama, poznatim svetinjama, freskama i drugim posebnostima vezanim baš za ovaj manastir.";images/monasteries/prizren.jpg;;manastiri.rs;Car Dušan;1343;Podaci dopunjeni;dodato;;ok

sokolica;Manastir Sokolica;Kosovo i Metohija;Zvečan;Kratak pregled: Manastir Sokolica.;42.9000;20.8500;aktivan;Eparhija raško-prizrenska;"OPŠTI PODACI: Manastir Sokolica nalazi se u okviru Eparhije raško-prizrenske i pripada korpusu značajnih pravoslavnih svetinja na prostoru Srbije. U evidenciji ovog projekta vezuje se za mesto ili šire područje širem području Srbije. Kratak pregled: Manastir Sokolica. Manastirski kompleks se po pravilu sastoji od crkve, porte i pratećih objekata namenjenih bogosluženju i svakodnevnom monaškom životu.ISTORIJA: Tačna godina osnivanja, kao i ime prvobitnog ktitora, za ovaj zapis zahtevaju dodatnu proveru u pouzdanim crkvenim i istoriografskim izvorima. Ipak, za manastire ovog tipa uobičajeno je da su kroz vekove prolazili kroz periode gradnje, obnavljanja, a ponegde i razaranja usled ratova, seoba i političkih previranja. Zato je važno da se u daljoj obradi za Manastir Sokolica dopune podaci o vremenu nastanka, eventualnim obnovama i ličnostima koje su učestvovale u njegovom podizanju ili obnovi. U aplikaciji ova sekcija može služiti kao mesto za unošenje konkretnih godina izgradnje, obnavljanja i restauracije čim budu potvrđene.ARHITEKTURA: Arhitektonska vrednost manastira ogleda se u spoju crkvene gradnje, uređenja enterijera i prilagođenosti prostora bogoslužbenoj funkciji. Poseban značaj obično imaju oltarski prostor, ikonostas, eventualni živopis, kao i sklad između hrama i prirodnog okruženja. Ako su sačuvani podaci o starijim fazama gradnje, ovde se kasnije mogu navesti stilske odlike, tip osnove hrama i najvažnije umetničke karakteristike.DUHOVNI ŽIVOT: Manastir Sokolica ima značaj kao mesto molitve, liturgijskog sabranja i očuvanja pravoslavne tradicije. Na velike praznike i manastirsku slavu ovakve svetinje okupljaju vernike, hodočasnike i posetioce koji dolaze radi molitve, mira i upoznavanja sa duhovnim nasleđem. Monaški ili parohijski život, u zavisnosti od statusa svetinje, doprinosi kontinuitetu bogosluženja i prenošenju predanja na mlađe naraštaje.ZNAČAJ: Manastir Sokolica je važan deo crkvene, kulturne i istorijske mape Srbije. Njegov značaj nije samo verski, već i identitetski, jer svedoči o trajanju narodne pobožnosti, umetnosti i lokalnog pamćenja. Za potpuniji prikaz preporučuje se da se ovom zapisu naknadno dodaju provereni podaci o ktitoru, tačnoj godini nastanka, obnovama, poznatim svetinjama, freskama i drugim posebnostima vezanim baš za ovaj manastir.";images/monasteries/sokolica.jpg;;manastiri.rs;Čelnik Musa;1300;Podaci dopunjeni;dodato;;ok

sopocani;Manastir Sopoćani;Raška;Novi Pazar;Kratak pregled: Manastir Sopoćani je poznata pravoslavna svetinja u oblasti Raška.;43.1180389;20.3739599;aktivan;Eparhija raško-prizrenska;"OPŠTI PODACI: Manastir Sopoćani nalazi se u okviru Eparhije raško-prizrenske i pripada korpusu značajnih pravoslavnih svetinja na prostoru Srbije. U evidenciji ovog projekta vezuje se za mesto ili šire područje Novi Pazar. Kratak pregled: Manastir Sopoćani je poznata pravoslavna svetinja u oblasti Raška. Manastirski kompleks se po pravilu sastoji od crkve, porte i pratećih objekata namenjenih bogosluženju i svakodnevnom monaškom životu.ISTORIJA: Tačna godina osnivanja, kao i ime prvobitnog ktitora, za ovaj zapis zahtevaju dodatnu proveru u pouzdanim crkvenim i istoriografskim izvorima. Ipak, za manastire ovog tipa uobičajeno je da su kroz vekove prolazili kroz periode gradnje, obnavljanja, a ponegde i razaranja usled ratova, seoba i političkih previranja. Zato je važno da se u daljoj obradi za Manastir Sopoćani dopune podaci o vremenu nastanka, eventualnim obnovama i ličnostima koje su učestvovale u njegovom podizanju ili obnovi. U aplikaciji ova sekcija može služiti kao mesto za unošenje konkretnih godina izgradnje, obnavljanja i restauracije čim budu potvrđene.ARHITEKTURA: Arhitektonska vrednost manastira ogleda se u spoju crkvene gradnje, uređenja enterijera i prilagođenosti prostora bogoslužbenoj funkciji. Poseban značaj obično imaju oltarski prostor, ikonostas, eventualni živopis, kao i sklad između hrama i prirodnog okruženja. Ako su sačuvani podaci o starijim fazama gradnje, ovde se kasnije mogu navesti stilske odlike, tip osnove hrama i najvažnije umetničke karakteristike.DUHOVNI ŽIVOT: Manastir Sopoćani ima značaj kao mesto molitve, liturgijskog sabranja i očuvanja pravoslavne tradicije. Na velike praznike i manastirsku slavu ovakve svetinje okupljaju vernike, hodočasnike i posetioce koji dolaze radi molitve, mira i upoznavanja sa duhovnim nasleđem. Monaški ili parohijski život, u zavisnosti od statusa svetinje, doprinosi kontinuitetu bogosluženja i prenošenju predanja na mlađe naraštaje.ZNAČAJ: Manastir Sopoćani je važan deo crkvene, kulturne i istorijske mape Srbije. Njegov značaj nije samo verski, već i identitetski, jer svedoči o trajanju narodne pobožnosti, umetnosti i lokalnog pamćenja. Za potpuniji prikaz preporučuje se da se ovom zapisu naknadno dodaju provereni podaci o ktitoru, tačnoj godini nastanka, obnovama, poznatim svetinjama, freskama i drugim posebnostima vezanim baš za ovaj manastir.";;;nepoznato;Kralj Stefan Uroš I;1260;Podaci dopunjeni;osm-overpass-exact;sr:Манастир Сопоћани;ok

socanica;Manastir Sočanica;Kosovo i Metohija;Leposavić;Kratak pregled: Manastir Sočanica.;43.0500;20.8000;aktivan;Eparhija raško-prizrenska;"OPŠTI PODACI: Manastir Sočanica nalazi se u okviru Eparhije raško-prizrenske i pripada korpusu značajnih pravoslavnih svetinja na prostoru Srbije. U evidenciji ovog projekta vezuje se za mesto ili šire područje širem području Srbije. Kratak pregled: Manastir Sočanica. Manastirski kompleks se po pravilu sastoji od crkve, porte i pratećih objekata namenjenih bogosluženju i svakodnevnom monaškom životu.ISTORIJA: Tačna godina osnivanja, kao i ime prvobitnog ktitora, za ovaj zapis zahtevaju dodatnu proveru u pouzdanim crkvenim i istoriografskim izvorima. Ipak, za manastire ovog tipa uobičajeno je da su kroz vekove prolazili kroz periode gradnje, obnavljanja, a ponegde i razaranja usled ratova, seoba i političkih previranja. Zato je važno da se u daljoj obradi za Manastir Sočanica dopune podaci o vremenu nastanka, eventualnim obnovama i ličnostima koje su učestvovale u njegovom podizanju ili obnovi. U aplikaciji ova sekcija može služiti kao mesto za unošenje konkretnih godina izgradnje, obnavljanja i restauracije čim budu potvrđene.ARHITEKTURA: Arhitektonska vrednost manastira ogleda se u spoju crkvene gradnje, uređenja enterijera i prilagođenosti prostora bogoslužbenoj funkciji. Poseban značaj obično imaju oltarski prostor, ikonostas, eventualni živopis, kao i sklad između hrama i prirodnog okruženja. Ako su sačuvani podaci o starijim fazama gradnje, ovde se kasnije mogu navesti stilske odlike, tip osnove hrama i najvažnije umetničke karakteristike.DUHOVNI ŽIVOT: Manastir Sočanica ima značaj kao mesto molitve, liturgijskog sabranja i očuvanja pravoslavne tradicije. Na velike praznike i manastirsku slavu ovakve svetinje okupljaju vernike, hodočasnike i posetioce koji dolaze radi molitve, mira i upoznavanja sa duhovnim nasleđem. Monaški ili parohijski život, u zavisnosti od statusa svetinje, doprinosi kontinuitetu bogosluženja i prenošenju predanja na mlađe naraštaje.ZNAČAJ: Manastir Sočanica je važan deo crkvene, kulturne i istorijske mape Srbije. Njegov značaj nije samo verski, već i identitetski, jer svedoči o trajanju narodne pobožnosti, umetnosti i lokalnog pamćenja. Za potpuniji prikaz preporučuje se da se ovom zapisu naknadno dodaju provereni podaci o ktitoru, tačnoj godini nastanka, obnovama, poznatim svetinjama, freskama i drugim posebnostima vezanim baš za ovaj manastir.";images/monasteries/socanica.jpg;;manastiri.rs;Nepoznat;1400;Podaci dopunjeni;dodato;;ok

tamnica;Manastir Tamnica;Kosovo i Metohija;Kosovska Kamenica;Kratak pregled: Manastir Tamnica.;42.5833;21.5833;aktivan;Eparhija raško-prizrenska;"OPŠTI PODACI: Manastir Tamnica nalazi se u okviru Eparhije raško-prizrenske i pripada korpusu značajnih pravoslavnih svetinja na prostoru Srbije. U evidenciji ovog projekta vezuje se za mesto ili šire područje širem području Srbije. Kratak pregled: Manastir Tamnica. Manastirski kompleks se po pravilu sastoji od crkve, porte i pratećih objekata namenjenih bogosluženju i svakodnevnom monaškom životu.ISTORIJA: Tačna godina osnivanja, kao i ime prvobitnog ktitora, za ovaj zapis zahtevaju dodatnu proveru u pouzdanim crkvenim i istoriografskim izvorima. Ipak, za manastire ovog tipa uobičajeno je da su kroz vekove prolazili kroz periode gradnje, obnavljanja, a ponegde i razaranja usled ratova, seoba i političkih previranja. Zato je važno da se u daljoj obradi za Manastir Tamnica dopune podaci o vremenu nastanka, eventualnim obnovama i ličnostima koje su učestvovale u njegovom podizanju ili obnovi. U aplikaciji ova sekcija može služiti kao mesto za unošenje konkretnih godina izgradnje, obnavljanja i restauracije čim budu potvrđene.ARHITEKTURA: Arhitektonska vrednost manastira ogleda se u spoju crkvene gradnje, uređenja enterijera i prilagođenosti prostora bogoslužbenoj funkciji. Poseban značaj obično imaju oltarski prostor, ikonostas, eventualni živopis, kao i sklad između hrama i prirodnog okruženja. Ako su sačuvani podaci o starijim fazama gradnje, ovde se kasnije mogu navesti stilske odlike, tip osnove hrama i najvažnije umetničke karakteristike.DUHOVNI ŽIVOT: Manastir Tamnica ima značaj kao mesto molitve, liturgijskog sabranja i očuvanja pravoslavne tradicije. Na velike praznike i manastirsku slavu ovakve svetinje okupljaju vernike, hodočasnike i posetioce koji dolaze radi molitve, mira i upoznavanja sa duhovnim nasleđem. Monaški ili parohijski život, u zavisnosti od statusa svetinje, doprinosi kontinuitetu bogosluženja i prenošenju predanja na mlađe naraštaje.ZNAČAJ: Manastir Tamnica je važan deo crkvene, kulturne i istorijske mape Srbije. Njegov značaj nije samo verski, već i identitetski, jer svedoči o trajanju narodne pobožnosti, umetnosti i lokalnog pamćenja. Za potpuniji prikaz preporučuje se da se ovom zapisu naknadno dodaju provereni podaci o ktitoru, tačnoj godini nastanka, obnovama, poznatim svetinjama, freskama i drugim posebnostima vezanim baš za ovaj manastir.";images/monasteries/tamnica.jpg;;manastiri.rs;Nepoznat;1400;Podaci dopunjeni;dodato;;ok

ulije;Manastir Ulije;Kosovo i Metohija;Leposavić;Kratak pregled: Manastir Ulije.;43.1000;20.8167;aktivan;Eparhija raško-prizrenska;"OPŠTI PODACI: Manastir Ulije nalazi se u okviru Eparhije raško-prizrenske i pripada korpusu značajnih pravoslavnih svetinja na prostoru Srbije. U evidenciji ovog projekta vezuje se za mesto ili šire područje širem području Srbije. Kratak pregled: Manastir Ulije. Manastirski kompleks se po pravilu sastoji od crkve, porte i pratećih objekata namenjenih bogosluženju i svakodnevnom monaškom životu.ISTORIJA: Tačna godina osnivanja, kao i ime prvobitnog ktitora, za ovaj zapis zahtevaju dodatnu proveru u pouzdanim crkvenim i istoriografskim izvorima. Ipak, za manastire ovog tipa uobičajeno je da su kroz vekove prolazili kroz periode gradnje, obnavljanja, a ponegde i razaranja usled ratova, seoba i političkih previranja. Zato je važno da se u daljoj obradi za Manastir Ulije dopune podaci o vremenu nastanka, eventualnim obnovama i ličnostima koje su učestvovale u njegovom podizanju ili obnovi. U aplikaciji ova sekcija može služiti kao mesto za unošenje konkretnih godina izgradnje, obnavljanja i restauracije čim budu potvrđene.ARHITEKTURA: Arhitektonska vrednost manastira ogleda se u spoju crkvene gradnje, uređenja enterijera i prilagođenosti prostora bogoslužbenoj funkciji. Poseban značaj obično imaju oltarski prostor, ikonostas, eventualni živopis, kao i sklad između hrama i prirodnog okruženja. Ako su sačuvani podaci o starijim fazama gradnje, ovde se kasnije mogu navesti stilske odlike, tip osnove hrama i najvažnije umetničke karakteristike.DUHOVNI ŽIVOT: Manastir Ulije ima značaj kao mesto molitve, liturgijskog sabranja i očuvanja pravoslavne tradicije. Na velike praznike i manastirsku slavu ovakve svetinje okupljaju vernike, hodočasnike i posetioce koji dolaze radi molitve, mira i upoznavanja sa duhovnim nasleđem. Monaški ili parohijski život, u zavisnosti od statusa svetinje, doprinosi kontinuitetu bogosluženja i prenošenju predanja na mlađe naraštaje.ZNAČAJ: Manastir Ulije je važan deo crkvene, kulturne i istorijske mape Srbije. Njegov značaj nije samo verski, već i identitetski, jer svedoči o trajanju narodne pobožnosti, umetnosti i lokalnog pamćenja. Za potpuniji prikaz preporučuje se da se ovom zapisu naknadno dodaju provereni podaci o ktitoru, tačnoj godini nastanka, obnovama, poznatim svetinjama, freskama i drugim posebnostima vezanim baš za ovaj manastir.";images/monasteries/ulije.jpg;;manastiri.rs;Nepoznat;1300;Podaci dopunjeni;dodato;;ok

velika-hoca;Manastir Velika Hoča;Kosovo i Metohija;Orahovac;Kratak pregled: Manastir Velika Hoča.;42.3833;20.6833;aktivan;Eparhija raško-prizrenska;"OPŠTI PODACI: Manastir Velika Hoča nalazi se u okviru Eparhije raško-prizrenske i pripada korpusu značajnih pravoslavnih svetinja na prostoru Srbije. U evidenciji ovog projekta vezuje se za mesto ili šire područje širem području Srbije. Kratak pregled: Manastir Velika Hoča. Manastirski kompleks se po pravilu sastoji od crkve, porte i pratećih objekata namenjenih bogosluženju i svakodnevnom monaškom životu.ISTORIJA: Tačna godina osnivanja, kao i ime prvobitnog ktitora, za ovaj zapis zahtevaju dodatnu proveru u pouzdanim crkvenim i istoriografskim izvorima. Ipak, za manastire ovog tipa uobičajeno je da su kroz vekove prolazili kroz periode gradnje, obnavljanja, a ponegde i razaranja usled ratova, seoba i političkih previranja. Zato je važno da se u daljoj obradi za Manastir Velika Hoča dopune podaci o vremenu nastanka, eventualnim obnovama i ličnostima koje su učestvovale u njegovom podizanju ili obnovi. U aplikaciji ova sekcija može služiti kao mesto za unošenje konkretnih godina izgradnje, obnavljanja i restauracije čim budu potvrđene.ARHITEKTURA: Arhitektonska vrednost manastira ogleda se u spoju crkvene gradnje, uređenja enterijera i prilagođenosti prostora bogoslužbenoj funkciji. Poseban značaj obično imaju oltarski prostor, ikonostas, eventualni živopis, kao i sklad između hrama i prirodnog okruženja. Ako su sačuvani podaci o starijim fazama gradnje, ovde se kasnije mogu navesti stilske odlike, tip osnove hrama i najvažnije umetničke karakteristike.DUHOVNI ŽIVOT: Manastir Velika Hoča ima značaj kao mesto molitve, liturgijskog sabranja i očuvanja pravoslavne tradicije. Na velike praznike i manastirsku slavu ovakve svetinje okupljaju vernike, hodočasnike i posetioce koji dolaze radi molitve, mira i upoznavanja sa duhovnim nasleđem. Monaški ili parohijski život, u zavisnosti od statusa svetinje, doprinosi kontinuitetu bogosluženja i prenošenju predanja na mlađe naraštaje.ZNAČAJ: Manastir Velika Hoča je važan deo crkvene, kulturne i istorijske mape Srbije. Njegov značaj nije samo verski, već i identitetski, jer svedoči o trajanju narodne pobožnosti, umetnosti i lokalnog pamćenja. Za potpuniji prikaz preporučuje se da se ovom zapisu naknadno dodaju provereni podaci o ktitoru, tačnoj godini nastanka, obnovama, poznatim svetinjama, freskama i drugim posebnostima vezanim baš za ovaj manastir.";images/monasteries/velika-hoca.jpg;;manastiri.rs;Nemanjići;1300;Podaci dopunjeni;dodato;;ok

visoki-decani;Manastir Visoki Dečani;Kosovo i Metohija;Dečani;Kratak pregled: Manastir Visoki Dečani.;42.5277;20.2661;aktivan;Eparhija raško-prizrenska;"OPŠTI PODACI: Manastir Visoki Dečani nalazi se u okviru Eparhije raško-prizrenske i pripada korpusu značajnih pravoslavnih svetinja na prostoru Srbije. U evidenciji ovog projekta vezuje se za mesto ili šire područje širem području Srbije. Kratak pregled: Manastir Visoki Dečani. Manastirski kompleks se po pravilu sastoji od crkve, porte i pratećih objekata namenjenih bogosluženju i svakodnevnom monaškom životu.ISTORIJA: Tačna godina osnivanja, kao i ime prvobitnog ktitora, za ovaj zapis zahtevaju dodatnu proveru u pouzdanim crkvenim i istoriografskim izvorima. Ipak, za manastire ovog tipa uobičajeno je da su kroz vekove prolazili kroz periode gradnje, obnavljanja, a ponegde i razaranja usled ratova, seoba i političkih previranja. Zato je važno da se u daljoj obradi za Manastir Visoki Dečani dopune podaci o vremenu nastanka, eventualnim obnovama i ličnostima koje su učestvovale u njegovom podizanju ili obnovi. U aplikaciji ova sekcija može služiti kao mesto za unošenje konkretnih godina izgradnje, obnavljanja i restauracije čim budu potvrđene.ARHITEKTURA: Arhitektonska vrednost manastira ogleda se u spoju crkvene gradnje, uređenja enterijera i prilagođenosti prostora bogoslužbenoj funkciji. Poseban značaj obično imaju oltarski prostor, ikonostas, eventualni živopis, kao i sklad između hrama i prirodnog okruženja. Ako su sačuvani podaci o starijim fazama gradnje, ovde se kasnije mogu navesti stilske odlike, tip osnove hrama i najvažnije umetničke karakteristike.DUHOVNI ŽIVOT: Manastir Visoki Dečani ima značaj kao mesto molitve, liturgijskog sabranja i očuvanja pravoslavne tradicije. Na velike praznike i manastirsku slavu ovakve svetinje okupljaju vernike, hodočasnike i posetioce koji dolaze radi molitve, mira i upoznavanja sa duhovnim nasleđem. Monaški ili parohijski život, u zavisnosti od statusa svetinje, doprinosi kontinuitetu bogosluženja i prenošenju predanja na mlađe naraštaje.ZNAČAJ: Manastir Visoki Dečani je važan deo crkvene, kulturne i istorijske mape Srbije. Njegov značaj nije samo verski, već i identitetski, jer svedoči o trajanju narodne pobožnosti, umetnosti i lokalnog pamćenja. Za potpuniji prikaz preporučuje se da se ovom zapisu naknadno dodaju provereni podaci o ktitoru, tačnoj godini nastanka, obnovama, poznatim svetinjama, freskama i drugim posebnostima vezanim baš za ovaj manastir.";images/monasteries/visoki-decani.jpg;;manastiri.rs;Kralj Stefan Dečanski;1327;Podaci dopunjeni;dodato;;ok

zociste;Manastir Zočište;Kosovo i Metohija;Orahovac;Kratak pregled: Manastir Zočište.;42.3667;20.7333;aktivan;Eparhija raško-prizrenska;"OPŠTI PODACI: Manastir Zočište nalazi se u okviru Eparhije raško-prizrenske i pripada korpusu značajnih pravoslavnih svetinja na prostoru Srbije. U evidenciji ovog projekta vezuje se za mesto ili šire područje širem području Srbije. Kratak pregled: Manastir Zočište. Manastirski kompleks se po pravilu sastoji od crkve, porte i pratećih objekata namenjenih bogosluženju i svakodnevnom monaškom životu.ISTORIJA: Tačna godina osnivanja, kao i ime prvobitnog ktitora, za ovaj zapis zahtevaju dodatnu proveru u pouzdanim crkvenim i istoriografskim izvorima. Ipak, za manastire ovog tipa uobičajeno je da su kroz vekove prolazili kroz periode gradnje, obnavljanja, a ponegde i razaranja usled ratova, seoba i političkih previranja. Zato je važno da se u daljoj obradi za Manastir Zočište dopune podaci o vremenu nastanka, eventualnim obnovama i ličnostima koje su učestvovale u njegovom podizanju ili obnovi. U aplikaciji ova sekcija može služiti kao mesto za unošenje konkretnih godina izgradnje, obnavljanja i restauracije čim budu potvrđene.ARHITEKTURA: Arhitektonska vrednost manastira ogleda se u spoju crkvene gradnje, uređenja enterijera i prilagođenosti prostora bogoslužbenoj funkciji. Poseban značaj obično imaju oltarski prostor, ikonostas, eventualni živopis, kao i sklad između hrama i prirodnog okruženja. Ako su sačuvani podaci o starijim fazama gradnje, ovde se kasnije mogu navesti stilske odlike, tip osnove hrama i najvažnije umetničke karakteristike.DUHOVNI ŽIVOT: Manastir Zočište ima značaj kao mesto molitve, liturgijskog sabranja i očuvanja pravoslavne tradicije. Na velike praznike i manastirsku slavu ovakve svetinje okupljaju vernike, hodočasnike i posetioce koji dolaze radi molitve, mira i upoznavanja sa duhovnim nasleđem. Monaški ili parohijski život, u zavisnosti od statusa svetinje, doprinosi kontinuitetu bogosluženja i prenošenju predanja na mlađe naraštaje.ZNAČAJ: Manastir Zočište je važan deo crkvene, kulturne i istorijske mape Srbije. Njegov značaj nije samo verski, već i identitetski, jer svedoči o trajanju narodne pobožnosti, umetnosti i lokalnog pamćenja. Za potpuniji prikaz preporučuje se da se ovom zapisu naknadno dodaju provereni podaci o ktitoru, tačnoj godini nastanka, obnovama, poznatim svetinjama, freskama i drugim posebnostima vezanim baš za ovaj manastir.";images/monasteries/zociste.jpg;;manastiri.rs;Nemanjići;1327;Podaci dopunjeni;dodato;;ok

djakovica;Manastir Đakovica;Kosovo i Metohija;Đakovica;Kratak pregled: Manastir Đakovica.;42.3800;20.4300;aktivan;Eparhija raško-prizrenska;"OPŠTI PODACI: Manastir Đakovica nalazi se u okviru Eparhije raško-prizrenske i pripada korpusu značajnih pravoslavnih svetinja na prostoru Srbije. U evidenciji ovog projekta vezuje se za mesto ili šire područje širem području Srbije. Kratak pregled: Manastir Đakovica. Manastirski kompleks se po pravilu sastoji od crkve, porte i pratećih objekata namenjenih bogosluženju i svakodnevnom monaškom životu.ISTORIJA: Tačna godina osnivanja, kao i ime prvobitnog ktitora, za ovaj zapis zahtevaju dodatnu proveru u pouzdanim crkvenim i istoriografskim izvorima. Ipak, za manastire ovog tipa uobičajeno je da su kroz vekove prolazili kroz periode gradnje, obnavljanja, a ponegde i razaranja usled ratova, seoba i političkih previranja. Zato je važno da se u daljoj obradi za Manastir Đakovica dopune podaci o vremenu nastanka, eventualnim obnovama i ličnostima koje su učestvovale u njegovom podizanju ili obnovi. U aplikaciji ova sekcija može služiti kao mesto za unošenje konkretnih godina izgradnje, obnavljanja i restauracije čim budu potvrđene.ARHITEKTURA: Arhitektonska vrednost manastira ogleda se u spoju crkvene gradnje, uređenja enterijera i prilagođenosti prostora bogoslužbenoj funkciji. Poseban značaj obično imaju oltarski prostor, ikonostas, eventualni živopis, kao i sklad između hrama i prirodnog okruženja. Ako su sačuvani podaci o starijim fazama gradnje, ovde se kasnije mogu navesti stilske odlike, tip osnove hrama i najvažnije umetničke karakteristike.DUHOVNI ŽIVOT: Manastir Đakovica ima značaj kao mesto molitve, liturgijskog sabranja i očuvanja pravoslavne tradicije. Na velike praznike i manastirsku slavu ovakve svetinje okupljaju vernike, hodočasnike i posetioce koji dolaze radi molitve, mira i upoznavanja sa duhovnim nasleđem. Monaški ili parohijski život, u zavisnosti od statusa svetinje, doprinosi kontinuitetu bogosluženja i prenošenju predanja na mlađe naraštaje.ZNAČAJ: Manastir Đakovica je važan deo crkvene, kulturne i istorijske mape Srbije. Njegov značaj nije samo verski, već i identitetski, jer svedoči o trajanju narodne pobožnosti, umetnosti i lokalnog pamćenja. Za potpuniji prikaz preporučuje se da se ovom zapisu naknadno dodaju provereni podaci o ktitoru, tačnoj godini nastanka, obnovama, poznatim svetinjama, freskama i drugim posebnostima vezanim baš za ovaj manastir.";images/monasteries/djakovica.jpg;;manastiri.rs;Nepoznat;1500;Podaci dopunjeni;dodato;;ok

djurdjevi-stupovi;Manastir Đurđevi Stupovi;Raška;Novi Pazar;Kratak pregled: Manastir Đurđevi Stupovi je poznata pravoslavna svetinja u oblasti Raška.;43.1658384;20.4976231;aktivan;Eparhija raško-prizrenska;"OPŠTI PODACI: Manastir Đurđevi Stupovi nalazi se u okviru Eparhije raško-prizrenske i pripada korpusu značajnih pravoslavnih svetinja na prostoru Srbije. U evidenciji ovog projekta vezuje se za mesto ili šire područje Novi Pazar. Kratak pregled: Manastir Đurđevi Stupovi je poznata pravoslavna svetinja u oblasti Raška. Manastirski kompleks se po pravilu sastoji od crkve, porte i pratećih objekata namenjenih bogosluženju i svakodnevnom monaškom životu.ISTORIJA: Tačna godina osnivanja, kao i ime prvobitnog ktitora, za ovaj zapis zahtevaju dodatnu proveru u pouzdanim crkvenim i istoriografskim izvorima. Ipak, za manastire ovog tipa uobičajeno je da su kroz vekove prolazili kroz periode gradnje, obnavljanja, a ponegde i razaranja usled ratova, seoba i političkih previranja. Zato je važno da se u daljoj obradi za Manastir Đurđevi Stupovi dopune podaci o vremenu nastanka, eventualnim obnovama i ličnostima koje su učestvovale u njegovom podizanju ili obnovi. U aplikaciji ova sekcija može služiti kao mesto za unošenje konkretnih godina izgradnje, obnavljanja i restauracije čim budu potvrđene.ARHITEKTURA: Arhitektonska vrednost manastira ogleda se u spoju crkvene gradnje, uređenja enterijera i prilagođenosti prostora bogoslužbenoj funkciji. Poseban značaj obično imaju oltarski prostor, ikonostas, eventualni živopis, kao i sklad između hrama i prirodnog okruženja. Ako su sačuvani podaci o starijim fazama gradnje, ovde se kasnije mogu navesti stilske odlike, tip osnove hrama i najvažnije umetničke karakteristike.DUHOVNI ŽIVOT: Manastir Đurđevi Stupovi ima značaj kao mesto molitve, liturgijskog sabranja i očuvanja pravoslavne tradicije. Na velike praznike i manastirsku slavu ovakve svetinje okupljaju vernike, hodočasnike i posetioce koji dolaze radi molitve, mira i upoznavanja sa duhovnim nasleđem. Monaški ili parohijski život, u zavisnosti od statusa svetinje, doprinosi kontinuitetu bogosluženja i prenošenju predanja na mlađe naraštaje.ZNAČAJ: Manastir Đurđevi Stupovi je važan deo crkvene, kulturne i istorijske mape Srbije. Njegov značaj nije samo verski, već i identitetski, jer svedoči o trajanju narodne pobožnosti, umetnosti i lokalnog pamćenja. Za potpuniji prikaz preporučuje se da se ovom zapisu naknadno dodaju provereni podaci o ktitoru, tačnoj godini nastanka, obnovama, poznatim svetinjama, freskama i drugim posebnostima vezanim baš za ovaj manastir.";;;nepoznato;Stefan Nemanja;1171;Podaci dopunjeni;osm-overpass-exact;sr:Манастир Ђурђеви ступови;ok

beocin;Manastir Beočin;Srem;Beočin;Manastir Beočin na obodu Fruške gore posvećen je Vaznesenju Gospodnjem. U izvornim zapisima pominje se u 16. veku, a današnji izgled dobija kroz obnove u 18. veku.;45.1714435;19.7447591;aktivan;Eparhija sremska;"OPŠTI PODACI: Manastir Beočin nalazi se u okviru Eparhije sremske i pripada korpusu značajnih pravoslavnih svetinja na prostoru Srbije. U evidenciji ovog projekta vezuje se za mesto ili šire područje Beočin. Manastir Beočin na obodu Fruške gore posvećen je Vaznesenju Gospodnjem. U izvornim zapisima pominje se u 16. veku, a današnji izgled dobija kroz obnove u 18. veku. Manastirski kompleks se po pravilu sastoji od crkve, porte i pratećih objekata namenjenih bogosluženju i svakodnevnom monaškom životu.ISTORIJA: Tačna godina osnivanja, kao i ime prvobitnog ktitora, za ovaj zapis zahtevaju dodatnu proveru u pouzdanim crkvenim i istoriografskim izvorima. Ipak, za manastire ovog tipa uobičajeno je da su kroz vekove prolazili kroz periode gradnje, obnavljanja, a ponegde i razaranja usled ratova, seoba i političkih previranja. Zato je važno da se u daljoj obradi za Manastir Beočin dopune podaci o vremenu nastanka, eventualnim obnovama i ličnostima koje su učestvovale u njegovom podizanju ili obnovi. U aplikaciji ova sekcija može služiti kao mesto za unošenje konkretnih godina izgradnje, obnavljanja i restauracije čim budu potvrđene.ARHITEKTURA: Arhitektonska vrednost manastira ogleda se u spoju crkvene gradnje, uređenja enterijera i prilagođenosti prostora bogoslužbenoj funkciji. Poseban značaj obično imaju oltarski prostor, ikonostas, eventualni živopis, kao i sklad između hrama i prirodnog okruženja. Ako su sačuvani podaci o starijim fazama gradnje, ovde se kasnije mogu navesti stilske odlike, tip osnove hrama i najvažnije umetničke karakteristike.DUHOVNI ŽIVOT: Manastir Beočin ima značaj kao mesto molitve, liturgijskog sabranja i očuvanja pravoslavne tradicije. Na velike praznike i manastirsku slavu ovakve svetinje okupljaju vernike, hodočasnike i posetioce koji dolaze radi molitve, mira i upoznavanja sa duhovnim nasleđem. Monaški ili parohijski život, u zavisnosti od statusa svetinje, doprinosi kontinuitetu bogosluženja i prenošenju predanja na mlađe naraštaje.ZNAČAJ: Manastir Beočin je važan deo crkvene, kulturne i istorijske mape Srbije. Njegov značaj nije samo verski, već i identitetski, jer svedoči o trajanju narodne pobožnosti, umetnosti i lokalnog pamćenja. Za potpuniji prikaz preporučuje se da se ovom zapisu naknadno dodaju provereni podaci o ktitoru, tačnoj godini nastanka, obnovama, poznatim svetinjama, freskama i drugim posebnostima vezanim baš za ovaj manastir.";;;manastiri.rs;Nepoznat;1566;Podaci dopunjeni;nominatim-second-pass;Manastir Manastir Beočin, Beočin, Srbija;ok

berkasovo;Manastir Berkasovo;Srem;Šid;Manastir Berkasovo je svetinja Eparhije sremske u širem sremačkom području, mesto molitve i tišine.;45.1682984;19.2643965;aktivan;Eparhija sremska;"OPŠTI PODACI: Manastir Berkasovo nalazi se u okviru Eparhije sremske i pripada korpusu značajnih pravoslavnih svetinja na prostoru Srbije. U evidenciji ovog projekta vezuje se za mesto ili šire područje Srem. Manastir Berkasovo je svetinja Eparhije sremske u širem sremačkom području, mesto molitve i tišine. Manastirski kompleks se po pravilu sastoji od crkve, porte i pratećih objekata namenjenih bogosluženju i svakodnevnom monaškom životu.ISTORIJA: Tačna godina osnivanja, kao i ime prvobitnog ktitora, za ovaj zapis zahtevaju dodatnu proveru u pouzdanim crkvenim i istoriografskim izvorima. Ipak, za manastire ovog tipa uobičajeno je da su kroz vekove prolazili kroz periode gradnje, obnavljanja, a ponegde i razaranja usled ratova, seoba i političkih previranja. Zato je važno da se u daljoj obradi za Manastir Berkasovo dopune podaci o vremenu nastanka, eventualnim obnovama i ličnostima koje su učestvovale u njegovom podizanju ili obnovi. U aplikaciji ova sekcija može služiti kao mesto za unošenje konkretnih godina izgradnje, obnavljanja i restauracije čim budu potvrđene.ARHITEKTURA: Arhitektonska vrednost manastira ogleda se u spoju crkvene gradnje, uređenja enterijera i prilagođenosti prostora bogoslužbenoj funkciji. Poseban značaj obično imaju oltarski prostor, ikonostas, eventualni živopis, kao i sklad između hrama i prirodnog okruženja. Ako su sačuvani podaci o starijim fazama gradnje, ovde se kasnije mogu navesti stilske odlike, tip osnove hrama i najvažnije umetničke karakteristike.DUHOVNI ŽIVOT: Manastir Berkasovo ima značaj kao mesto molitve, liturgijskog sabranja i očuvanja pravoslavne tradicije. Na velike praznike i manastirsku slavu ovakve svetinje okupljaju vernike, hodočasnike i posetioce koji dolaze radi molitve, mira i upoznavanja sa duhovnim nasleđem. Monaški ili parohijski život, u zavisnosti od statusa svetinje, doprinosi kontinuitetu bogosluženja i prenošenju predanja na mlađe naraštaje.ZNAČAJ: Manastir Berkasovo je važan deo crkvene, kulturne i istorijske mape Srbije. Njegov značaj nije samo verski, već i identitetski, jer svedoči o trajanju narodne pobožnosti, umetnosti i lokalnog pamćenja. Za potpuniji prikaz preporučuje se da se ovom zapisu naknadno dodaju provereni podaci o ktitoru, tačnoj godini nastanka, obnovama, poznatim svetinjama, freskama i drugim posebnostima vezanim baš za ovaj manastir.";;;manastiri.rs;Despot Jovan Branković;1490;Podaci dopunjeni;nominatim-second-pass;Manastir Manastir Berkasovo, Srem, Srbija;ok

besenovo;Manastir Bešenovo;Srem;Sremska Mitrovica;Manastir Bešenovo je jedna od fruškogorskih svetinja Eparhije sremske. Miran položaj na obroncima Fruške gore, molitveni ritam i tradicija monaškog života čine ga važnim mestom hodočašća u Sremu.;45.1171125;19.7070472;aktivan;Eparhija sremska;"OPŠTI PODACI: Manastir Bešenovo nalazi se u okviru Eparhije sremske i pripada korpusu značajnih pravoslavnih svetinja na prostoru Srbije. U evidenciji ovog projekta vezuje se za mesto ili šire područje Fruška gora. Manastir Bešenovo je jedna od fruškogorskih svetinja Eparhije sremske. Miran položaj na obroncima Fruške gore, molitveni ritam i tradicija monaškog života čine ga važnim mestom hodočašća u Sremu. Manastirski kompleks se po pravilu sastoji od crkve, porte i pratećih objekata namenjenih bogosluženju i svakodnevnom monaškom životu.ISTORIJA: Tačna godina osnivanja, kao i ime prvobitnog ktitora, za ovaj zapis zahtevaju dodatnu proveru u pouzdanim crkvenim i istoriografskim izvorima. Ipak, za manastire ovog tipa uobičajeno je da su kroz vekove prolazili kroz periode gradnje, obnavljanja, a ponegde i razaranja usled ratova, seoba i političkih previranja. Zato je važno da se u daljoj obradi za Manastir Bešenovo dopune podaci o vremenu nastanka, eventualnim obnovama i ličnostima koje su učestvovale u njegovom podizanju ili obnovi. U aplikaciji ova sekcija može služiti kao mesto za unošenje konkretnih godina izgradnje, obnavljanja i restauracije čim budu potvrđene.ARHITEKTURA: Arhitektonska vrednost manastira ogleda se u spoju crkvene gradnje, uređenja enterijera i prilagođenosti prostora bogoslužbenoj funkciji. Poseban značaj obično imaju oltarski prostor, ikonostas, eventualni živopis, kao i sklad između hrama i prirodnog okruženja. Ako su sačuvani podaci o starijim fazama gradnje, ovde se kasnije mogu navesti stilske odlike, tip osnove hrama i najvažnije umetničke karakteristike.DUHOVNI ŽIVOT: Manastir Bešenovo ima značaj kao mesto molitve, liturgijskog sabranja i očuvanja pravoslavne tradicije. Na velike praznike i manastirsku slavu ovakve svetinje okupljaju vernike, hodočasnike i posetioce koji dolaze radi molitve, mira i upoznavanja sa duhovnim nasleđem. Monaški ili parohijski život, u zavisnosti od statusa svetinje, doprinosi kontinuitetu bogosluženja i prenošenju predanja na mlađe naraštaje.ZNAČAJ: Manastir Bešenovo je važan deo crkvene, kulturne i istorijske mape Srbije. Njegov značaj nije samo verski, već i identitetski, jer svedoči o trajanju narodne pobožnosti, umetnosti i lokalnog pamćenja. Za potpuniji prikaz preporučuje se da se ovom zapisu naknadno dodaju provereni podaci o ktitoru, tačnoj godini nastanka, obnovama, poznatim svetinjama, freskama i drugim posebnostima vezanim baš za ovaj manastir.";;;manastiri.rs;Kralj Dragutin;1300;Podaci dopunjeni;osm-overpass-exact;sr:Манастир Бешеново;ok

divsa;Manastir Divša (Đipša);Srem;Šid;Manastir Divša (Đipša) pripada Eparhiji sremskoj i ubraja se u svetinje koje čuvaju kontinuitet monaškog života u Sremu.;45.1722;19.4633;aktivan;Eparhija sremska;"OPŠTI PODACI: Manastir Divša (Đipša) nalazi se u okviru Eparhije sremske i pripada korpusu značajnih pravoslavnih svetinja na prostoru Srbije. U evidenciji ovog projekta vezuje se za mesto ili šire područje Srem. Manastir Divša (Đipša) pripada Eparhiji sremskoj i ubraja se u svetinje koje čuvaju kontinuitet monaškog života u Sremu. Manastirski kompleks se po pravilu sastoji od crkve, porte i pratećih objekata namenjenih bogosluženju i svakodnevnom monaškom životu.ISTORIJA: Tačna godina osnivanja, kao i ime prvobitnog ktitora, za ovaj zapis zahtevaju dodatnu proveru u pouzdanim crkvenim i istoriografskim izvorima. Ipak, za manastire ovog tipa uobičajeno je da su kroz vekove prolazili kroz periode gradnje, obnavljanja, a ponegde i razaranja usled ratova, seoba i političkih previranja. Zato je važno da se u daljoj obradi za Manastir Divša (Đipša) dopune podaci o vremenu nastanka, eventualnim obnovama i ličnostima koje su učestvovale u njegovom podizanju ili obnovi. U aplikaciji ova sekcija može služiti kao mesto za unošenje konkretnih godina izgradnje, obnavljanja i restauracije čim budu potvrđene.ARHITEKTURA: Arhitektonska vrednost manastira ogleda se u spoju crkvene gradnje, uređenja enterijera i prilagođenosti prostora bogoslužbenoj funkciji. Poseban značaj obično imaju oltarski prostor, ikonostas, eventualni živopis, kao i sklad između hrama i prirodnog okruženja. Ako su sačuvani podaci o starijim fazama gradnje, ovde se kasnije mogu navesti stilske odlike, tip osnove hrama i najvažnije umetničke karakteristike.DUHOVNI ŽIVOT: Manastir Divša (Đipša) ima značaj kao mesto molitve, liturgijskog sabranja i očuvanja pravoslavne tradicije. Na velike praznike i manastirsku slavu ovakve svetinje okupljaju vernike, hodočasnike i posetioce koji dolaze radi molitve, mira i upoznavanja sa duhovnim nasleđem. Monaški ili parohijski život, u zavisnosti od statusa svetinje, doprinosi kontinuitetu bogosluženja i prenošenju predanja na mlađe naraštaje.ZNAČAJ: Manastir Divša (Đipša) je važan deo crkvene, kulturne i istorijske mape Srbije. Njegov značaj nije samo verski, već i identitetski, jer svedoči o trajanju narodne pobožnosti, umetnosti i lokalnog pamćenja. Za potpuniji prikaz preporučuje se da se ovom zapisu naknadno dodaju provereni podaci o ktitoru, tačnoj godini nastanka, obnovama, poznatim svetinjama, freskama i drugim posebnostima vezanim baš za ovaj manastir.";;;manastiri.rs;Despot Jovan Branković;1490;Podaci dopunjeni;dodato;;ok

fenek;Manastir Fenek;Beograd;Surčin;Manastir Fenek je sremačka svetinja Eparhije sremske, poznata i kao mesto hodočasničkih poseta u blizini naselja Fenek.;44.7396352;20.2246362;aktivan;Eparhija sremska;"OPŠTI PODACI: Manastir Fenek nalazi se u okviru Eparhije sremske i pripada korpusu značajnih pravoslavnih svetinja na prostoru Srbije. U evidenciji ovog projekta vezuje se za mesto ili šire područje Srem. Manastir Fenek je sremačka svetinja Eparhije sremske, poznata i kao mesto hodočasničkih poseta u blizini naselja Fenek. Manastirski kompleks se po pravilu sastoji od crkve, porte i pratećih objekata namenjenih bogosluženju i svakodnevnom monaškom životu.ISTORIJA: Tačna godina osnivanja, kao i ime prvobitnog ktitora, za ovaj zapis zahtevaju dodatnu proveru u pouzdanim crkvenim i istoriografskim izvorima. Ipak, za manastire ovog tipa uobičajeno je da su kroz vekove prolazili kroz periode gradnje, obnavljanja, a ponegde i razaranja usled ratova, seoba i političkih previranja. Zato je važno da se u daljoj obradi za Manastir Fenek dopune podaci o vremenu nastanka, eventualnim obnovama i ličnostima koje su učestvovale u njegovom podizanju ili obnovi. U aplikaciji ova sekcija može služiti kao mesto za unošenje konkretnih godina izgradnje, obnavljanja i restauracije čim budu potvrđene.ARHITEKTURA: Arhitektonska vrednost manastira ogleda se u spoju crkvene gradnje, uređenja enterijera i prilagođenosti prostora bogoslužbenoj funkciji. Poseban značaj obično imaju oltarski prostor, ikonostas, eventualni živopis, kao i sklad između hrama i prirodnog okruženja. Ako su sačuvani podaci o starijim fazama gradnje, ovde se kasnije mogu navesti stilske odlike, tip osnove hrama i najvažnije umetničke karakteristike.DUHOVNI ŽIVOT: Manastir Fenek ima značaj kao mesto molitve, liturgijskog sabranja i očuvanja pravoslavne tradicije. Na velike praznike i manastirsku slavu ovakve svetinje okupljaju vernike, hodočasnike i posetioce koji dolaze radi molitve, mira i upoznavanja sa duhovnim nasleđem. Monaški ili parohijski život, u zavisnosti od statusa svetinje, doprinosi kontinuitetu bogosluženja i prenošenju predanja na mlađe naraštaje.ZNAČAJ: Manastir Fenek je važan deo crkvene, kulturne i istorijske mape Srbije. Njegov značaj nije samo verski, već i identitetski, jer svedoči o trajanju narodne pobožnosti, umetnosti i lokalnog pamćenja. Za potpuniji prikaz preporučuje se da se ovom zapisu naknadno dodaju provereni podaci o ktitoru, tačnoj godini nastanka, obnovama, poznatim svetinjama, freskama i drugim posebnostima vezanim baš za ovaj manastir.";;;manastiri.rs;Stefan i Angelina Branković;1450;Podaci dopunjeni;osm-overpass-exact;sr:Манастир Фенек;ok

grgeteg;Manastir Grgeteg;Srem;Irig;Manastir Grgeteg je fruškogorska svetinja Eparhije sremske, poznata po mirnom položaju i duhovnoj atmosferi.;45.1380797;19.9019687;aktivan;Eparhija sremska;"OPŠTI PODACI: Manastir Grgeteg nalazi se u okviru Eparhije sremske i pripada korpusu značajnih pravoslavnih svetinja na prostoru Srbije. U evidenciji ovog projekta vezuje se za mesto ili šire područje Fruška gora. Manastir Grgeteg je fruškogorska svetinja Eparhije sremske, poznata po mirnom položaju i duhovnoj atmosferi. Manastirski kompleks se po pravilu sastoji od crkve, porte i pratećih objekata namenjenih bogosluženju i svakodnevnom monaškom životu.ISTORIJA: Tačna godina osnivanja, kao i ime prvobitnog ktitora, za ovaj zapis zahtevaju dodatnu proveru u pouzdanim crkvenim i istoriografskim izvorima. Ipak, za manastire ovog tipa uobičajeno je da su kroz vekove prolazili kroz periode gradnje, obnavljanja, a ponegde i razaranja usled ratova, seoba i političkih previranja. Zato je važno da se u daljoj obradi za Manastir Grgeteg dopune podaci o vremenu nastanka, eventualnim obnovama i ličnostima koje su učestvovale u njegovom podizanju ili obnovi. U aplikaciji ova sekcija može služiti kao mesto za unošenje konkretnih godina izgradnje, obnavljanja i restauracije čim budu potvrđene.ARHITEKTURA: Arhitektonska vrednost manastira ogleda se u spoju crkvene gradnje, uređenja enterijera i prilagođenosti prostora bogoslužbenoj funkciji. Poseban značaj obično imaju oltarski prostor, ikonostas, eventualni živopis, kao i sklad između hrama i prirodnog okruženja. Ako su sačuvani podaci o starijim fazama gradnje, ovde se kasnije mogu navesti stilske odlike, tip osnove hrama i najvažnije umetničke karakteristike.DUHOVNI ŽIVOT: Manastir Grgeteg ima značaj kao mesto molitve, liturgijskog sabranja i očuvanja pravoslavne tradicije. Na velike praznike i manastirsku slavu ovakve svetinje okupljaju vernike, hodočasnike i posetioce koji dolaze radi molitve, mira i upoznavanja sa duhovnim nasleđem. Monaški ili parohijski život, u zavisnosti od statusa svetinje, doprinosi kontinuitetu bogosluženja i prenošenju predanja na mlađe naraštaje.ZNAČAJ: Manastir Grgeteg je važan deo crkvene, kulturne i istorijske mape Srbije. Njegov značaj nije samo verski, već i identitetski, jer svedoči o trajanju narodne pobožnosti, umetnosti i lokalnog pamćenja. Za potpuniji prikaz preporučuje se da se ovom zapisu naknadno dodaju provereni podaci o ktitoru, tačnoj godini nastanka, obnovama, poznatim svetinjama, freskama i drugim posebnostima vezanim baš za ovaj manastir.";;;manastiri.rs;Despot Zmaj Ognjeni Vuk;1471;Podaci dopunjeni;osm-overpass-exact;sr:Манастир Гргетег;ok

jazak;Manastir Jazak;Srem;Irig;Manastir Jazak na Fruškoj gori posvećen je Svetoj Trojici i poznat je po moštima cara Uroša i bogatom ikonostasu.;45.126776;19.7587247;aktivan;Eparhija sremska;"OPŠTI PODACI: Manastir Jazak nalazi se u okviru Eparhije sremske i pripada korpusu značajnih pravoslavnih svetinja na prostoru Srbije. U evidenciji ovog projekta vezuje se za mesto ili šire područje Fruška gora. Manastir Jazak na Fruškoj gori posvećen je Svetoj Trojici i poznat je po moštima cara Uroša i bogatom ikonostasu. Manastirski kompleks se po pravilu sastoji od crkve, porte i pratećih objekata namenjenih bogosluženju i svakodnevnom monaškom životu.ISTORIJA: Tačna godina osnivanja, kao i ime prvobitnog ktitora, za ovaj zapis zahtevaju dodatnu proveru u pouzdanim crkvenim i istoriografskim izvorima. Ipak, za manastire ovog tipa uobičajeno je da su kroz vekove prolazili kroz periode gradnje, obnavljanja, a ponegde i razaranja usled ratova, seoba i političkih previranja. Zato je važno da se u daljoj obradi za Manastir Jazak dopune podaci o vremenu nastanka, eventualnim obnovama i ličnostima koje su učestvovale u njegovom podizanju ili obnovi. U aplikaciji ova sekcija može služiti kao mesto za unošenje konkretnih godina izgradnje, obnavljanja i restauracije čim budu potvrđene.ARHITEKTURA: Arhitektonska vrednost manastira ogleda se u spoju crkvene gradnje, uređenja enterijera i prilagođenosti prostora bogoslužbenoj funkciji. Poseban značaj obično imaju oltarski prostor, ikonostas, eventualni živopis, kao i sklad između hrama i prirodnog okruženja. Ako su sačuvani podaci o starijim fazama gradnje, ovde se kasnije mogu navesti stilske odlike, tip osnove hrama i najvažnije umetničke karakteristike.DUHOVNI ŽIVOT: Manastir Jazak ima značaj kao mesto molitve, liturgijskog sabranja i očuvanja pravoslavne tradicije. Na velike praznike i manastirsku slavu ovakve svetinje okupljaju vernike, hodočasnike i posetioce koji dolaze radi molitve, mira i upoznavanja sa duhovnim nasleđem. Monaški ili parohijski život, u zavisnosti od statusa svetinje, doprinosi kontinuitetu bogosluženja i prenošenju predanja na mlađe naraštaje.ZNAČAJ: Manastir Jazak je važan deo crkvene, kulturne i istorijske mape Srbije. Njegov značaj nije samo verski, već i identitetski, jer svedoči o trajanju narodne pobožnosti, umetnosti i lokalnog pamćenja. Za potpuniji prikaz preporučuje se da se ovom zapisu naknadno dodaju provereni podaci o ktitoru, tačnoj godini nastanka, obnovama, poznatim svetinjama, freskama i drugim posebnostima vezanim baš za ovaj manastir.";;;manastiri.rs;Despot Jovan Branković;1522;Podaci dopunjeni;nominatim-second-pass;Manastir Manastir Jazak, Srbija;ok

krusedol;Manastir Krušedol;Srem;Irig;Manastir Krušedol na Fruškoj gori osnovan je u 16. veku i posvećen je Blagovestima. Poznat je po moštima Brankovića i istorijskom značaju.;45.1194773;19.9400177;aktivan;Eparhija sremska;"OPŠTI PODACI: Manastir Krušedol nalazi se u okviru Eparhije sremske i pripada korpusu značajnih pravoslavnih svetinja na prostoru Srbije. U evidenciji ovog projekta vezuje se za mesto ili šire područje Fruška gora. Manastir Krušedol na Fruškoj gori osnovan je u 16. veku i posvećen je Blagovestima. Poznat je po moštima Brankovića i istorijskom značaju. Manastirski kompleks se po pravilu sastoji od crkve, porte i pratećih objekata namenjenih bogosluženju i svakodnevnom monaškom životu.ISTORIJA: Tačna godina osnivanja, kao i ime prvobitnog ktitora, za ovaj zapis zahtevaju dodatnu proveru u pouzdanim crkvenim i istoriografskim izvorima. Ipak, za manastire ovog tipa uobičajeno je da su kroz vekove prolazili kroz periode gradnje, obnavljanja, a ponegde i razaranja usled ratova, seoba i političkih previranja. Zato je važno da se u daljoj obradi za Manastir Krušedol dopune podaci o vremenu nastanka, eventualnim obnovama i ličnostima koje su učestvovale u njegovom podizanju ili obnovi. U aplikaciji ova sekcija može služiti kao mesto za unošenje konkretnih godina izgradnje, obnavljanja i restauracije čim budu potvrđene.ARHITEKTURA: Arhitektonska vrednost manastira ogleda se u spoju crkvene gradnje, uređenja enterijera i prilagođenosti prostora bogoslužbenoj funkciji. Poseban značaj obično imaju oltarski prostor, ikonostas, eventualni živopis, kao i sklad između hrama i prirodnog okruženja. Ako su sačuvani podaci o starijim fazama gradnje, ovde se kasnije mogu navesti stilske odlike, tip osnove hrama i najvažnije umetničke karakteristike.DUHOVNI ŽIVOT: Manastir Krušedol ima značaj kao mesto molitve, liturgijskog sabranja i očuvanja pravoslavne tradicije. Na velike praznike i manastirsku slavu ovakve svetinje okupljaju vernike, hodočasnike i posetioce koji dolaze radi molitve, mira i upoznavanja sa duhovnim nasleđem. Monaški ili parohijski život, u zavisnosti od statusa svetinje, doprinosi kontinuitetu bogosluženja i prenošenju predanja na mlađe naraštaje.ZNAČAJ: Manastir Krušedol je važan deo crkvene, kulturne i istorijske mape Srbije. Njegov značaj nije samo verski, već i identitetski, jer svedoči o trajanju narodne pobožnosti, umetnosti i lokalnog pamćenja. Za potpuniji prikaz preporučuje se da se ovom zapisu naknadno dodaju provereni podaci o ktitoru, tačnoj godini nastanka, obnovama, poznatim svetinjama, freskama i drugim posebnostima vezanim baš za ovaj manastir.";;;manastiri.rs;Đorđe i Angelina Branković;1509;Podaci dopunjeni;osm-overpass-exact;sr:Манастир Крушедол;ok

kuvezdin;Manastir Kuveždin;Srem;Sremska Mitrovica;Manastir Kuveždin je fruškogorska svetinja Eparhije sremske, deo niza manastira koji se naziva „srpska Sveta gora“.;45.1272266;19.511304;aktivan;Eparhija sremska;"OPŠTI PODACI: Manastir Kuveždin nalazi se u okviru Eparhije sremske i pripada korpusu značajnih pravoslavnih svetinja na prostoru Srbije. U evidenciji ovog projekta vezuje se za mesto ili šire područje Fruška gora. Manastir Kuveždin je fruškogorska svetinja Eparhije sremske, deo niza manastira koji se naziva „srpska Sveta gora“. Manastirski kompleks se po pravilu sastoji od crkve, porte i pratećih objekata namenjenih bogosluženju i svakodnevnom monaškom životu.ISTORIJA: Tačna godina osnivanja, kao i ime prvobitnog ktitora, za ovaj zapis zahtevaju dodatnu proveru u pouzdanim crkvenim i istoriografskim izvorima. Ipak, za manastire ovog tipa uobičajeno je da su kroz vekove prolazili kroz periode gradnje, obnavljanja, a ponegde i razaranja usled ratova, seoba i političkih previranja. Zato je važno da se u daljoj obradi za Manastir Kuveždin dopune podaci o vremenu nastanka, eventualnim obnovama i ličnostima koje su učestvovale u njegovom podizanju ili obnovi. U aplikaciji ova sekcija može služiti kao mesto za unošenje konkretnih godina izgradnje, obnavljanja i restauracije čim budu potvrđene.ARHITEKTURA: Arhitektonska vrednost manastira ogleda se u spoju crkvene gradnje, uređenja enterijera i prilagođenosti prostora bogoslužbenoj funkciji. Poseban značaj obično imaju oltarski prostor, ikonostas, eventualni živopis, kao i sklad između hrama i prirodnog okruženja. Ako su sačuvani podaci o starijim fazama gradnje, ovde se kasnije mogu navesti stilske odlike, tip osnove hrama i najvažnije umetničke karakteristike.DUHOVNI ŽIVOT: Manastir Kuveždin ima značaj kao mesto molitve, liturgijskog sabranja i očuvanja pravoslavne tradicije. Na velike praznike i manastirsku slavu ovakve svetinje okupljaju vernike, hodočasnike i posetioce koji dolaze radi molitve, mira i upoznavanja sa duhovnim nasleđem. Monaški ili parohijski život, u zavisnosti od statusa svetinje, doprinosi kontinuitetu bogosluženja i prenošenju predanja na mlađe naraštaje.ZNAČAJ: Manastir Kuveždin je važan deo crkvene, kulturne i istorijske mape Srbije. Njegov značaj nije samo verski, već i identitetski, jer svedoči o trajanju narodne pobožnosti, umetnosti i lokalnog pamćenja. Za potpuniji prikaz preporučuje se da se ovom zapisu naknadno dodaju provereni podaci o ktitoru, tačnoj godini nastanka, obnovama, poznatim svetinjama, freskama i drugim posebnostima vezanim baš za ovaj manastir.";;;manastiri.rs;Stefan Štiljanović;1520;Podaci dopunjeni;osm-overpass-exact;sr:Манастир Кувеждин;ok

mala-remeta;Manastir Mala Remeta;Srem;Irig;Manastir Mala Remeta jedna je od fruškogorskih svetinja Eparhije sremske, poznata po mirnoj lokaciji i duhovnom ambijentu.;45.1105368;19.7433677;aktivan;Eparhija sremska;"OPŠTI PODACI: Manastir Mala Remeta nalazi se u okviru Eparhije sremske i pripada korpusu značajnih pravoslavnih svetinja na prostoru Srbije. U evidenciji ovog projekta vezuje se za mesto ili šire područje Fruška gora. Manastir Mala Remeta jedna je od fruškogorskih svetinja Eparhije sremske, poznata po mirnoj lokaciji i duhovnom ambijentu. Manastirski kompleks se po pravilu sastoji od crkve, porte i pratećih objekata namenjenih bogosluženju i svakodnevnom monaškom životu.ISTORIJA: Tačna godina osnivanja, kao i ime prvobitnog ktitora, za ovaj zapis zahtevaju dodatnu proveru u pouzdanim crkvenim i istoriografskim izvorima. Ipak, za manastire ovog tipa uobičajeno je da su kroz vekove prolazili kroz periode gradnje, obnavljanja, a ponegde i razaranja usled ratova, seoba i političkih previranja. Zato je važno da se u daljoj obradi za Manastir Mala Remeta dopune podaci o vremenu nastanka, eventualnim obnovama i ličnostima koje su učestvovale u njegovom podizanju ili obnovi. U aplikaciji ova sekcija može služiti kao mesto za unošenje konkretnih godina izgradnje, obnavljanja i restauracije čim budu potvrđene.ARHITEKTURA: Arhitektonska vrednost manastira ogleda se u spoju crkvene gradnje, uređenja enterijera i prilagođenosti prostora bogoslužbenoj funkciji. Poseban značaj obično imaju oltarski prostor, ikonostas, eventualni živopis, kao i sklad između hrama i prirodnog okruženja. Ako su sačuvani podaci o starijim fazama gradnje, ovde se kasnije mogu navesti stilske odlike, tip osnove hrama i najvažnije umetničke karakteristike.DUHOVNI ŽIVOT: Manastir Mala Remeta ima značaj kao mesto molitve, liturgijskog sabranja i očuvanja pravoslavne tradicije. Na velike praznike i manastirsku slavu ovakve svetinje okupljaju vernike, hodočasnike i posetioce koji dolaze radi molitve, mira i upoznavanja sa duhovnim nasleđem. Monaški ili parohijski život, u zavisnosti od statusa svetinje, doprinosi kontinuitetu bogosluženja i prenošenju predanja na mlađe naraštaje.ZNAČAJ: Manastir Mala Remeta je važan deo crkvene, kulturne i istorijske mape Srbije. Njegov značaj nije samo verski, već i identitetski, jer svedoči o trajanju narodne pobožnosti, umetnosti i lokalnog pamćenja. Za potpuniji prikaz preporučuje se da se ovom zapisu naknadno dodaju provereni podaci o ktitoru, tačnoj godini nastanka, obnovama, poznatim svetinjama, freskama i drugim posebnostima vezanim baš za ovaj manastir.";;;manastiri.rs;Kralj Dragutin;1546;Podaci dopunjeni;osm-overpass-exact;sr:Манастир Мала Ремета;ok

novo-hopovo;Manastir Novo Hopovo;Srem;Irig;Manastir Novo Hopovo na Fruškoj gori osnovan je krajem 15. veka i posvećen je Svetom Nikolaju. Poznat je po freskama i moštima Svetog Teodora Tirona.;45.1282713;19.8462404;aktivan;Eparhija sremska;"OPŠTI PODACI: Manastir Novo Hopovo nalazi se u okviru Eparhije sremske i pripada korpusu značajnih pravoslavnih svetinja na prostoru Srbije. U evidenciji ovog projekta vezuje se za mesto ili šire područje Fruška gora. Manastir Novo Hopovo na Fruškoj gori osnovan je krajem 15. veka i posvećen je Svetom Nikolaju. Poznat je po freskama i moštima Svetog Teodora Tirona. Manastirski kompleks se po pravilu sastoji od crkve, porte i pratećih objekata namenjenih bogosluženju i svakodnevnom monaškom životu.ISTORIJA: Tačna godina osnivanja, kao i ime prvobitnog ktitora, za ovaj zapis zahtevaju dodatnu proveru u pouzdanim crkvenim i istoriografskim izvorima. Ipak, za manastire ovog tipa uobičajeno je da su kroz vekove prolazili kroz periode gradnje, obnavljanja, a ponegde i razaranja usled ratova, seoba i političkih previranja. Zato je važno da se u daljoj obradi za Manastir Novo Hopovo dopune podaci o vremenu nastanka, eventualnim obnovama i ličnostima koje su učestvovale u njegovom podizanju ili obnovi. U aplikaciji ova sekcija može služiti kao mesto za unošenje konkretnih godina izgradnje, obnavljanja i restauracije čim budu potvrđene.ARHITEKTURA: Arhitektonska vrednost manastira ogleda se u spoju crkvene gradnje, uređenja enterijera i prilagođenosti prostora bogoslužbenoj funkciji. Poseban značaj obično imaju oltarski prostor, ikonostas, eventualni živopis, kao i sklad između hrama i prirodnog okruženja. Ako su sačuvani podaci o starijim fazama gradnje, ovde se kasnije mogu navesti stilske odlike, tip osnove hrama i najvažnije umetničke karakteristike.DUHOVNI ŽIVOT: Manastir Novo Hopovo ima značaj kao mesto molitve, liturgijskog sabranja i očuvanja pravoslavne tradicije. Na velike praznike i manastirsku slavu ovakve svetinje okupljaju vernike, hodočasnike i posetioce koji dolaze radi molitve, mira i upoznavanja sa duhovnim nasleđem. Monaški ili parohijski život, u zavisnosti od statusa svetinje, doprinosi kontinuitetu bogosluženja i prenošenju predanja na mlađe naraštaje.ZNAČAJ: Manastir Novo Hopovo je važan deo crkvene, kulturne i istorijske mape Srbije. Njegov značaj nije samo verski, već i identitetski, jer svedoči o trajanju narodne pobožnosti, umetnosti i lokalnog pamćenja. Za potpuniji prikaz preporučuje se da se ovom zapisu naknadno dodaju provereni podaci o ktitoru, tačnoj godini nastanka, obnovama, poznatim svetinjama, freskama i drugim posebnostima vezanim baš za ovaj manastir.";;;manastiri.rs;Đurađ Branković;1490;Podaci dopunjeni;nominatim-second-pass;Manastir Novo Hopovo, Srbija;ok

obed;Manastir Obed;Srem;Pećinci;Manastir Obed je svetinja Eparhije sremske, poznata kao duhovno odredište u širem području Srema.;44.7130198;20.0401694;aktivan;Eparhija sremska;"OPŠTI PODACI: Manastir Obed nalazi se u okviru Eparhije sremske i pripada korpusu značajnih pravoslavnih svetinja na prostoru Srbije. U evidenciji ovog projekta vezuje se za mesto ili šire područje Srem. Manastir Obed je svetinja Eparhije sremske, poznata kao duhovno odredište u širem području Srema. Manastirski kompleks se po pravilu sastoji od crkve, porte i pratećih objekata namenjenih bogosluženju i svakodnevnom monaškom životu.ISTORIJA: Tačna godina osnivanja, kao i ime prvobitnog ktitora, za ovaj zapis zahtevaju dodatnu proveru u pouzdanim crkvenim i istoriografskim izvorima. Ipak, za manastire ovog tipa uobičajeno je da su kroz vekove prolazili kroz periode gradnje, obnavljanja, a ponegde i razaranja usled ratova, seoba i političkih previranja. Zato je važno da se u daljoj obradi za Manastir Obed dopune podaci o vremenu nastanka, eventualnim obnovama i ličnostima koje su učestvovale u njegovom podizanju ili obnovi. U aplikaciji ova sekcija može služiti kao mesto za unošenje konkretnih godina izgradnje, obnavljanja i restauracije čim budu potvrđene.ARHITEKTURA: Arhitektonska vrednost manastira ogleda se u spoju crkvene gradnje, uređenja enterijera i prilagođenosti prostora bogoslužbenoj funkciji. Poseban značaj obično imaju oltarski prostor, ikonostas, eventualni živopis, kao i sklad između hrama i prirodnog okruženja. Ako su sačuvani podaci o starijim fazama gradnje, ovde se kasnije mogu navesti stilske odlike, tip osnove hrama i najvažnije umetničke karakteristike.DUHOVNI ŽIVOT: Manastir Obed ima značaj kao mesto molitve, liturgijskog sabranja i očuvanja pravoslavne tradicije. Na velike praznike i manastirsku slavu ovakve svetinje okupljaju vernike, hodočasnike i posetioce koji dolaze radi molitve, mira i upoznavanja sa duhovnim nasleđem. Monaški ili parohijski život, u zavisnosti od statusa svetinje, doprinosi kontinuitetu bogosluženja i prenošenju predanja na mlađe naraštaje.ZNAČAJ: Manastir Obed je važan deo crkvene, kulturne i istorijske mape Srbije. Njegov značaj nije samo verski, već i identitetski, jer svedoči o trajanju narodne pobožnosti, umetnosti i lokalnog pamćenja. Za potpuniji prikaz preporučuje se da se ovom zapisu naknadno dodaju provereni podaci o ktitoru, tačnoj godini nastanka, obnovama, poznatim svetinjama, freskama i drugim posebnostima vezanim baš za ovaj manastir.";;;manastiri.rs;Despotica Angelina Branković;1501;Podaci dopunjeni;nominatim-second-pass;Manastir Manastir Obed, Srem, Srbija;ok

privina-glava;Manastir Privina Glava;Srem;Šid;Manastir Privina Glava je svetinja Eparhije sremske, važna tačka na duhovnoj mapi Srema.;45.1417;19.2972;aktivan;Eparhija sremska;"OPŠTI PODACI: Manastir Privina Glava nalazi se u okviru Eparhije sremske i pripada korpusu značajnih pravoslavnih svetinja na prostoru Srbije. U evidenciji ovog projekta vezuje se za mesto ili šire područje Srem. Manastir Privina Glava je svetinja Eparhije sremske, važna tačka na duhovnoj mapi Srema. Manastirski kompleks se po pravilu sastoji od crkve, porte i pratećih objekata namenjenih bogosluženju i svakodnevnom monaškom životu.ISTORIJA: Tačna godina osnivanja, kao i ime prvobitnog ktitora, za ovaj zapis zahtevaju dodatnu proveru u pouzdanim crkvenim i istoriografskim izvorima. Ipak, za manastire ovog tipa uobičajeno je da su kroz vekove prolazili kroz periode gradnje, obnavljanja, a ponegde i razaranja usled ratova, seoba i političkih previranja. Zato je važno da se u daljoj obradi za Manastir Privina Glava dopune podaci o vremenu nastanka, eventualnim obnovama i ličnostima koje su učestvovale u njegovom podizanju ili obnovi. U aplikaciji ova sekcija može služiti kao mesto za unošenje konkretnih godina izgradnje, obnavljanja i restauracije čim budu potvrđene.ARHITEKTURA: Arhitektonska vrednost manastira ogleda se u spoju crkvene gradnje, uređenja enterijera i prilagođenosti prostora bogoslužbenoj funkciji. Poseban značaj obično imaju oltarski prostor, ikonostas, eventualni živopis, kao i sklad između hrama i prirodnog okruženja. Ako su sačuvani podaci o starijim fazama gradnje, ovde se kasnije mogu navesti stilske odlike, tip osnove hrama i najvažnije umetničke karakteristike.DUHOVNI ŽIVOT: Manastir Privina Glava ima značaj kao mesto molitve, liturgijskog sabranja i očuvanja pravoslavne tradicije. Na velike praznike i manastirsku slavu ovakve svetinje okupljaju vernike, hodočasnike i posetioce koji dolaze radi molitve, mira i upoznavanja sa duhovnim nasleđem. Monaški ili parohijski život, u zavisnosti od statusa svetinje, doprinosi kontinuitetu bogosluženja i prenošenju predanja na mlađe naraštaje.ZNAČAJ: Manastir Privina Glava je važan deo crkvene, kulturne i istorijske mape Srbije. Njegov značaj nije samo verski, već i identitetski, jer svedoči o trajanju narodne pobožnosti, umetnosti i lokalnog pamćenja. Za potpuniji prikaz preporučuje se da se ovom zapisu naknadno dodaju provereni podaci o ktitoru, tačnoj godini nastanka, obnovama, poznatim svetinjama, freskama i drugim posebnostima vezanim baš za ovaj manastir.";;;manastiri.rs;Vlastelin Priba;1100;Podaci dopunjeni;dodato;;ok

rakovac;Manastir Rakovac;Srem;Beočin;Manastir Rakovac je fruškogorska svetinja Eparhije sremske, poznata po položaju u prirodi i duhovnoj tradiciji Fruške gore.;45.1841541;19.7734736;aktivan;Eparhija sremska;"'OPŠTI PODACI: Manastir Rakovac nalazi se u okviru Eparhije sremske i pripada korpusu značajnih pravoslavnih svetinja na prostoru Srbije. U evidenciji ovog projekta vezuje se za mesto ili šire područje Fruška gora. Manastir Rakovac je fruškogorska svetinja Eparhije sremske, poznata po položaju u prirodi i duhovnoj tradiciji Fruške gore. Manastirski kompleks se po pravilu sastoji od crkve, porte i pratećih objekata namenjenih bogosluženju i svakodnevnom monaškom životu.ISTORIJA: Tačna godina osnivanja, kao i ime prvobitnog ktitora, za ovaj zapis zahtevaju dodatnu proveru u pouzdanim crkvenim i istoriografskim izvorima. Ipak, za manastire ovog tipa uobičajeno je da su kroz vekove prolazili kroz periode gradnje, obnavljanja, a ponegde i razaranja usled ratova, seoba i političkih previranja. Zato je važno da se u daljoj obradi za Manastir Rakovac dopune podaci o vremenu nastanka, eventualnim obnovama i ličnostima koje su učestvovale u njegovom podizanju ili obnovi. U aplikaciji ova sekcija može služiti kao mesto za unošenje konkretnih godina izgradnje, obnavljanja i restauracije čim budu potvrđene.ARHITEKTURA: Arhitektonska vrednost manastira ogleda se u spoju crkvene gradnje, uređenja enterijera i prilagođenosti prostora bogoslužbenoj funkciji. Poseban značaj obično imaju oltarski prostor, ikonostas, eventualni živopis, kao i sklad između hrama i prirodnog okruženja. Ako su sačuvani podaci o starijim fazama gradnje, ovde se kasnije mogu navesti stilske odlike, tip osnove hrama i najvažnije umetničke karakteristike.DUHOVNI ŽIVOT: Manastir Rakovac ima značaj kao mesto molitve, liturgijskog sabranja i očuvanja pravoslavne tradicije. Na velike praznike i manastirsku slavu ovakve svetinje okupljaju vernike, hodočasnike i posetioce koji dolaze radi molitve, mira i upoznavanja sa duhovnim nasleđem. Monaški ili parohijski život, u zavisnosti od statusa svetinje, doprinosi kontinuitetu bogosluženja i prenošenju predanja na mlađe naraštaje.ZNAČAJ: Manastir Rakovac je važan deo crkvene, kulturne i istorijske mape Srbije. Njegov značaj nije samo verski, već i identitetski, jer svedoči o trajanju narodne pobožnosti, umetnosti i lokalnog pamćenja. Za potpuniji prikaz preporučuje se da se ovom zapisu naknadno dodaju provereni podaci o ktitoru, tačnoj godini nastanka, obnovama, poznatim svetinjama, freskama i drugim posebnostima vezanim baš za ovaj manastir.'; ; ; manastiri.rs; Raka Milošević; 1498; Podaci dopunjeni; nominatim-second-pass; Manastir Manastir Rakovac, Srbija; ok staro-hopovo; Manastir Staro Hopovo; Fruška gora; Irig; Manastir Staro Hopovo je fruškogorska svetinja Eparhije sremske, poznata kao deo duhovnog „para“ sa Novim Hopovom.; 45.1355309; 19.8584072; aktivan; Eparhija sremska";"OPŠTI PODACI: Manastir Staro Hopovo nalazi se u okviru Eparhije sremske i pripada korpusu značajnih pravoslavnih svetinja na prostoru Srbije. U evidenciji ovog projekta vezuje se za mesto ili šire područje Fruška gora. Manastir Staro Hopovo je fruškogorska svetinja Eparhije sremske, poznata kao deo duhovnog „para“ sa Novim Hopovom. Manastirski kompleks se po pravilu sastoji od crkve, porte i pratećih objekata namenjenih bogosluženju i svakodnevnom monaškom životu.ISTORIJA: Tačna godina osnivanja, kao i ime prvobitnog ktitora, za ovaj zapis zahtevaju dodatnu proveru u pouzdanim crkvenim i istoriografskim izvorima. Ipak, za manastire ovog tipa uobičajeno je da su kroz vekove prolazili kroz periode gradnje, obnavljanja, a ponegde i razaranja usled ratova, seoba i političkih previranja. Zato je važno da se u daljoj obradi za Manastir Staro Hopovo dopune podaci o vremenu nastanka, eventualnim obnovama i ličnostima koje su učestvovale u njegovom podizanju ili obnovi. U aplikaciji ova sekcija može služiti kao mesto za unošenje konkretnih godina izgradnje, obnavljanja i restauracije čim budu potvrđene.ARHITEKTURA: Arhitektonska vrednost manastira ogleda se u spoju crkvene gradnje, uređenja enterijera i prilagođenosti prostora bogoslužbenoj funkciji. Poseban značaj obično imaju oltarski prostor, ikonostas, eventualni živopis, kao i sklad između hrama i prirodnog okruženja. Ako su sačuvani podaci o starijim fazama gradnje, ovde se kasnije mogu navesti stilske odlike, tip osnove hrama i najvažnije umetničke karakteristike.DUHOVNI ŽIVOT: Manastir Staro Hopovo ima značaj kao mesto molitve, liturgijskog sabranja i očuvanja pravoslavne tradicije. Na velike praznike i manastirsku slavu ovakve svetinje okupljaju vernike, hodočasnike i posetioce koji dolaze radi molitve, mira i upoznavanja sa duhovnim nasleđem. Monaški ili parohijski život, u zavisnosti od statusa svetinje, doprinosi kontinuitetu bogosluženja i prenošenju predanja na mlađe naraštaje.ZNAČAJ: Manastir Staro Hopovo je važan deo crkvene, kulturne i istorijske mape Srbije. Njegov značaj nije samo verski, već i identitetski, jer svedoči o trajanju narodne pobožnosti, umetnosti i lokalnog pamćenja. Za potpuniji prikaz preporučuje se da se ovom zapisu naknadno dodaju provereni podaci o ktitoru, tačnoj godini nastanka, obnovama, poznatim svetinjama, freskama i drugim posebnostima vezanim baš za ovaj manastir.";;;manastiri.rs;Đorđe Branković;1496;Podaci dopunjeni;nominatim-second-pass;Manastir Staro Hopovo, Srbija;ok
velika-remeta;Manastir Velika Remeta;Fruška gora;Irig;Manastir Velika Remeta na Fruškoj gori posvećen je Svetom Dimitriju. U narodu je poznat po visokom zvoniku i staroj umetničkoj baštini.;45.1427744;19.917713;aktivan;Eparhija sremska;"OPŠTI PODACI: Manastir Velika Remeta nalazi se u okviru Eparhije sremske i pripada korpusu značajnih pravoslavnih svetinja na prostoru Srbije. U evidenciji ovog projekta vezuje se za mesto ili šire područje Fruška gora. Manastir Velika Remeta na Fruškoj gori posvećen je Svetom Dimitriju. U narodu je poznat po visokom zvoniku i staroj umetničkoj baštini. Manastirski kompleks se po pravilu sastoji od crkve, porte i pratećih objekata namenjenih bogosluženju i svakodnevnom monaškom životu.ISTORIJA: Tačna godina osnivanja, kao i ime prvobitnog ktitora, za ovaj zapis zahtevaju dodatnu proveru u pouzdanim crkvenim i istoriografskim izvorima. Ipak, za manastire ovog tipa uobičajeno je da su kroz vekove prolazili kroz periode gradnje, obnavljanja, a ponegde i razaranja usled ratova, seoba i političkih previranja. Zato je važno da se u daljoj obradi za Manastir Velika Remeta dopune podaci o vremenu nastanka, eventualnim obnovama i ličnostima koje su učestvovale u njegovom podizanju ili obnovi. U aplikaciji ova sekcija može služiti kao mesto za unošenje konkretnih godina izgradnje, obnavljanja i restauracije čim budu potvrđene.ARHITEKTURA: Arhitektonska vrednost manastira ogleda se u spoju crkvene gradnje, uređenja enterijera i prilagođenosti prostora bogoslužbenoj funkciji. Poseban značaj obično imaju oltarski prostor, ikonostas, eventualni živopis, kao i sklad između hrama i prirodnog okruženja. Ako su sačuvani podaci o starijim fazama gradnje, ovde se kasnije mogu navesti stilske odlike, tip osnove hrama i najvažnije umetničke karakteristike.DUHOVNI ŽIVOT: Manastir Velika Remeta ima značaj kao mesto molitve, liturgijskog sabranja i očuvanja pravoslavne tradicije. Na velike praznike i manastirsku slavu ovakve svetinje okupljaju vernike, hodočasnike i posetioce koji dolaze radi molitve, mira i upoznavanja sa duhovnim nasleđem. Monaški ili parohijski život, u zavisnosti od statusa svetinje, doprinosi kontinuitetu bogosluženja i prenošenju predanja na mlađe naraštaje.ZNAČAJ: Manastir Velika Remeta je važan deo crkvene, kulturne i istorijske mape Srbije. Njegov značaj nije samo verski, već i identitetski, jer svedoči o trajanju narodne pobožnosti, umetnosti i lokalnog pamćenja. Za potpuniji prikaz preporučuje se da se ovom zapisu naknadno dodaju provereni podaci o ktitoru, tačnoj godini nastanka, obnovama, poznatim svetinjama, freskama i drugim posebnostima vezanim baš za ovaj manastir.";;;manastiri.rs;Kralj Dragutin;1300;Podaci dopunjeni;osm-overpass-exact;sr:Манастир Велика Ремета;ok

vodice;Manastir Vodice;Fruška gora;Sremska Mitrovica;Manastir Vodice je fruškogorska svetinja Eparhije sremske, poznata po mirnoj lokaciji i tradiciji hodočašća.;45.1167;19.6500;aktivan;Eparhija sremska;"OPŠTI PODACI: Manastir Vodice nalazi se u okviru Eparhije sremske i pripada korpusu značajnih pravoslavnih svetinja na prostoru Srbije. U evidenciji ovog projekta vezuje se za mesto ili šire područje Fruška gora. Manastir Vodice je fruškogorska svetinja Eparhije sremske, poznata po mirnoj lokaciji i tradiciji hodočašća. Manastirski kompleks se po pravilu sastoji od crkve, porte i pratećih objekata namenjenih bogosluženju i svakodnevnom monaškom životu.ISTORIJA: Tačna godina osnivanja, kao i ime prvobitnog ktitora, za ovaj zapis zahtevaju dodatnu proveru u pouzdanim crkvenim i istoriografskim izvorima. Ipak, za manastire ovog tipa uobičajeno je da su kroz vekove prolazili kroz periode gradnje, obnavljanja, a ponegde i razaranja usled ratova, seoba i političkih previranja. Zato je važno da se u daljoj obradi za Manastir Vodice dopune podaci o vremenu nastanka, eventualnim obnovama i ličnostima koje su učestvovale u njegovom podizanju ili obnovi. U aplikaciji ova sekcija može služiti kao mesto za unošenje konkretnih godina izgradnje, obnavljanja i restauracije čim budu potvrđene.ARHITEKTURA: Arhitektonska vrednost manastira ogleda se u spoju crkvene gradnje, uređenja enterijera i prilagođenosti prostora bogoslužbenoj funkciji. Poseban značaj obično imaju oltarski prostor, ikonostas, eventualni živopis, kao i sklad između hrama i prirodnog okruženja. Ako su sačuvani podaci o starijim fazama gradnje, ovde se kasnije mogu navesti stilske odlike, tip osnove hrama i najvažnije umetničke karakteristike.DUHOVNI ŽIVOT: Manastir Vodice ima značaj kao mesto molitve, liturgijskog sabranja i očuvanja pravoslavne tradicije. Na velike praznike i manastirsku slavu ovakve svetinje okupljaju vernike, hodočasnike i posetioce koji dolaze radi molitve, mira i upoznavanja sa duhovnim nasleđem. Monaški ili parohijski život, u zavisnosti od statusa svetinje, doprinosi kontinuitetu bogosluženja i prenošenju predanja na mlađe naraštaje.ZNAČAJ: Manastir Vodice je važan deo crkvene, kulturne i istorijske mape Srbije. Njegov značaj nije samo verski, već i identitetski, jer svedoči o trajanju narodne pobožnosti, umetnosti i lokalnog pamćenja. Za potpuniji prikaz preporučuje se da se ovom zapisu naknadno dodaju provereni podaci o ktitoru, tačnoj godini nastanka, obnovama, poznatim svetinjama, freskama i drugim posebnostima vezanim baš za ovaj manastir.";;;manastiri.rs;Nepoznat;1700;Podaci dopunjeni;dodato;;ok

vranjas;Manastir Vranjaš;Fruška gora;Sremska Mitrovica;Manastir Vranjaš je svetinja Eparhije sremske, deo mreže manastira koji čuvaju duhovno nasleđe Fruške gore.;45.092683;19.6052771;aktivan;Eparhija sremska;"OPŠTI PODACI: Manastir Vranjaš nalazi se u okviru Eparhije sremske i pripada korpusu značajnih pravoslavnih svetinja na prostoru Srbije. U evidenciji ovog projekta vezuje se za mesto ili šire područje Fruška gora. Manastir Vranjaš je svetinja Eparhije sremske, deo mreže manastira koji čuvaju duhovno nasleđe Fruške gore. Manastirski kompleks se po pravilu sastoji od crkve, porte i pratećih objekata namenjenih bogosluženju i svakodnevnom monaškom životu.ISTORIJA: Tačna godina osnivanja, kao i ime prvobitnog ktitora, za ovaj zapis zahtevaju dodatnu proveru u pouzdanim crkvenim i istoriografskim izvorima. Ipak, za manastire ovog tipa uobičajeno je da su kroz vekove prolazili kroz periode gradnje, obnavljanja, a ponegde i razaranja usled ratova, seoba i političkih previranja. Zato je važno da se u daljoj obradi za Manastir Vranjaš dopune podaci o vremenu nastanka, eventualnim obnovama i ličnostima koje su učestvovale u njegovom podizanju ili obnovi. U aplikaciji ova sekcija može služiti kao mesto za unošenje konkretnih godina izgradnje, obnavljanja i restauracije čim budu potvrđene.ARHITEKTURA: Arhitektonska vrednost manastira ogleda se u spoju crkvene gradnje, uređenja enterijera i prilagođenosti prostora bogoslužbenoj funkciji. Poseban značaj obično imaju oltarski prostor, ikonostas, eventualni živopis, kao i sklad između hrama i prirodnog okruženja. Ako su sačuvani podaci o starijim fazama gradnje, ovde se kasnije mogu navesti stilske odlike, tip osnove hrama i najvažnije umetničke karakteristike.DUHOVNI ŽIVOT: Manastir Vranjaš ima značaj kao mesto molitve, liturgijskog sabranja i očuvanja pravoslavne tradicije. Na velike praznike i manastirsku slavu ovakve svetinje okupljaju vernike, hodočasnike i posetioce koji dolaze radi molitve, mira i upoznavanja sa duhovnim nasleđem. Monaški ili parohijski život, u zavisnosti od statusa svetinje, doprinosi kontinuitetu bogosluženja i prenošenju predanja na mlađe naraštaje.ZNAČAJ: Manastir Vranjaš je važan deo crkvene, kulturne i istorijske mape Srbije. Njegov značaj nije samo verski, već i identitetski, jer svedoči o trajanju narodne pobožnosti, umetnosti i lokalnog pamćenja. Za potpuniji prikaz preporučuje se da se ovom zapisu naknadno dodaju provereni podaci o ktitoru, tačnoj godini nastanka, obnovama, poznatim svetinjama, freskama i drugim posebnostima vezanim baš za ovaj manastir.";;;manastiri.rs;Episkop Vasilije;2011;Podaci dopunjeni;osm-overpass-exact;sr:Манастир Врањаш;ok

vrdnik;Manastir Vrdnik (Mala Ravanica);Fruška gora;Irig;Manastir Vrdnik, poznat i kao Mala Ravanica, jedna je od najposećenijih svetinja Fruške gore. Manastir je posvećen Vaznesenju Gospodnjem.;45.1278;19.7944;aktivan;Eparhija sremska;"OPŠTI PODACI: Manastir Vrdnik (Mala Ravanica) nalazi se u okviru Eparhije sremske i pripada korpusu značajnih pravoslavnih svetinja na prostoru Srbije. U evidenciji ovog projekta vezuje se za mesto ili šire područje Vrdnik. Manastir Vrdnik, poznat i kao Mala Ravanica, jedna je od najposećenijih svetinja Fruške gore. Manastir je posvećen Vaznesenju Gospodnjem. Manastirski kompleks se po pravilu sastoji od crkve, porte i pratećih objekata namenjenih bogosluženju i svakodnevnom monaškom životu.ISTORIJA: Tačna godina osnivanja, kao i ime prvobitnog ktitora, za ovaj zapis zahtevaju dodatnu proveru u pouzdanim crkvenim i istoriografskim izvorima. Ipak, za manastire ovog tipa uobičajeno je da su kroz vekove prolazili kroz periode gradnje, obnavljanja, a ponegde i razaranja usled ratova, seoba i političkih previranja. Zato je važno da se u daljoj obradi za Manastir Vrdnik (Mala Ravanica) dopune podaci o vremenu nastanka, eventualnim obnovama i ličnostima koje su učestvovale u njegovom podizanju ili obnovi. U aplikaciji ova sekcija može služiti kao mesto za unošenje konkretnih godina izgradnje, obnavljanja i restauracije čim budu potvrđene.ARHITEKTURA: Arhitektonska vrednost manastira ogleda se u spoju crkvene gradnje, uređenja enterijera i prilagođenosti prostora bogoslužbenoj funkciji. Poseban značaj obično imaju oltarski prostor, ikonostas, eventualni živopis, kao i sklad između hrama i prirodnog okruženja. Ako su sačuvani podaci o starijim fazama gradnje, ovde se kasnije mogu navesti stilske odlike, tip osnove hrama i najvažnije umetničke karakteristike.DUHOVNI ŽIVOT: Manastir Vrdnik (Mala Ravanica) ima značaj kao mesto molitve, liturgijskog sabranja i očuvanja pravoslavne tradicije. Na velike praznike i manastirsku slavu ovakve svetinje okupljaju vernike, hodočasnike i posetioce koji dolaze radi molitve, mira i upoznavanja sa duhovnim nasleđem. Monaški ili parohijski život, u zavisnosti od statusa svetinje, doprinosi kontinuitetu bogosluženja i prenošenju predanja na mlađe naraštaje.ZNAČAJ: Manastir Vrdnik (Mala Ravanica) je važan deo crkvene, kulturne i istorijske mape Srbije. Njegov značaj nije samo verski, već i identitetski, jer svedoči o trajanju narodne pobožnosti, umetnosti i lokalnog pamćenja. Za potpuniji prikaz preporučuje se da se ovom zapisu naknadno dodaju provereni podaci o ktitoru, tačnoj godini nastanka, obnovama, poznatim svetinjama, freskama i drugim posebnostima vezanim baš za ovaj manastir.";;;manastiri.rs;Knez Lazar (predanje);1500;Podaci dopunjeni;dodato;;ok

sisatovac;Manastir Šišatovac;Fruška gora;Sremska Mitrovica;Manastir Šišatovac na južnim padinama Fruške gore osnovan je 1520. godine i posvećen je Rođenju Presvete Bogorodice.;45.1258741;19.5333658;aktivan;Eparhija sremska;"OPŠTI PODACI: Manastir Šišatovac nalazi se u okviru Eparhije sremske i pripada korpusu značajnih pravoslavnih svetinja na prostoru Srbije. U evidenciji ovog projekta vezuje se za mesto ili šire područje Fruška gora. Manastir Šišatovac na južnim padinama Fruške gore osnovan je 1520. godine i posvećen je Rođenju Presvete Bogorodice. Manastirski kompleks se po pravilu sastoji od crkve, porte i pratećih objekata namenjenih bogosluženju i svakodnevnom monaškom životu.ISTORIJA: Tačna godina osnivanja, kao i ime prvobitnog ktitora, za ovaj zapis zahtevaju dodatnu proveru u pouzdanim crkvenim i istoriografskim izvorima. Ipak, za manastire ovog tipa uobičajeno je da su kroz vekove prolazili kroz periode gradnje, obnavljanja, a ponegde i razaranja usled ratova, seoba i političkih previranja. Zato je važno da se u daljoj obradi za Manastir Šišatovac dopune podaci o vremenu nastanka, eventualnim obnovama i ličnostima koje su učestvovale u njegovom podizanju ili obnovi. U aplikaciji ova sekcija može služiti kao mesto za unošenje konkretnih godina izgradnje, obnavljanja i restauracije čim budu potvrđene.ARHITEKTURA: Arhitektonska vrednost manastira ogleda se u spoju crkvene gradnje, uređenja enterijera i prilagođenosti prostora bogoslužbenoj funkciji. Poseban značaj obično imaju oltarski prostor, ikonostas, eventualni živopis, kao i sklad između hrama i prirodnog okruženja. Ako su sačuvani podaci o starijim fazama gradnje, ovde se kasnije mogu navesti stilske odlike, tip osnove hrama i najvažnije umetničke karakteristike.DUHOVNI ŽIVOT: Manastir Šišatovac ima značaj kao mesto molitve, liturgijskog sabranja i očuvanja pravoslavne tradicije. Na velike praznike i manastirsku slavu ovakve svetinje okupljaju vernike, hodočasnike i posetioce koji dolaze radi molitve, mira i upoznavanja sa duhovnim nasleđem. Monaški ili parohijski život, u zavisnosti od statusa svetinje, doprinosi kontinuitetu bogosluženja i prenošenju predanja na mlađe naraštaje.ZNAČAJ: Manastir Šišatovac je važan deo crkvene, kulturne i istorijske mape Srbije. Njegov značaj nije samo verski, već i identitetski, jer svedoči o trajanju narodne pobožnosti, umetnosti i lokalnog pamćenja. Za potpuniji prikaz preporučuje se da se ovom zapisu naknadno dodaju provereni podaci o ktitoru, tačnoj godini nastanka, obnovama, poznatim svetinjama, freskama i drugim posebnostima vezanim baš za ovaj manastir.";;;manastiri.rs;Monasi manastira Žiča;1520;Podaci dopunjeni;nominatim-second-pass;Manastir Manastir Šišatovac, Srbija;ok

bukovo;Manastir Bukovo;Istočna Srbija;Negotin;Kratak pregled: Manastir Bukovo je poznata pravoslavna svetinja u oblasti Istočna Srbija.;44.2159649;22.4929037;aktivan;Eparhija timočka;"OPŠTI PODACI: Manastir Bukovo nalazi se u okviru Eparhije timočke i pripada korpusu značajnih pravoslavnih svetinja na prostoru Srbije. U evidenciji ovog projekta vezuje se za mesto ili šire područje Negotin. Kratak pregled: Manastir Bukovo je poznata pravoslavna svetinja u oblasti Istočna Srbija. Manastirski kompleks se po pravilu sastoji od crkve, porte i pratećih objekata namenjenih bogosluženju i svakodnevnom monaškom životu.ISTORIJA: Tačna godina osnivanja, kao i ime prvobitnog ktitora, za ovaj zapis zahtevaju dodatnu proveru u pouzdanim crkvenim i istoriografskim izvorima. Ipak, za manastire ovog tipa uobičajeno je da su kroz vekove prolazili kroz periode gradnje, obnavljanja, a ponegde i razaranja usled ratova, seoba i političkih previranja. Zato je važno da se u daljoj obradi za Manastir Bukovo dopune podaci o vremenu nastanka, eventualnim obnovama i ličnostima koje su učestvovale u njegovom podizanju ili obnovi. U aplikaciji ova sekcija može služiti kao mesto za unošenje konkretnih godina izgradnje, obnavljanja i restauracije čim budu potvrđene.ARHITEKTURA: Arhitektonska vrednost manastira ogleda se u spoju crkvene gradnje, uređenja enterijera i prilagođenosti prostora bogoslužbenoj funkciji. Poseban značaj obično imaju oltarski prostor, ikonostas, eventualni živopis, kao i sklad između hrama i prirodnog okruženja. Ako su sačuvani podaci o starijim fazama gradnje, ovde se kasnije mogu navesti stilske odlike, tip osnove hrama i najvažnije umetničke karakteristike.DUHOVNI ŽIVOT: Manastir Bukovo ima značaj kao mesto molitve, liturgijskog sabranja i očuvanja pravoslavne tradicije. Na velike praznike i manastirsku slavu ovakve svetinje okupljaju vernike, hodočasnike i posetioce koji dolaze radi molitve, mira i upoznavanja sa duhovnim nasleđem. Monaški ili parohijski život, u zavisnosti od statusa svetinje, doprinosi kontinuitetu bogosluženja i prenošenju predanja na mlađe naraštaje.ZNAČAJ: Manastir Bukovo je važan deo crkvene, kulturne i istorijske mape Srbije. Njegov značaj nije samo verski, već i identitetski, jer svedoči o trajanju narodne pobožnosti, umetnosti i lokalnog pamćenja. Za potpuniji prikaz preporučuje se da se ovom zapisu naknadno dodaju provereni podaci o ktitoru, tačnoj godini nastanka, obnovama, poznatim svetinjama, freskama i drugim posebnostima vezanim baš za ovaj manastir.";;;nepoznato;Kralj Milutin;1300;Podaci dopunjeni;nominatim-second-pass;Manastir Manastir Bukovo, Negotin, Srbija;ok

grliste;Manastir Grlište;Istočna Srbija;Zaječar;Manastir Grlište je pravoslavna svetinja u okviru Eparhije Timočka.;43.7319692;21.6221083;odobren;Eparhija timočka;"OPŠTI PODACI: Manastir Grlište nalazi se u okviru Eparhije timočke i pripada korpusu značajnih pravoslavnih svetinja na prostoru Srbije. U evidenciji ovog projekta vezuje se za mesto ili šire područje Istočna Srbija. Manastir Grlište je pravoslavna svetinja u okviru Eparhije Timočka. Manastirski kompleks se po pravilu sastoji od crkve, porte i pratećih objekata namenjenih bogosluženju i svakodnevnom monaškom životu.ISTORIJA: Tačna godina osnivanja, kao i ime prvobitnog ktitora, za ovaj zapis zahtevaju dodatnu proveru u pouzdanim crkvenim i istoriografskim izvorima. Ipak, za manastire ovog tipa uobičajeno je da su kroz vekove prolazili kroz periode gradnje, obnavljanja, a ponegde i razaranja usled ratova, seoba i političkih previranja. Zato je važno da se u daljoj obradi za Manastir Grlište dopune podaci o vremenu nastanka, eventualnim obnovama i ličnostima koje su učestvovale u njegovom podizanju ili obnovi. U aplikaciji ova sekcija može služiti kao mesto za unošenje konkretnih godina izgradnje, obnavljanja i restauracije čim budu potvrđene.ARHITEKTURA: Arhitektonska vrednost manastira ogleda se u spoju crkvene gradnje, uređenja enterijera i prilagođenosti prostora bogoslužbenoj funkciji. Poseban značaj obično imaju oltarski prostor, ikonostas, eventualni živopis, kao i sklad između hrama i prirodnog okruženja. Ako su sačuvani podaci o starijim fazama gradnje, ovde se kasnije mogu navesti stilske odlike, tip osnove hrama i najvažnije umetničke karakteristike.DUHOVNI ŽIVOT: Manastir Grlište ima značaj kao mesto molitve, liturgijskog sabranja i očuvanja pravoslavne tradicije. Na velike praznike i manastirsku slavu ovakve svetinje okupljaju vernike, hodočasnike i posetioce koji dolaze radi molitve, mira i upoznavanja sa duhovnim nasleđem. Monaški ili parohijski život, u zavisnosti od statusa svetinje, doprinosi kontinuitetu bogosluženja i prenošenju predanja na mlađe naraštaje.ZNAČAJ: Manastir Grlište je važan deo crkvene, kulturne i istorijske mape Srbije. Njegov značaj nije samo verski, već i identitetski, jer svedoči o trajanju narodne pobožnosti, umetnosti i lokalnog pamćenja. Za potpuniji prikaz preporučuje se da se ovom zapisu naknadno dodaju provereni podaci o ktitoru, tačnoj godini nastanka, obnovama, poznatim svetinjama, freskama i drugim posebnostima vezanim baš za ovaj manastir.";;https://manastiri.rs/eparhije/timocka/manastir-grliste/;manastiri.rs;Nepoznat;1300;Podaci dopunjeni;manastiri.rs->google-maps;https://www.google.com/maps/place/%D0%93%D1%80%D0%B0%D0%B1%D0%BE%D0%B2%D1%81%D0%BA%D0%B8+%D0%BC%D0%B0%D0%BD%D0%B0%D1%81%D1%82%D0%B8%D1%80+%D1%81%D0%B2%D0%B5%D1%82%D0%B8%D1%85+%D0%B0%D0%BF%D0%BE%D1%81%D1%82%D0%BE%D0%BB%D0%B0+%D0%9F%D0%B5%D1%82%D1%80%D0%B0+%D0%B8+%D0%9F%D0%B0%D0%B2%D0%BB%D0%B0/@43.7319692,21.6221083,17z/data=!3m1!4b1!4m6!3m5!1s0x47569ddc697bbcb9:0x1ca3859bb032b8f9!8m2!3d43.7319692!4d21.6221083!16s%2Fg%2F1hm4sg9d0?sa=X&ved=1t:2428&ictx=111&entry=tts&g_ep=EgoyMDI1MDIyNi4xIPu8ASoASAFQAw%3D%3D;ok

jermencic;Manastir Jermenčić;Jugoistočna Srbija;Sokobanja;Kratak pregled: Manastir Jermenčić je poznata pravoslavna svetinja u oblasti Jugoistočna Srbija.;43.6190792;21.831891;aktivan;Eparhija timočka;"OPŠTI PODACI: Manastir Jermenčić nalazi se u okviru Eparhije timočke i pripada korpusu značajnih pravoslavnih svetinja na prostoru Srbije. U evidenciji ovog projekta vezuje se za mesto ili šire područje Sokobanja. Kratak pregled: Manastir Jermenčić je poznata pravoslavna svetinja u oblasti Jugoistočna Srbija. Manastirski kompleks se po pravilu sastoji od crkve, porte i pratećih objekata namenjenih bogosluženju i svakodnevnom monaškom životu.ISTORIJA: Tačna godina osnivanja, kao i ime prvobitnog ktitora, za ovaj zapis zahtevaju dodatnu proveru u pouzdanim crkvenim i istoriografskim izvorima. Ipak, za manastire ovog tipa uobičajeno je da su kroz vekove prolazili kroz periode gradnje, obnavljanja, a ponegde i razaranja usled ratova, seoba i političkih previranja. Zato je važno da se u daljoj obradi za Manastir Jermenčić dopune podaci o vremenu nastanka, eventualnim obnovama i ličnostima koje su učestvovale u njegovom podizanju ili obnovi. U aplikaciji ova sekcija može služiti kao mesto za unošenje konkretnih godina izgradnje, obnavljanja i restauracije čim budu potvrđene.ARHITEKTURA: Arhitektonska vrednost manastira ogleda se u spoju crkvene gradnje, uređenja enterijera i prilagođenosti prostora bogoslužbenoj funkciji. Poseban značaj obično imaju oltarski prostor, ikonostas, eventualni živopis, kao i sklad između hrama i prirodnog okruženja. Ako su sačuvani podaci o starijim fazama gradnje, ovde se kasnije mogu navesti stilske odlike, tip osnove hrama i najvažnije umetničke karakteristike.DUHOVNI ŽIVOT: Manastir Jermenčić ima značaj kao mesto molitve, liturgijskog sabranja i očuvanja pravoslavne tradicije. Na velike praznike i manastirsku slavu ovakve svetinje okupljaju vernike, hodočasnike i posetioce koji dolaze radi molitve, mira i upoznavanja sa duhovnim nasleđem. Monaški ili parohijski život, u zavisnosti od statusa svetinje, doprinosi kontinuitetu bogosluženja i prenošenju predanja na mlađe naraštaje.ZNAČAJ: Manastir Jermenčić je važan deo crkvene, kulturne i istorijske mape Srbije. Njegov značaj nije samo verski, već i identitetski, jer svedoči o trajanju narodne pobožnosti, umetnosti i lokalnog pamćenja. Za potpuniji prikaz preporučuje se da se ovom zapisu naknadno dodaju provereni podaci o ktitoru, tačnoj godini nastanka, obnovama, poznatim svetinjama, freskama i drugim posebnostima vezanim baš za ovaj manastir.";;;nepoznato;Jermenski vojnici;1392;Podaci dopunjeni;nominatim-second-pass;Manastir Manastir Jermenčić, Sokobanja, Srbija;ok

koroglas;Manastir Koroglaš;Istočna Srbija;Negotin;Manastir Koroglaš je pravoslavna svetinja u okviru Eparhije Timočka.;44.2690269;22.5210343;odobren;Eparhija timočka;"OPŠTI PODACI: Manastir Koroglaš nalazi se u okviru Eparhije timočke i pripada korpusu značajnih pravoslavnih svetinja na prostoru Srbije. U evidenciji ovog projekta vezuje se za mesto ili šire područje Istočna Srbija. Manastir Koroglaš je pravoslavna svetinja u okviru Eparhije Timočka. Manastirski kompleks se po pravilu sastoji od crkve, porte i pratećih objekata namenjenih bogosluženju i svakodnevnom monaškom životu.ISTORIJA: Tačna godina osnivanja, kao i ime prvobitnog ktitora, za ovaj zapis zahtevaju dodatnu proveru u pouzdanim crkvenim i istoriografskim izvorima. Ipak, za manastire ovog tipa uobičajeno je da su kroz vekove prolazili kroz periode gradnje, obnavljanja, a ponegde i razaranja usled ratova, seoba i političkih previranja. Zato je važno da se u daljoj obradi za Manastir Koroglaš dopune podaci o vremenu nastanka, eventualnim obnovama i ličnostima koje su učestvovale u njegovom podizanju ili obnovi. U aplikaciji ova sekcija može služiti kao mesto za unošenje konkretnih godina izgradnje, obnavljanja i restauracije čim budu potvrđene.ARHITEKTURA: Arhitektonska vrednost manastira ogleda se u spoju crkvene gradnje, uređenja enterijera i prilagođenosti prostora bogoslužbenoj funkciji. Poseban značaj obično imaju oltarski prostor, ikonostas, eventualni živopis, kao i sklad između hrama i prirodnog okruženja. Ako su sačuvani podaci o starijim fazama gradnje, ovde se kasnije mogu navesti stilske odlike, tip osnove hrama i najvažnije umetničke karakteristike.DUHOVNI ŽIVOT: Manastir Koroglaš ima značaj kao mesto molitve, liturgijskog sabranja i očuvanja pravoslavne tradicije. Na velike praznike i manastirsku slavu ovakve svetinje okupljaju vernike, hodočasnike i posetioce koji dolaze radi molitve, mira i upoznavanja sa duhovnim nasleđem. Monaški ili parohijski život, u zavisnosti od statusa svetinje, doprinosi kontinuitetu bogosluženja i prenošenju predanja na mlađe naraštaje.ZNAČAJ: Manastir Koroglaš je važan deo crkvene, kulturne i istorijske mape Srbije. Njegov značaj nije samo verski, već i identitetski, jer svedoči o trajanju narodne pobožnosti, umetnosti i lokalnog pamćenja. Za potpuniji prikaz preporučuje se da se ovom zapisu naknadno dodaju provereni podaci o ktitoru, tačnoj godini nastanka, obnovama, poznatim svetinjama, freskama i drugim posebnostima vezanim baš za ovaj manastir.";;https://manastiri.rs/eparhije/timocka/manastir-koroglas/;manastiri.rs;Car Dušan (predanje);1350;Podaci dopunjeni;manastiri.rs->google-maps;https://www.google.com/maps/place/Korogla%C5%A1+Monastery/@44.2690269,22.5210343,17z/data=!3m1!4b1!4m6!3m5!1s0x4753c042043f156d:0xfd3edd252dd4531a!8m2!3d44.2690269!4d22.5210343!16s%2Fm%2F0b6fkbx?entry=tts&g_ep=EgoyMDI1MDIyNi4xIPu8ASoASAFQAw%3D%3D;ok

krepicevac;Manastir Krepičevac;Šumadija;Boljevac;Kratak pregled: Manastir Krepičevac je poznata pravoslavna svetinja u oblasti Šumadija.;43.8536438;21.8506026;aktivan;Eparhija timočka;"OPŠTI PODACI: Manastir Krepičevac nalazi se u okviru Eparhije timočke i pripada korpusu značajnih pravoslavnih svetinja na prostoru Srbije. U evidenciji ovog projekta vezuje se za mesto ili šire područje Aranđelovac. Kratak pregled: Manastir Krepičevac je poznata pravoslavna svetinja u oblasti Šumadija. Manastirski kompleks se po pravilu sastoji od crkve, porte i pratećih objekata namenjenih bogosluženju i svakodnevnom monaškom životu.ISTORIJA: Tačna godina osnivanja, kao i ime prvobitnog ktitora, za ovaj zapis zahtevaju dodatnu proveru u pouzdanim crkvenim i istoriografskim izvorima. Ipak, za manastire ovog tipa uobičajeno je da su kroz vekove prolazili kroz periode gradnje, obnavljanja, a ponegde i razaranja usled ratova, seoba i političkih previranja. Zato je važno da se u daljoj obradi za Manastir Krepičevac dopune podaci o vremenu nastanka, eventualnim obnovama i ličnostima koje su učestvovale u njegovom podizanju ili obnovi. U aplikaciji ova sekcija može služiti kao mesto za unošenje konkretnih godina izgradnje, obnavljanja i restauracije čim budu potvrđene.ARHITEKTURA: Arhitektonska vrednost manastira ogleda se u spoju crkvene gradnje, uređenja enterijera i prilagođenosti prostora bogoslužbenoj funkciji. Poseban značaj obično imaju oltarski prostor, ikonostas, eventualni živopis, kao i sklad između hrama i prirodnog okruženja. Ako su sačuvani podaci o starijim fazama gradnje, ovde se kasnije mogu navesti stilske odlike, tip osnove hrama i najvažnije umetničke karakteristike.DUHOVNI ŽIVOT: Manastir Krepičevac ima značaj kao mesto molitve, liturgijskog sabranja i očuvanja pravoslavne tradicije. Na velike praznike i manastirsku slavu ovakve svetinje okupljaju vernike, hodočasnike i posetioce koji dolaze radi molitve, mira i upoznavanja sa duhovnim nasleđem. Monaški ili parohijski život, u zavisnosti od statusa svetinje, doprinosi kontinuitetu bogosluženja i prenošenju predanja na mlađe naraštaje.ZNAČAJ: Manastir Krepičevac je važan deo crkvene, kulturne i istorijske mape Srbije. Njegov značaj nije samo verski, već i identitetski, jer svedoči o trajanju narodne pobožnosti, umetnosti i lokalnog pamćenja. Za potpuniji prikaz preporučuje se da se ovom zapisu naknadno dodaju provereni podaci o ktitoru, tačnoj godini nastanka, obnovama, poznatim svetinjama, freskama i drugim posebnostima vezanim baš za ovaj manastir.";;;nepoznato;Župan Georgije;1500;Podaci dopunjeni;nominatim-second-pass;Manastir Manastir Krepičevac, Srbija;ok

lapusnja;Manastir Lapušnja;Istočna Srbija;Boljevac;Manastir Lapušnja je pravoslavna svetinja u okviru Eparhije Timočka.;43.7885079;21.7866412;odobren;Eparhija timočka;"OPŠTI PODACI: Manastir Lapušnja nalazi se u okviru Eparhije timočke i pripada korpusu značajnih pravoslavnih svetinja na prostoru Srbije. U evidenciji ovog projekta vezuje se za mesto ili šire područje Istočna Srbija. Manastir Lapušnja je pravoslavna svetinja u okviru Eparhije Timočka. Manastirski kompleks se po pravilu sastoji od crkve, porte i pratećih objekata namenjenih bogosluženju i svakodnevnom monaškom životu.ISTORIJA: Tačna godina osnivanja, kao i ime prvobitnog ktitora, za ovaj zapis zahtevaju dodatnu proveru u pouzdanim crkvenim i istoriografskim izvorima. Ipak, za manastire ovog tipa uobičajeno je da su kroz vekove prolazili kroz periode gradnje, obnavljanja, a ponegde i razaranja usled ratova, seoba i političkih previranja. Zato je važno da se u daljoj obradi za Manastir Lapušnja dopune podaci o vremenu nastanka, eventualnim obnovama i ličnostima koje su učestvovale u njegovom podizanju ili obnovi. U aplikaciji ova sekcija može služiti kao mesto za unošenje konkretnih godina izgradnje, obnavljanja i restauracije čim budu potvrđene.ARHITEKTURA: Arhitektonska vrednost manastira ogleda se u spoju crkvene gradnje, uređenja enterijera i prilagođenosti prostora bogoslužbenoj funkciji. Poseban značaj obično imaju oltarski prostor, ikonostas, eventualni živopis, kao i sklad između hrama i prirodnog okruženja. Ako su sačuvani podaci o starijim fazama gradnje, ovde se kasnije mogu navesti stilske odlike, tip osnove hrama i najvažnije umetničke karakteristike.DUHOVNI ŽIVOT: Manastir Lapušnja ima značaj kao mesto molitve, liturgijskog sabranja i očuvanja pravoslavne tradicije. Na velike praznike i manastirsku slavu ovakve svetinje okupljaju vernike, hodočasnike i posetioce koji dolaze radi molitve, mira i upoznavanja sa duhovnim nasleđem. Monaški ili parohijski život, u zavisnosti od statusa svetinje, doprinosi kontinuitetu bogosluženja i prenošenju predanja na mlađe naraštaje.ZNAČAJ: Manastir Lapušnja je važan deo crkvene, kulturne i istorijske mape Srbije. Njegov značaj nije samo verski, već i identitetski, jer svedoči o trajanju narodne pobožnosti, umetnosti i lokalnog pamćenja. Za potpuniji prikaz preporučuje se da se ovom zapisu naknadno dodaju provereni podaci o ktitoru, tačnoj godini nastanka, obnovama, poznatim svetinjama, freskama i drugim posebnostima vezanim baš za ovaj manastir.";;https://manastiri.rs/eparhije/timocka/manastir-lapusnja/;manastiri.rs;Vojvoda Jovan Radul;1501;Podaci dopunjeni;osm-overpass-exact;sr:Манастир Лапушња;ok

lozica;Manastir Lozica;Istočna Srbija;Zaječar;Manastir Lozica je pravoslavna svetinja u okviru Eparhije Timočka.;43.7952858;21.7604176;odobren;Eparhija timočka;"OPŠTI PODACI: Manastir Lozica nalazi se u okviru Eparhije timočke i pripada korpusu značajnih pravoslavnih svetinja na prostoru Srbije. U evidenciji ovog projekta vezuje se za mesto ili šire područje Istočna Srbija. Manastir Lozica je pravoslavna svetinja u okviru Eparhije Timočka. Manastirski kompleks se po pravilu sastoji od crkve, porte i pratećih objekata namenjenih bogosluženju i svakodnevnom monaškom životu.ISTORIJA: Tačna godina osnivanja, kao i ime prvobitnog ktitora, za ovaj zapis zahtevaju dodatnu proveru u pouzdanim crkvenim i istoriografskim izvorima. Ipak, za manastire ovog tipa uobičajeno je da su kroz vekove prolazili kroz periode gradnje, obnavljanja, a ponegde i razaranja usled ratova, seoba i političkih previranja. Zato je važno da se u daljoj obradi za Manastir Lozica dopune podaci o vremenu nastanka, eventualnim obnovama i ličnostima koje su učestvovale u njegovom podizanju ili obnovi. U aplikaciji ova sekcija može služiti kao mesto za unošenje konkretnih godina izgradnje, obnavljanja i restauracije čim budu potvrđene.ARHITEKTURA: Arhitektonska vrednost manastira ogleda se u spoju crkvene gradnje, uređenja enterijera i prilagođenosti prostora bogoslužbenoj funkciji. Poseban značaj obično imaju oltarski prostor, ikonostas, eventualni živopis, kao i sklad između hrama i prirodnog okruženja. Ako su sačuvani podaci o starijim fazama gradnje, ovde se kasnije mogu navesti stilske odlike, tip osnove hrama i najvažnije umetničke karakteristike.DUHOVNI ŽIVOT: Manastir Lozica ima značaj kao mesto molitve, liturgijskog sabranja i očuvanja pravoslavne tradicije. Na velike praznike i manastirsku slavu ovakve svetinje okupljaju vernike, hodočasnike i posetioce koji dolaze radi molitve, mira i upoznavanja sa duhovnim nasleđem. Monaški ili parohijski život, u zavisnosti od statusa svetinje, doprinosi kontinuitetu bogosluženja i prenošenju predanja na mlađe naraštaje.ZNAČAJ: Manastir Lozica je važan deo crkvene, kulturne i istorijske mape Srbije. Njegov značaj nije samo verski, već i identitetski, jer svedoči o trajanju narodne pobožnosti, umetnosti i lokalnog pamćenja. Za potpuniji prikaz preporučuje se da se ovom zapisu naknadno dodaju provereni podaci o ktitoru, tačnoj godini nastanka, obnovama, poznatim svetinjama, freskama i drugim posebnostima vezanim baš za ovaj manastir.";;https://manastiri.rs/eparhije/timocka/manastir-lozica/;manastiri.rs;Nepoznat;1300;Podaci dopunjeni;osm-overpass-exact;https://www.google.com/maps?q=43.7952858,21.7604176;ok

manastirica;Manastir Manastirica;Istočna Srbija;Kladovo;Manastir Manastirica je pravoslavna svetinja u okviru Eparhije Timočka.;44.6245669;22.4920534;odobren;Eparhija timočka;"OPŠTI PODACI: Manastir Manastirica nalazi se u okviru Eparhije timočke i pripada korpusu značajnih pravoslavnih svetinja na prostoru Srbije. U evidenciji ovog projekta vezuje se za mesto ili šire područje Istočna Srbija. Manastir Manastirica je pravoslavna svetinja u okviru Eparhije Timočka. Manastirski kompleks se po pravilu sastoji od crkve, porte i pratećih objekata namenjenih bogosluženju i svakodnevnom monaškom životu.ISTORIJA: Tačna godina osnivanja, kao i ime prvobitnog ktitora, za ovaj zapis zahtevaju dodatnu proveru u pouzdanim crkvenim i istoriografskim izvorima. Ipak, za manastire ovog tipa uobičajeno je da su kroz vekove prolazili kroz periode gradnje, obnavljanja, a ponegde i razaranja usled ratova, seoba i političkih previranja. Zato je važno da se u daljoj obradi za Manastir Manastirica dopune podaci o vremenu nastanka, eventualnim obnovama i ličnostima koje su učestvovale u njegovom podizanju ili obnovi. U aplikaciji ova sekcija može služiti kao mesto za unošenje konkretnih godina izgradnje, obnavljanja i restauracije čim budu potvrđene.ARHITEKTURA: Arhitektonska vrednost manastira ogleda se u spoju crkvene gradnje, uređenja enterijera i prilagođenosti prostora bogoslužbenoj funkciji. Poseban značaj obično imaju oltarski prostor, ikonostas, eventualni živopis, kao i sklad između hrama i prirodnog okruženja. Ako su sačuvani podaci o starijim fazama gradnje, ovde se kasnije mogu navesti stilske odlike, tip osnove hrama i najvažnije umetničke karakteristike.DUHOVNI ŽIVOT: Manastir Manastirica ima značaj kao mesto molitve, liturgijskog sabranja i očuvanja pravoslavne tradicije. Na velike praznike i manastirsku slavu ovakve svetinje okupljaju vernike, hodočasnike i posetioce koji dolaze radi molitve, mira i upoznavanja sa duhovnim nasleđem. Monaški ili parohijski život, u zavisnosti od statusa svetinje, doprinosi kontinuitetu bogosluženja i prenošenju predanja na mlađe naraštaje.ZNAČAJ: Manastir Manastirica je važan deo crkvene, kulturne i istorijske mape Srbije. Njegov značaj nije samo verski, već i identitetski, jer svedoči o trajanju narodne pobožnosti, umetnosti i lokalnog pamćenja. Za potpuniji prikaz preporučuje se da se ovom zapisu naknadno dodaju provereni podaci o ktitoru, tačnoj godini nastanka, obnovama, poznatim svetinjama, freskama i drugim posebnostima vezanim baš za ovaj manastir.";;https://manastiri.rs/eparhije/timocka/manastir-manastirica/;manastiri.rs;Sveti Nikodim Tismanski;1300;Podaci dopunjeni;osm-overpass-exact;sr:Манастир Манастирица;ok

suvodol;Manastir Suvodol;Istočna Srbija;Zaječar;Kratak pregled: Manastir Suvodol je poznata pravoslavna svetinja u oblasti Istočna Srbija.;43.6998935;22.352697;aktivan;Eparhija timočka;"OPŠTI PODACI: Manastir Suvodol nalazi se u okviru Eparhije timočke i pripada korpusu značajnih pravoslavnih svetinja na prostoru Srbije. U evidenciji ovog projekta vezuje se za mesto ili šire područje Bor. Kratak pregled: Manastir Suvodol je poznata pravoslavna svetinja u oblasti Istočna Srbija. Manastirski kompleks se po pravilu sastoji od crkve, porte i pratećih objekata namenjenih bogosluženju i svakodnevnom monaškom životu.ISTORIJA: Tačna godina osnivanja, kao i ime prvobitnog ktitora, za ovaj zapis zahtevaju dodatnu proveru u pouzdanim crkvenim i istoriografskim izvorima. Ipak, za manastire ovog tipa uobičajeno je da su kroz vekove prolazili kroz periode gradnje, obnavljanja, a ponegde i razaranja usled ratova, seoba i političkih previranja. Zato je važno da se u daljoj obradi za Manastir Suvodol dopune podaci o vremenu nastanka, eventualnim obnovama i ličnostima koje su učestvovale u njegovom podizanju ili obnovi. U aplikaciji ova sekcija može služiti kao mesto za unošenje konkretnih godina izgradnje, obnavljanja i restauracije čim budu potvrđene.ARHITEKTURA: Arhitektonska vrednost manastira ogleda se u spoju crkvene gradnje, uređenja enterijera i prilagođenosti prostora bogoslužbenoj funkciji. Poseban značaj obično imaju oltarski prostor, ikonostas, eventualni živopis, kao i sklad između hrama i prirodnog okruženja. Ako su sačuvani podaci o starijim fazama gradnje, ovde se kasnije mogu navesti stilske odlike, tip osnove hrama i najvažnije umetničke karakteristike.DUHOVNI ŽIVOT: Manastir Suvodol ima značaj kao mesto molitve, liturgijskog sabranja i očuvanja pravoslavne tradicije. Na velike praznike i manastirsku slavu ovakve svetinje okupljaju vernike, hodočasnike i posetioce koji dolaze radi molitve, mira i upoznavanja sa duhovnim nasleđem. Monaški ili parohijski život, u zavisnosti od statusa svetinje, doprinosi kontinuitetu bogosluženja i prenošenju predanja na mlađe naraštaje.ZNAČAJ: Manastir Suvodol je važan deo crkvene, kulturne i istorijske mape Srbije. Njegov značaj nije samo verski, već i identitetski, jer svedoči o trajanju narodne pobožnosti, umetnosti i lokalnog pamćenja. Za potpuniji prikaz preporučuje se da se ovom zapisu naknadno dodaju provereni podaci o ktitoru, tačnoj godini nastanka, obnovama, poznatim svetinjama, freskama i drugim posebnostima vezanim baš za ovaj manastir.";;;nepoznato;Knez Lazar;1000;Podaci dopunjeni;nominatim-second-pass;Manastir Manastir Suvodol, Srbija;ok

vratna;Manastir Vratna;Istočna Srbija;Negotin;Kratak pregled: Manastir Vratna je poznata pravoslavna svetinja u oblasti Istočna Srbija.;44.3823983;22.3401888;aktivan;Eparhija timočka;"OPŠTI PODACI: Manastir Vratna nalazi se u okviru Eparhije timočke i pripada korpusu značajnih pravoslavnih svetinja na prostoru Srbije. U evidenciji ovog projekta vezuje se za mesto ili šire područje Negotin. Kratak pregled: Manastir Vratna je poznata pravoslavna svetinja u oblasti Istočna Srbija. Manastirski kompleks se po pravilu sastoji od crkve, porte i pratećih objekata namenjenih bogosluženju i svakodnevnom monaškom životu.ISTORIJA: Tačna godina osnivanja, kao i ime prvobitnog ktitora, za ovaj zapis zahtevaju dodatnu proveru u pouzdanim crkvenim i istoriografskim izvorima. Ipak, za manastire ovog tipa uobičajeno je da su kroz vekove prolazili kroz periode gradnje, obnavljanja, a ponegde i razaranja usled ratova, seoba i političkih previranja. Zato je važno da se u daljoj obradi za Manastir Vratna dopune podaci o vremenu nastanka, eventualnim obnovama i ličnostima koje su učestvovale u njegovom podizanju ili obnovi. U aplikaciji ova sekcija može služiti kao mesto za unošenje konkretnih godina izgradnje, obnavljanja i restauracije čim budu potvrđene.ARHITEKTURA: Arhitektonska vrednost manastira ogleda se u spoju crkvene gradnje, uređenja enterijera i prilagođenosti prostora bogoslužbenoj funkciji. Poseban značaj obično imaju oltarski prostor, ikonostas, eventualni živopis, kao i sklad između hrama i prirodnog okruženja. Ako su sačuvani podaci o starijim fazama gradnje, ovde se kasnije mogu navesti stilske odlike, tip osnove hrama i najvažnije umetničke karakteristike.DUHOVNI ŽIVOT: Manastir Vratna ima značaj kao mesto molitve, liturgijskog sabranja i očuvanja pravoslavne tradicije. Na velike praznike i manastirsku slavu ovakve svetinje okupljaju vernike, hodočasnike i posetioce koji dolaze radi molitve, mira i upoznavanja sa duhovnim nasleđem. Monaški ili parohijski život, u zavisnosti od statusa svetinje, doprinosi kontinuitetu bogosluženja i prenošenju predanja na mlađe naraštaje.ZNAČAJ: Manastir Vratna je važan deo crkvene, kulturne i istorijske mape Srbije. Njegov značaj nije samo verski, već i identitetski, jer svedoči o trajanju narodne pobožnosti, umetnosti i lokalnog pamćenja. Za potpuniji prikaz preporučuje se da se ovom zapisu naknadno dodaju provereni podaci o ktitoru, tačnoj godini nastanka, obnovama, poznatim svetinjama, freskama i drugim posebnostima vezanim baš za ovaj manastir.";;;nepoznato;Sveti Nikodim Tismanski;1300;Podaci dopunjeni;nominatim-second-pass;Manastir Manastir Vratna, Negotin, Srbija;ok

bogovadja;Manastir Bogovađa;Kolubara;Lajkovac;Kratak pregled: Manastir Bogovađa je poznata pravoslavna svetinja u oblasti Kolubara.;44.3229679;20.1810221;aktivan;Eparhija valjevska;"OPŠTI PODACI: Manastir Bogovađa nalazi se u okviru Eparhije valjevske i pripada korpusu značajnih pravoslavnih svetinja na prostoru Srbije. U evidenciji ovog projekta vezuje se za mesto ili šire područje Lajkovac. Kratak pregled: Manastir Bogovađa je poznata pravoslavna svetinja u oblasti Kolubara. Manastirski kompleks se po pravilu sastoji od crkve, porte i pratećih objekata namenjenih bogosluženju i svakodnevnom monaškom životu.ISTORIJA: Tačna godina osnivanja, kao i ime prvobitnog ktitora, za ovaj zapis zahtevaju dodatnu proveru u pouzdanim crkvenim i istoriografskim izvorima. Ipak, za manastire ovog tipa uobičajeno je da su kroz vekove prolazili kroz periode gradnje, obnavljanja, a ponegde i razaranja usled ratova, seoba i političkih previranja. Zato je važno da se u daljoj obradi za Manastir Bogovađa dopune podaci o vremenu nastanka, eventualnim obnovama i ličnostima koje su učestvovale u njegovom podizanju ili obnovi. U aplikaciji ova sekcija može služiti kao mesto za unošenje konkretnih godina izgradnje, obnavljanja i restauracije čim budu potvrđene.ARHITEKTURA: Arhitektonska vrednost manastira ogleda se u spoju crkvene gradnje, uređenja enterijera i prilagođenosti prostora bogoslužbenoj funkciji. Poseban značaj obično imaju oltarski prostor, ikonostas, eventualni živopis, kao i sklad između hrama i prirodnog okruženja. Ako su sačuvani podaci o starijim fazama gradnje, ovde se kasnije mogu navesti stilske odlike, tip osnove hrama i najvažnije umetničke karakteristike.DUHOVNI ŽIVOT: Manastir Bogovađa ima značaj kao mesto molitve, liturgijskog sabranja i očuvanja pravoslavne tradicije. Na velike praznike i manastirsku slavu ovakve svetinje okupljaju vernike, hodočasnike i posetioce koji dolaze radi molitve, mira i upoznavanja sa duhovnim nasleđem. Monaški ili parohijski život, u zavisnosti od statusa svetinje, doprinosi kontinuitetu bogosluženja i prenošenju predanja na mlađe naraštaje.ZNAČAJ: Manastir Bogovađa je važan deo crkvene, kulturne i istorijske mape Srbije. Njegov značaj nije samo verski, već i identitetski, jer svedoči o trajanju narodne pobožnosti, umetnosti i lokalnog pamćenja. Za potpuniji prikaz preporučuje se da se ovom zapisu naknadno dodaju provereni podaci o ktitoru, tačnoj godini nastanka, obnovama, poznatim svetinjama, freskama i drugim posebnostima vezanim baš za ovaj manastir.";;;nepoznato;Despot Stefan Lazarević;1400;Podaci dopunjeni;nominatim-second-pass;Manastir Manastir Bogovađa, Lajkovac, Srbija;ok

dokmir;Manastir Dokmir;Zapadna Srbija;Ub;Manastir Dokmir je pravoslavna svetinja u okviru Eparhije Valjevska.;44.4005441;19.9477127;odobren;Eparhija valjevska;"OPŠTI PODACI: Manastir Dokmir nalazi se u okviru Eparhije valjevske i pripada korpusu značajnih pravoslavnih svetinja na prostoru Srbije. U evidenciji ovog projekta vezuje se za mesto ili šire područje Zapadna Srbija. Manastir Dokmir je pravoslavna svetinja u okviru Eparhije Valjevska. Manastirski kompleks se po pravilu sastoji od crkve, porte i pratećih objekata namenjenih bogosluženju i svakodnevnom monaškom životu.ISTORIJA: Tačna godina osnivanja, kao i ime prvobitnog ktitora, za ovaj zapis zahtevaju dodatnu proveru u pouzdanim crkvenim i istoriografskim izvorima. Ipak, za manastire ovog tipa uobičajeno je da su kroz vekove prolazili kroz periode gradnje, obnavljanja, a ponegde i razaranja usled ratova, seoba i političkih previranja. Zato je važno da se u daljoj obradi za Manastir Dokmir dopune podaci o vremenu nastanka, eventualnim obnovama i ličnostima koje su učestvovale u njegovom podizanju ili obnovi. U aplikaciji ova sekcija može služiti kao mesto za unošenje konkretnih godina izgradnje, obnavljanja i restauracije čim budu potvrđene.ARHITEKTURA: Arhitektonska vrednost manastira ogleda se u spoju crkvene gradnje, uređenja enterijera i prilagođenosti prostora bogoslužbenoj funkciji. Poseban značaj obično imaju oltarski prostor, ikonostas, eventualni živopis, kao i sklad između hrama i prirodnog okruženja. Ako su sačuvani podaci o starijim fazama gradnje, ovde se kasnije mogu navesti stilske odlike, tip osnove hrama i najvažnije umetničke karakteristike.DUHOVNI ŽIVOT: Manastir Dokmir ima značaj kao mesto molitve, liturgijskog sabranja i očuvanja pravoslavne tradicije. Na velike praznike i manastirsku slavu ovakve svetinje okupljaju vernike, hodočasnike i posetioce koji dolaze radi molitve, mira i upoznavanja sa duhovnim nasleđem. Monaški ili parohijski život, u zavisnosti od statusa svetinje, doprinosi kontinuitetu bogosluženja i prenošenju predanja na mlađe naraštaje.ZNAČAJ: Manastir Dokmir je važan deo crkvene, kulturne i istorijske mape Srbije. Njegov značaj nije samo verski, već i identitetski, jer svedoči o trajanju narodne pobožnosti, umetnosti i lokalnog pamćenja. Za potpuniji prikaz preporučuje se da se ovom zapisu naknadno dodaju provereni podaci o ktitoru, tačnoj godini nastanka, obnovama, poznatim svetinjama, freskama i drugim posebnostima vezanim baš za ovaj manastir.";;https://manastiri.rs/eparhije/valjevska/manastir-dokmir/;manastiri.rs;Nepoznat;1300;Podaci dopunjeni;osm-overpass-exact;sr:Манастир Докмир;ok

grabovac;Manastir Grabovac;Zapadna Srbija;Obrenovac;Manastir Grabovac je pravoslavna svetinja u okviru Eparhije Valjevska.;44.6017438;20.1059116;odobren;Eparhija valjevska;"OPŠTI PODACI: Manastir Grabovac nalazi se u okviru Eparhije valjevske i pripada korpusu značajnih pravoslavnih svetinja na prostoru Srbije. U evidenciji ovog projekta vezuje se za mesto ili šire područje Zapadna Srbija. Manastir Grabovac je pravoslavna svetinja u okviru Eparhije Valjevska. Manastirski kompleks se po pravilu sastoji od crkve, porte i pratećih objekata namenjenih bogosluženju i svakodnevnom monaškom životu.ISTORIJA: Tačna godina osnivanja, kao i ime prvobitnog ktitora, za ovaj zapis zahtevaju dodatnu proveru u pouzdanim crkvenim i istoriografskim izvorima. Ipak, za manastire ovog tipa uobičajeno je da su kroz vekove prolazili kroz periode gradnje, obnavljanja, a ponegde i razaranja usled ratova, seoba i političkih previranja. Zato je važno da se u daljoj obradi za Manastir Grabovac dopune podaci o vremenu nastanka, eventualnim obnovama i ličnostima koje su učestvovale u njegovom podizanju ili obnovi. U aplikaciji ova sekcija može služiti kao mesto za unošenje konkretnih godina izgradnje, obnavljanja i restauracije čim budu potvrđene.ARHITEKTURA: Arhitektonska vrednost manastira ogleda se u spoju crkvene gradnje, uređenja enterijera i prilagođenosti prostora bogoslužbenoj funkciji. Poseban značaj obično imaju oltarski prostor, ikonostas, eventualni živopis, kao i sklad između hrama i prirodnog okruženja. Ako su sačuvani podaci o starijim fazama gradnje, ovde se kasnije mogu navesti stilske odlike, tip osnove hrama i najvažnije umetničke karakteristike.DUHOVNI ŽIVOT: Manastir Grabovac ima značaj kao mesto molitve, liturgijskog sabranja i očuvanja pravoslavne tradicije. Na velike praznike i manastirsku slavu ovakve svetinje okupljaju vernike, hodočasnike i posetioce koji dolaze radi molitve, mira i upoznavanja sa duhovnim nasleđem. Monaški ili parohijski život, u zavisnosti od statusa svetinje, doprinosi kontinuitetu bogosluženja i prenošenju predanja na mlađe naraštaje.ZNAČAJ: Manastir Grabovac je važan deo crkvene, kulturne i istorijske mape Srbije. Njegov značaj nije samo verski, već i identitetski, jer svedoči o trajanju narodne pobožnosti, umetnosti i lokalnog pamćenja. Za potpuniji prikaz preporučuje se da se ovom zapisu naknadno dodaju provereni podaci o ktitoru, tačnoj godini nastanka, obnovama, poznatim svetinjama, freskama i drugim posebnostima vezanim baš za ovaj manastir.";;https://manastiri.rs/eparhije/valjevska/manastir-grabovac/;manastiri.rs;Kralj Dragutin;1280;Podaci dopunjeni;osm-overpass-exact;sr:Манастир Грабовац;ok

jovanja;Manastir Jovanja;Zapadna Srbija;Valjevo;Manastir Jovanja je pravoslavna svetinja u okviru Eparhije Valjevska.;44.2565471;19.8289477;odobren;Eparhija valjevska;"'OPŠTI PODACI: Manastir Jovanja nalazi se u okviru Eparhije valjevske i pripada korpusu značajnih pravoslavnih svetinja na prostoru Srbije. U evidenciji ovog projekta vezuje se za mesto ili šire područje Zapadna Srbija. Manastir Jovanja je pravoslavna svetinja u okviru Eparhije Valjevska. Manastirski kompleks se po pravilu sastoji od crkve, porte i pratećih objekata namenjenih bogosluženju i svakodnevnom monaškom životu.ISTORIJA: Tačna godina osnivanja, kao i ime prvobitnog ktitora, za ovaj zapis zahtevaju dodatnu proveru u pouzdanim crkvenim i istoriografskim izvorima. Ipak, za manastire ovog tipa uobičajeno je da su kroz vekove prolazili kroz periode gradnje, obnavljanja, a ponegde i razaranja usled ratova, seoba i političkih previranja. Zato je važno da se u daljoj obradi za Manastir Jovanja dopune podaci o vremenu nastanka, eventualnim obnovama i ličnostima koje su učestvovale u njegovom podizanju ili obnovi. U aplikaciji ova sekcija može služiti kao mesto za unošenje konkretnih godina izgradnje, obnavljanja i restauracije čim budu potvrđene.ARHITEKTURA: Arhitektonska vrednost manastira ogleda se u spoju crkvene gradnje, uređenja enterijera i prilagođenosti prostora bogoslužbenoj funkciji. Poseban značaj obično imaju oltarski prostor, ikonostas, eventualni živopis, kao i sklad između hrama i prirodnog okruženja. Ako su sačuvani podaci o starijim fazama gradnje, ovde se kasnije mogu navesti stilske odlike, tip osnove hrama i najvažnije umetničke karakteristike.DUHOVNI ŽIVOT: Manastir Jovanja ima značaj kao mesto molitve, liturgijskog sabranja i očuvanja pravoslavne tradicije. Na velike praznike i manastirsku slavu ovakve svetinje okupljaju vernike, hodočasnike i posetioce koji dolaze radi molitve, mira i upoznavanja sa duhovnim nasleđem. Monaški ili parohijski život, u zavisnosti od statusa svetinje, doprinosi kontinuitetu bogosluženja i prenošenju predanja na mlađe naraštaje.ZNAČAJ: Manastir Jovanja je važan deo crkvene, kulturne i istorijske mape Srbije. Njegov značaj nije samo verski, već i identitetski, jer svedoči o trajanju narodne pobožnosti, umetnosti i lokalnog pamćenja. Za potpuniji prikaz preporučuje se da se ovom zapisu naknadno dodaju provereni podaci o ktitoru, tačnoj godini nastanka, obnovama, poznatim svetinjama, freskama i drugim posebnostima vezanim baš za ovaj manastir.'; ; https://manastiri.rs/eparhije/valjevska/manastir-jovanja/; manastiri.rs; Nepoznat; 1400; Podaci dopunjeni; osm-overpass-exact; sr:Манастир Јовања; ok. krcmar; Manastir Krčmar; Zapadna Srbija; Mionica; Manastir Krčmar je pravoslavna svetinja u okviru Eparhije Valjevska.; 44.1595867; 19.993324; odobren; Eparhija valjevska; 'OPŠTI PODACI: Manastir Krčmar nalazi se u okviru Eparhije valjevske i pripada korpusu značajnih pravoslavnih svetinja na prostoru Srbije. U evidenciji ovog projekta vezuje se za mesto ili šire područje Zapadna Srbija. Manastir Krčmar je pravoslavna svetinja u okviru Eparhije Valjevska. Manastirski kompleks se po pravilu sastoji od crkve, porte i pratećih objekata namenjenih bogosluženju i svakodnevnom monaškom životu.ISTORIJA: Tačna godina osnivanja, kao i ime prvobitnog ktitora, za ovaj zapis zahtevaju dodatnu proveru u pouzdanim crkvenim i istoriografskim izvorima. Ipak, za manastire ovog tipa uobičajeno je da su kroz vekove prolazili kroz periode gradnje, obnavljanja, a ponegde i razaranja usled ratova, seoba i političkih previranja. Zato je važno da se u daljoj obradi za Manastir Krčmar dopune podaci o vremenu nastanka, eventualnim obnovama i ličnostima koje su učestvovale u njegovom podizanju ili obnovi. U aplikaciji ova sekcija može služiti kao mesto za unošenje konkretnih godina izgradnje, obnavljanja i restauracije čim budu potvrđene.ARHITEKTURA: Arhitektonska vrednost manastira ogleda se u spoju crkvene gradnje, uređenja enterijera i prilagođenosti prostora bogoslužbenoj funkciji. Poseban značaj obično imaju oltarski prostor, ikonostas, eventualni živopis, kao i sklad između hrama i prirodnog okruženja. Ako su sačuvani podaci o starijim fazama gradnje, ovde se kasnije mogu navesti stilske odlike, tip osnove hrama i najvažnije umetničke karakteristike.DUHOVNI ŽIVOT: Manastir Krčmar ima značaj kao mesto molitve, liturgijskog sabranja i očuvanja pravoslavne tradicije. Na velike praznike i manastirsku slavu ovakve svetinje okupljaju vernike, hodočasnike i posetioce koji dolaze radi molitve, mira i upoznavanja sa duhovnim nasleđem. Monaški ili parohijski život, u zavisnosti od statusa svetinje, doprinosi kontinuitetu bogosluženja i prenošenju predanja na mlađe naraštaje.ZNAČAJ: Manastir Krčmar je važan deo crkvene, kulturne i istorijske mape Srbije. Njegov značaj nije samo verski, već i identitetski, jer svedoči o trajanju narodne pobožnosti, umetnosti i lokalnog pamćenja. Za potpuniji prikaz preporučuje se da se ovom zapisu naknadno dodaju provereni podaci o ktitoru, tačnoj godini nastanka, obnovama, poznatim svetinjama, freskama i drugim posebnostima vezanim baš za ovaj manastir.'";;https://manastiri.rs/eparhije/valjevska/manastir-krcmar/;manastiri.rs;Kraljević Marko (predanje);1300;Podaci dopunjeni;manastiri.rs->google-maps;https://www.google.com/maps/place/Ose%C4%8Denica+Monastery/@44.1595867,19.993324,3709m/data=!3m1!1e3!4m6!3m5!1s0x4759e65293bbaa4b:0x8436d885aea62c71!8m2!3d44.1592581!4d20.0146328!16s%2Fg%2F11bwgwf96p?coh=245187&entry=tts&g_ep=EgoyMDI1MDIxMS4wIPu8ASoJLDEwMjExNDUzSAFQAw%3D%3D;ok;ok
lelic;Manastir Lelić;Kolubara;Valjevo;Kratak pregled: Manastir Lelić je poznata pravoslavna svetinja u oblasti Valjevo.;44.2278732;19.833577;aktivan;Eparhija valjevska;"OPŠTI PODACI: Manastir Lelić nalazi se u okviru Eparhije valjevske i pripada korpusu značajnih pravoslavnih svetinja na prostoru Srbije. U evidenciji ovog projekta vezuje se za mesto ili šire područje Valjevo. Kratak pregled: Manastir Lelić je poznata pravoslavna svetinja u oblasti Valjevo. Manastirski kompleks se po pravilu sastoji od crkve, porte i pratećih objekata namenjenih bogosluženju i svakodnevnom monaškom životu.ISTORIJA: Tačna godina osnivanja, kao i ime prvobitnog ktitora, za ovaj zapis zahtevaju dodatnu proveru u pouzdanim crkvenim i istoriografskim izvorima. Ipak, za manastire ovog tipa uobičajeno je da su kroz vekove prolazili kroz periode gradnje, obnavljanja, a ponegde i razaranja usled ratova, seoba i političkih previranja. Zato je važno da se u daljoj obradi za Manastir Lelić dopune podaci o vremenu nastanka, eventualnim obnovama i ličnostima koje su učestvovale u njegovom podizanju ili obnovi. U aplikaciji ova sekcija može služiti kao mesto za unošenje konkretnih godina izgradnje, obnavljanja i restauracije čim budu potvrđene.ARHITEKTURA: Arhitektonska vrednost manastira ogleda se u spoju crkvene gradnje, uređenja enterijera i prilagođenosti prostora bogoslužbenoj funkciji. Poseban značaj obično imaju oltarski prostor, ikonostas, eventualni živopis, kao i sklad između hrama i prirodnog okruženja. Ako su sačuvani podaci o starijim fazama gradnje, ovde se kasnije mogu navesti stilske odlike, tip osnove hrama i najvažnije umetničke karakteristike.DUHOVNI ŽIVOT: Manastir Lelić ima značaj kao mesto molitve, liturgijskog sabranja i očuvanja pravoslavne tradicije. Na velike praznike i manastirsku slavu ovakve svetinje okupljaju vernike, hodočasnike i posetioce koji dolaze radi molitve, mira i upoznavanja sa duhovnim nasleđem. Monaški ili parohijski život, u zavisnosti od statusa svetinje, doprinosi kontinuitetu bogosluženja i prenošenju predanja na mlađe naraštaje.ZNAČAJ: Manastir Lelić je važan deo crkvene, kulturne i istorijske mape Srbije. Njegov značaj nije samo verski, već i identitetski, jer svedoči o trajanju narodne pobožnosti, umetnosti i lokalnog pamćenja. Za potpuniji prikaz preporučuje se da se ovom zapisu naknadno dodaju provereni podaci o ktitoru, tačnoj godini nastanka, obnovama, poznatim svetinjama, freskama i drugim posebnostima vezanim baš za ovaj manastir.";;;nepoznato;Vladika Nikolaj Velimirović;1996;Podaci dopunjeni;osm-overpass-exact;sr:Манастир Лелић;ok

pluzac;Manastir Plužac;Zapadna Srbija;Osečina;Manastir Plužac je pravoslavna svetinja u okviru Eparhije Valjevska.;44.4008318;19.5862413;odobren;Eparhija valjevska;"'OPŠTI PODACI: Manastir Plužac nalazi se u okviru Eparhije valjevske i pripada korpusu značajnih pravoslavnih svetinja na prostoru Srbije. U evidenciji ovog projekta vezuje se za mesto ili šire područje Zapadna Srbija. Manastir Plužac je pravoslavna svetinja u okviru Eparhije Valjevska. Manastirski kompleks se po pravilu sastoji od crkve, porte i pratećih objekata namenjenih bogosluženju i svakodnevnom monaškom životu.ISTORIJA: Tačna godina osnivanja, kao i ime prvobitnog ktitora, za ovaj zapis zahtevaju dodatnu proveru u pouzdanim crkvenim i istoriografskim izvorima. Ipak, za manastire ovog tipa uobičajeno je da su kroz vekove prolazili kroz periode gradnje, obnavljanja, a ponegde i razaranja usled ratova, seoba i političkih previranja. Zato je važno da se u daljoj obradi za Manastir Plužac dopune podaci o vremenu nastanka, eventualnim obnovama i ličnostima koje su učestvovale u njegovom podizanju ili obnovi. U aplikaciji ova sekcija može služiti kao mesto za unošenje konkretnih godina izgradnje, obnavljanja i restauracije čim budu potvrđene.ARHITEKTURA: Arhitektonska vrednost manastira ogleda se u spoju crkvene gradnje, uređenja enterijera i prilagođenosti prostora bogoslužbenoj funkciji. Poseban značaj obično imaju oltarski prostor, ikonostas, eventualni živopis, kao i sklad između hrama i prirodnog okruženja. Ako su sačuvani podaci o starijim fazama gradnje, ovde se kasnije mogu navesti stilske odlike, tip osnove hrama i najvažnije umetničke karakteristike.DUHOVNI ŽIVOT: Manastir Plužac ima značaj kao mesto molitve, liturgijskog sabranja i očuvanja pravoslavne tradicije. Na velike praznike i manastirsku slavu ovakve svetinje okupljaju vernike, hodočasnike i posetioce koji dolaze radi molitve, mira i upoznavanja sa duhovnim nasleđem. Monaški ili parohijski život, u zavisnosti od statusa svetinje, doprinosi kontinuitetu bogosluženja i prenošenju predanja na mlađe naraštaje.ZNAČAJ: Manastir Plužac je važan deo crkvene, kulturne i istorijske mape Srbije. Njegov značaj nije samo verski, već i identitetski, jer svedoči o trajanju narodne pobožnosti, umetnosti i lokalnog pamćenja. Za potpuniji prikaz preporučuje se da se ovom zapisu naknadno dodaju provereni podaci o ktitoru, tačnoj godini nastanka, obnovama, poznatim svetinjama, freskama i drugim posebnostima vezanim baš za ovaj manastir.'";;https://manastiri.rs/eparhije/valjevska/manastir-pluzac/;manastiri.rs;Verni narod;2008;Podaci dopunjeni;manastiri.rs->google-maps;https://www.google.com/maps/place/%D0%9C%D0%B0%D0%BD%D0%B0%D1%81%D1%82%D0%B8%D1%80/@44.4008318,19.5862413,776m/data=!3m2!1e3!4b1!4m6!3m5!1s0x4759838a20cb3d2b:0xfa0bec960e9f8bd3!8m2!3d44.4008281!4d19.5911122!16s%2Fg%2F11c6w09031?coh=245187&entry=tts&g_ep=EgoyMDI1MDIxMS4wIPu8ASoJLDEwMjExNDUzSAFQAw%3D%3D;ok;ok
ribnica;Manastir Ribnica;Zapadna Srbija;Mionica;Manastir Ribnica je pravoslavna svetinja u okviru Eparhije Valjevska.;44.2061586;20.0927374;odobren;Eparhija valjevska;"'OPŠTI PODACI: Manastir Ribnica nalazi se u okviru Eparhije valjevske i pripada korpusu značajnih pravoslavnih svetinja na prostoru Srbije. U evidenciji ovog projekta vezuje se za mesto ili šire područje Zapadna Srbija. Manastir Ribnica je pravoslavna svetinja u okviru Eparhije Valjevska. Manastirski kompleks se po pravilu sastoji od crkve, porte i pratećih objekata namenjenih bogosluženju i svakodnevnom monaškom životu.ISTORIJA: Tačna godina osnivanja, kao i ime prvobitnog ktitora, za ovaj zapis zahtevaju dodatnu proveru u pouzdanim crkvenim i istoriografskim izvorima. Ipak, za manastire ovog tipa uobičajeno je da su kroz vekove prolazili kroz periode gradnje, obnavljanja, a ponegde i razaranja usled ratova, seoba i političkih previranja. Zato je važno da se u daljoj obradi za Manastir Ribnica dopune podaci o vremenu nastanka, eventualnim obnovama i ličnostima koje su učestvovale u njegovom podizanju ili obnovi. U aplikaciji ova sekcija može služiti kao mesto za unošenje konkretnih godina izgradnje, obnavljanja i restauracije čim budu potvrđene.ARHITEKTURA: Arhitektonska vrednost manastira ogleda se u spoju crkvene gradnje, uređenja enterijera i prilagođenosti prostora bogoslužbenoj funkciji. Poseban značaj obično imaju oltarski prostor, ikonostas, eventualni živopis, kao i sklad između hrama i prirodnog okruženja. Ako su sačuvani podaci o starijim fazama gradnje, ovde se kasnije mogu navesti stilske odlike, tip osnove hrama i najvažnije umetničke karakteristike.DUHOVNI ŽIVOT: Manastir Ribnica ima značaj kao mesto molitve, liturgijskog sabranja i očuvanja pravoslavne tradicije. Na velike praznike i manastirsku slavu ovakve svetinje okupljaju vernike, hodočasnike i posetioce koji dolaze radi molitve, mira i upoznavanja sa duhovnim nasleđem. Monaški ili parohijski život, u zavisnosti od statusa svetinje, doprinosi kontinuitetu bogosluženja i prenošenju predanja na mlađe naraštaje.ZNAČAJ: Manastir Ribnica je važan deo crkvene, kulturne i istorijske mape Srbije. Njegov značaj nije samo verski, već i identitetski, jer svedoči o trajanju narodne pobožnosti, umetnosti i lokalnog pamćenja. Za potpuniji prikaz preporučuje se da se ovom zapisu naknadno dodaju provereni podaci o ktitoru, tačnoj godini nastanka, obnovama, poznatim svetinjama, freskama i drugim posebnostima vezanim baš za ovaj manastir.'";;https://manastiri.rs/eparhije/valjevska/manastir-ribnica/;manastiri.rs;Nemanjići (predanje);1300;Podaci dopunjeni;osm-overpass-exact;https://www.google.com/maps?q=44.2061586,20.0927374;ok;ok
bresnica;Manastir Bresnica;Južna Srbija;Bosilegrad;Kratak pregled: Manastir Bresnica.;42.4500;22.4667;aktivan;Eparhija vranjska;"OPŠTI PODACI: Manastir Bresnica nalazi se u okviru Eparhije vranjske i pripada korpusu značajnih pravoslavnih svetinja na prostoru Srbije. U evidenciji ovog projekta vezuje se za mesto ili šire područje širem području Srbije. Kratak pregled: Manastir Bresnica. Manastirski kompleks se po pravilu sastoji od crkve, porte i pratećih objekata namenjenih bogosluženju i svakodnevnom monaškom životu.ISTORIJA: Tačna godina osnivanja, kao i ime prvobitnog ktitora, za ovaj zapis zahtevaju dodatnu proveru u pouzdanim crkvenim i istoriografskim izvorima. Ipak, za manastire ovog tipa uobičajeno je da su kroz vekove prolazili kroz periode gradnje, obnavljanja, a ponegde i razaranja usled ratova, seoba i političkih previranja. Zato je važno da se u daljoj obradi za Manastir Bresnica dopune podaci o vremenu nastanka, eventualnim obnovama i ličnostima koje su učestvovale u njegovom podizanju ili obnovi. U aplikaciji ova sekcija može služiti kao mesto za unošenje konkretnih godina izgradnje, obnavljanja i restauracije čim budu potvrđene.ARHITEKTURA: Arhitektonska vrednost manastira ogleda se u spoju crkvene gradnje, uređenja enterijera i prilagođenosti prostora bogoslužbenoj funkciji. Poseban značaj obično imaju oltarski prostor, ikonostas, eventualni živopis, kao i sklad između hrama i prirodnog okruženja. Ako su sačuvani podaci o starijim fazama gradnje, ovde se kasnije mogu navesti stilske odlike, tip osnove hrama i najvažnije umetničke karakteristike.DUHOVNI ŽIVOT: Manastir Bresnica ima značaj kao mesto molitve, liturgijskog sabranja i očuvanja pravoslavne tradicije. Na velike praznike i manastirsku slavu ovakve svetinje okupljaju vernike, hodočasnike i posetioce koji dolaze radi molitve, mira i upoznavanja sa duhovnim nasleđem. Monaški ili parohijski život, u zavisnosti od statusa svetinje, doprinosi kontinuitetu bogosluženja i prenošenju predanja na mlađe naraštaje.ZNAČAJ: Manastir Bresnica je važan deo crkvene, kulturne i istorijske mape Srbije. Njegov značaj nije samo verski, već i identitetski, jer svedoči o trajanju narodne pobožnosti, umetnosti i lokalnog pamćenja. Za potpuniji prikaz preporučuje se da se ovom zapisu naknadno dodaju provereni podaci o ktitoru, tačnoj godini nastanka, obnovama, poznatim svetinjama, freskama i drugim posebnostima vezanim baš za ovaj manastir.";images/monasteries/bresnica.jpg;;manastiri.rs;Nepoznat;1895;Podaci dopunjeni;dodato;;ok

kacapun;Manastir Kacapun;Južna Srbija;Vladičin Han;Kratak pregled: Manastir Kacapun.;42.6871777;21.9810386;aktivan;Eparhija vranjska;"OPŠTI PODACI: Manastir Kacapun nalazi se u okviru Eparhije vranjske i pripada korpusu značajnih pravoslavnih svetinja na prostoru Srbije. U evidenciji ovog projekta vezuje se za mesto ili šire područje širem području Srbije. Kratak pregled: Manastir Kacapun. Manastirski kompleks se po pravilu sastoji od crkve, porte i pratećih objekata namenjenih bogosluženju i svakodnevnom monaškom životu.ISTORIJA: Tačna godina osnivanja, kao i ime prvobitnog ktitora, za ovaj zapis zahtevaju dodatnu proveru u pouzdanim crkvenim i istoriografskim izvorima. Ipak, za manastire ovog tipa uobičajeno je da su kroz vekove prolazili kroz periode gradnje, obnavljanja, a ponegde i razaranja usled ratova, seoba i političkih previranja. Zato je važno da se u daljoj obradi za Manastir Kacapun dopune podaci o vremenu nastanka, eventualnim obnovama i ličnostima koje su učestvovale u njegovom podizanju ili obnovi. U aplikaciji ova sekcija može služiti kao mesto za unošenje konkretnih godina izgradnje, obnavljanja i restauracije čim budu potvrđene.ARHITEKTURA: Arhitektonska vrednost manastira ogleda se u spoju crkvene gradnje, uređenja enterijera i prilagođenosti prostora bogoslužbenoj funkciji. Poseban značaj obično imaju oltarski prostor, ikonostas, eventualni živopis, kao i sklad između hrama i prirodnog okruženja. Ako su sačuvani podaci o starijim fazama gradnje, ovde se kasnije mogu navesti stilske odlike, tip osnove hrama i najvažnije umetničke karakteristike.DUHOVNI ŽIVOT: Manastir Kacapun ima značaj kao mesto molitve, liturgijskog sabranja i očuvanja pravoslavne tradicije. Na velike praznike i manastirsku slavu ovakve svetinje okupljaju vernike, hodočasnike i posetioce koji dolaze radi molitve, mira i upoznavanja sa duhovnim nasleđem. Monaški ili parohijski život, u zavisnosti od statusa svetinje, doprinosi kontinuitetu bogosluženja i prenošenju predanja na mlađe naraštaje.ZNAČAJ: Manastir Kacapun je važan deo crkvene, kulturne i istorijske mape Srbije. Njegov značaj nije samo verski, već i identitetski, jer svedoči o trajanju narodne pobožnosti, umetnosti i lokalnog pamćenja. Za potpuniji prikaz preporučuje se da se ovom zapisu naknadno dodaju provereni podaci o ktitoru, tačnoj godini nastanka, obnovama, poznatim svetinjama, freskama i drugim posebnostima vezanim baš za ovaj manastir.";images/monasteries/kacapun.jpg;;manastiri.rs;Nemanjići;1300;Podaci dopunjeni;nominatim-second-pass;Manastir Manastir Kacapun, Srbija;ok

lopardince;Manastir Lopardince;Južna Srbija;Bujanovac;Kratak pregled: Manastir Lopardince.;42.4500;21.8000;aktivan;Eparhija vranjska;"OPŠTI PODACI: Manastir Lopardince nalazi se u okviru Eparhije vranjske i pripada korpusu značajnih pravoslavnih svetinja na prostoru Srbije. U evidenciji ovog projekta vezuje se za mesto ili šire područje širem području Srbije. Kratak pregled: Manastir Lopardince. Manastirski kompleks se po pravilu sastoji od crkve, porte i pratećih objekata namenjenih bogosluženju i svakodnevnom monaškom životu.ISTORIJA: Tačna godina osnivanja, kao i ime prvobitnog ktitora, za ovaj zapis zahtevaju dodatnu proveru u pouzdanim crkvenim i istoriografskim izvorima. Ipak, za manastire ovog tipa uobičajeno je da su kroz vekove prolazili kroz periode gradnje, obnavljanja, a ponegde i razaranja usled ratova, seoba i političkih previranja. Zato je važno da se u daljoj obradi za Manastir Lopardince dopune podaci o vremenu nastanka, eventualnim obnovama i ličnostima koje su učestvovale u njegovom podizanju ili obnovi. U aplikaciji ova sekcija može služiti kao mesto za unošenje konkretnih godina izgradnje, obnavljanja i restauracije čim budu potvrđene.ARHITEKTURA: Arhitektonska vrednost manastira ogleda se u spoju crkvene gradnje, uređenja enterijera i prilagođenosti prostora bogoslužbenoj funkciji. Poseban značaj obično imaju oltarski prostor, ikonostas, eventualni živopis, kao i sklad između hrama i prirodnog okruženja. Ako su sačuvani podaci o starijim fazama gradnje, ovde se kasnije mogu navesti stilske odlike, tip osnove hrama i najvažnije umetničke karakteristike.DUHOVNI ŽIVOT: Manastir Lopardince ima značaj kao mesto molitve, liturgijskog sabranja i očuvanja pravoslavne tradicije. Na velike praznike i manastirsku slavu ovakve svetinje okupljaju vernike, hodočasnike i posetioce koji dolaze radi molitve, mira i upoznavanja sa duhovnim nasleđem. Monaški ili parohijski život, u zavisnosti od statusa svetinje, doprinosi kontinuitetu bogosluženja i prenošenju predanja na mlađe naraštaje.ZNAČAJ: Manastir Lopardince je važan deo crkvene, kulturne i istorijske mape Srbije. Njegov značaj nije samo verski, već i identitetski, jer svedoči o trajanju narodne pobožnosti, umetnosti i lokalnog pamćenja. Za potpuniji prikaz preporučuje se da se ovom zapisu naknadno dodaju provereni podaci o ktitoru, tačnoj godini nastanka, obnovama, poznatim svetinjama, freskama i drugim posebnostima vezanim baš za ovaj manastir.";images/monasteries/lopardince.jpg;;manastiri.rs;Nepoznat;1500;Podaci dopunjeni;dodato;;ok

prohor-pcinjski;Manastir Prohor Pčinjski;Južna Srbija;Bujanovac;Kratak pregled: Manastir Prohor Pčinjski je poznata pravoslavna svetinja u oblasti Južna Srbija.;42.3295461;21.8957201;aktivan;Eparhija vranjska;"'OPŠTI PODACI: Manastir Prohor Pčinjski nalazi se u okviru Eparhije vranjske i pripada korpusu značajnih pravoslavnih svetinja na prostoru Srbije. U evidenciji ovog projekta vezuje se za mesto ili šire područje Bujanovac. Kratak pregled: Manastir Prohor Pčinjski je poznata pravoslavna svetinja u oblasti Južna Srbija. Manastirski kompleks se po pravilu sastoji od crkve, porte i pratećih objekata namenjenih bogosluženju i svakodnevnom monaškom životu.ISTORIJA: Tačna godina osnivanja, kao i ime prvobitnog ktitora, za ovaj zapis zahtevaju dodatnu proveru u pouzdanim crkvenim i istoriografskim izvorima. Ipak, za manastire ovog tipa uobičajeno je da su kroz vekove prolazili kroz periode gradnje, obnavljanja, a ponegde i razaranja usled ratova, seoba i političkih previranja. Zato je važno da se u daljoj obradi za Manastir Prohor Pčinjski dopune podaci o vremenu nastanka, eventualnim obnovama i ličnostima koje su učestvovale u njegovom podizanju ili obnovi. U aplikaciji ova sekcija može služiti kao mesto za unošenje konkretnih godina izgradnje, obnavljanja i restauracije čim budu potvrđene.ARHITEKTURA: Arhitektonska vrednost manastira ogleda se u spoju crkvene gradnje, uređenja enterijera i prilagođenosti prostora bogoslužbenoj funkciji. Poseban značaj obično imaju oltarski prostor, ikonostas, eventualni živopis, kao i sklad između hrama i prirodnog okruženja. Ako su sačuvani podaci o starijim fazama gradnje, ovde se kasnije mogu navesti stilske odlike, tip osnove hrama i najvažnije umetničke karakteristike.DUHOVNI ŽIVOT: Manastir Prohor Pčinjski ima značaj kao mesto molitve, liturgijskog sabranja i očuvanja pravoslavne tradicije. Na velike praznike i manastirsku slavu ovakve svetinje okupljaju vernike, hodočasnike i posetioce koji dolaze radi molitve, mira i upoznavanja sa duhovnim nasleđem. Monaški ili parohijski život, u zavisnosti od statusa svetinje, doprinosi kontinuitetu bogosluženja i prenošenju predanja na mlađe naraštaje.ZNAČAJ: Manastir Prohor Pčinjski je važan deo crkvene, kulturne i istorijske mape Srbije. Njegov značaj nije samo verski, već i identitetski, jer svedoči o trajanju narodne pobožnosti, umetnosti i lokalnog pamćenja. Za potpuniji prikaz preporučuje se da se ovom zapisu naknadno dodaju provereni podaci o ktitoru, tačnoj godini nastanka, obnovama, poznatim svetinjama, freskama i drugim posebnostima vezanim baš za ovaj manastir.'";;;nepoznato;Roman Diogen (Vizantijski car);1070;Podaci dopunjeni;osm-overpass-exact;https://www.google.com/maps?q=42.3295461,21.8957201;ok;ok
zapsko;Manastir Žapsko;Južna Srbija;Vranje;Kratak pregled: Manastir Žapsko.;42.4471195;21.9279728;aktivan;Eparhija vranjska;"OPŠTI PODACI: Manastir Žapsko nalazi se u okviru Eparhije vranjske i pripada korpusu značajnih pravoslavnih svetinja na prostoru Srbije. U evidenciji ovog projekta vezuje se za mesto ili šire područje širem području Srbije. Kratak pregled: Manastir Žapsko. Manastirski kompleks se po pravilu sastoji od crkve, porte i pratećih objekata namenjenih bogosluženju i svakodnevnom monaškom životu.ISTORIJA: Tačna godina osnivanja, kao i ime prvobitnog ktitora, za ovaj zapis zahtevaju dodatnu proveru u pouzdanim crkvenim i istoriografskim izvorima. Ipak, za manastire ovog tipa uobičajeno je da su kroz vekove prolazili kroz periode gradnje, obnavljanja, a ponegde i razaranja usled ratova, seoba i političkih previranja. Zato je važno da se u daljoj obradi za Manastir Žapsko dopune podaci o vremenu nastanka, eventualnim obnovama i ličnostima koje su učestvovale u njegovom podizanju ili obnovi. U aplikaciji ova sekcija može služiti kao mesto za unošenje konkretnih godina izgradnje, obnavljanja i restauracije čim budu potvrđene.ARHITEKTURA: Arhitektonska vrednost manastira ogleda se u spoju crkvene gradnje, uređenja enterijera i prilagođenosti prostora bogoslužbenoj funkciji. Poseban značaj obično imaju oltarski prostor, ikonostas, eventualni živopis, kao i sklad između hrama i prirodnog okruženja. Ako su sačuvani podaci o starijim fazama gradnje, ovde se kasnije mogu navesti stilske odlike, tip osnove hrama i najvažnije umetničke karakteristike.DUHOVNI ŽIVOT: Manastir Žapsko ima značaj kao mesto molitve, liturgijskog sabranja i očuvanja pravoslavne tradicije. Na velike praznike i manastirsku slavu ovakve svetinje okupljaju vernike, hodočasnike i posetioce koji dolaze radi molitve, mira i upoznavanja sa duhovnim nasleđem. Monaški ili parohijski život, u zavisnosti od statusa svetinje, doprinosi kontinuitetu bogosluženja i prenošenju predanja na mlađe naraštaje.ZNAČAJ: Manastir Žapsko je važan deo crkvene, kulturne i istorijske mape Srbije. Njegov značaj nije samo verski, već i identitetski, jer svedoči o trajanju narodne pobožnosti, umetnosti i lokalnog pamćenja. Za potpuniji prikaz preporučuje se da se ovom zapisu naknadno dodaju provereni podaci o ktitoru, tačnoj godini nastanka, obnovama, poznatim svetinjama, freskama i drugim posebnostima vezanim baš za ovaj manastir.";images/monasteries/zapsko.jpg;;manastiri.rs;Knez Lazar (predanje);1380;Podaci dopunjeni;nominatim-second-pass;Manastir Žapsko, Srbija;ok

bogostica;Manastir Bogoštica;Zapadna Srbija;Krupanj;Kratak pregled: Manastir Bogoštica.;44.3667;19.3667;aktivan;Eparhija šabačka;"OPŠTI PODACI: Manastir Bogoštica nalazi se u okviru Eparhije šabačke i pripada korpusu značajnih pravoslavnih svetinja na prostoru Srbije. U evidenciji ovog projekta vezuje se za mesto ili šire područje širem području Srbije. Kratak pregled: Manastir Bogoštica. Manastirski kompleks se po pravilu sastoji od crkve, porte i pratećih objekata namenjenih bogosluženju i svakodnevnom monaškom životu.ISTORIJA: Tačna godina osnivanja, kao i ime prvobitnog ktitora, za ovaj zapis zahtevaju dodatnu proveru u pouzdanim crkvenim i istoriografskim izvorima. Ipak, za manastire ovog tipa uobičajeno je da su kroz vekove prolazili kroz periode gradnje, obnavljanja, a ponegde i razaranja usled ratova, seoba i političkih previranja. Zato je važno da se u daljoj obradi za Manastir Bogoštica dopune podaci o vremenu nastanka, eventualnim obnovama i ličnostima koje su učestvovale u njegovom podizanju ili obnovi. U aplikaciji ova sekcija može služiti kao mesto za unošenje konkretnih godina izgradnje, obnavljanja i restauracije čim budu potvrđene.ARHITEKTURA: Arhitektonska vrednost manastira ogleda se u spoju crkvene gradnje, uređenja enterijera i prilagođenosti prostora bogoslužbenoj funkciji. Poseban značaj obično imaju oltarski prostor, ikonostas, eventualni živopis, kao i sklad između hrama i prirodnog okruženja. Ako su sačuvani podaci o starijim fazama gradnje, ovde se kasnije mogu navesti stilske odlike, tip osnove hrama i najvažnije umetničke karakteristike.DUHOVNI ŽIVOT: Manastir Bogoštica ima značaj kao mesto molitve, liturgijskog sabranja i očuvanja pravoslavne tradicije. Na velike praznike i manastirsku slavu ovakve svetinje okupljaju vernike, hodočasnike i posetioce koji dolaze radi molitve, mira i upoznavanja sa duhovnim nasleđem. Monaški ili parohijski život, u zavisnosti od statusa svetinje, doprinosi kontinuitetu bogosluženja i prenošenju predanja na mlađe naraštaje.ZNAČAJ: Manastir Bogoštica je važan deo crkvene, kulturne i istorijske mape Srbije. Njegov značaj nije samo verski, već i identitetski, jer svedoči o trajanju narodne pobožnosti, umetnosti i lokalnog pamćenja. Za potpuniji prikaz preporučuje se da se ovom zapisu naknadno dodaju provereni podaci o ktitoru, tačnoj godini nastanka, obnovama, poznatim svetinjama, freskama i drugim posebnostima vezanim baš za ovaj manastir.";images/monasteries/bogostica.jpg;;manastiri.rs;Vladika Lavrentije;2007;Podaci dopunjeni;dodato;;ok

dobric;Manastir Dobrić;Mačva;Šabac;Kratak pregled: Manastir Dobrić.;44.6667;19.5667;aktivan;Eparhija šabačka;"OPŠTI PODACI: Manastir Dobrić nalazi se u okviru Eparhije šabačke i pripada korpusu značajnih pravoslavnih svetinja na prostoru Srbije. U evidenciji ovog projekta vezuje se za mesto ili šire područje širem području Srbije. Kratak pregled: Manastir Dobrić. Manastirski kompleks se po pravilu sastoji od crkve, porte i pratećih objekata namenjenih bogosluženju i svakodnevnom monaškom životu.ISTORIJA: Tačna godina osnivanja, kao i ime prvobitnog ktitora, za ovaj zapis zahtevaju dodatnu proveru u pouzdanim crkvenim i istoriografskim izvorima. Ipak, za manastire ovog tipa uobičajeno je da su kroz vekove prolazili kroz periode gradnje, obnavljanja, a ponegde i razaranja usled ratova, seoba i političkih previranja. Zato je važno da se u daljoj obradi za Manastir Dobrić dopune podaci o vremenu nastanka, eventualnim obnovama i ličnostima koje su učestvovale u njegovom podizanju ili obnovi. U aplikaciji ova sekcija može služiti kao mesto za unošenje konkretnih godina izgradnje, obnavljanja i restauracije čim budu potvrđene.ARHITEKTURA: Arhitektonska vrednost manastira ogleda se u spoju crkvene gradnje, uređenja enterijera i prilagođenosti prostora bogoslužbenoj funkciji. Poseban značaj obično imaju oltarski prostor, ikonostas, eventualni živopis, kao i sklad između hrama i prirodnog okruženja. Ako su sačuvani podaci o starijim fazama gradnje, ovde se kasnije mogu navesti stilske odlike, tip osnove hrama i najvažnije umetničke karakteristike.DUHOVNI ŽIVOT: Manastir Dobrić ima značaj kao mesto molitve, liturgijskog sabranja i očuvanja pravoslavne tradicije. Na velike praznike i manastirsku slavu ovakve svetinje okupljaju vernike, hodočasnike i posetioce koji dolaze radi molitve, mira i upoznavanja sa duhovnim nasleđem. Monaški ili parohijski život, u zavisnosti od statusa svetinje, doprinosi kontinuitetu bogosluženja i prenošenju predanja na mlađe naraštaje.ZNAČAJ: Manastir Dobrić je važan deo crkvene, kulturne i istorijske mape Srbije. Njegov značaj nije samo verski, već i identitetski, jer svedoči o trajanju narodne pobožnosti, umetnosti i lokalnog pamćenja. Za potpuniji prikaz preporučuje se da se ovom zapisu naknadno dodaju provereni podaci o ktitoru, tačnoj godini nastanka, obnovama, poznatim svetinjama, freskama i drugim posebnostima vezanim baš za ovaj manastir.";images/monasteries/dobric.jpg;;manastiri.rs;Nepoznat;1800;Podaci dopunjeni;dodato;;ok

dragojevac;Manastir Dragojevac;Mačva;Vladimirci;Kratak pregled: Manastir Dragojevac.;44.5833;19.8000;aktivan;Eparhija šabačka;"OPŠTI PODACI: Manastir Dragojevac nalazi se u okviru Eparhije šabačke i pripada korpusu značajnih pravoslavnih svetinja na prostoru Srbije. U evidenciji ovog projekta vezuje se za mesto ili šire područje širem području Srbije. Kratak pregled: Manastir Dragojevac. Manastirski kompleks se po pravilu sastoji od crkve, porte i pratećih objekata namenjenih bogosluženju i svakodnevnom monaškom životu.ISTORIJA: Tačna godina osnivanja, kao i ime prvobitnog ktitora, za ovaj zapis zahtevaju dodatnu proveru u pouzdanim crkvenim i istoriografskim izvorima. Ipak, za manastire ovog tipa uobičajeno je da su kroz vekove prolazili kroz periode gradnje, obnavljanja, a ponegde i razaranja usled ratova, seoba i političkih previranja. Zato je važno da se u daljoj obradi za Manastir Dragojevac dopune podaci o vremenu nastanka, eventualnim obnovama i ličnostima koje su učestvovale u njegovom podizanju ili obnovi. U aplikaciji ova sekcija može služiti kao mesto za unošenje konkretnih godina izgradnje, obnavljanja i restauracije čim budu potvrđene.ARHITEKTURA: Arhitektonska vrednost manastira ogleda se u spoju crkvene gradnje, uređenja enterijera i prilagođenosti prostora bogoslužbenoj funkciji. Poseban značaj obično imaju oltarski prostor, ikonostas, eventualni živopis, kao i sklad između hrama i prirodnog okruženja. Ako su sačuvani podaci o starijim fazama gradnje, ovde se kasnije mogu navesti stilske odlike, tip osnove hrama i najvažnije umetničke karakteristike.DUHOVNI ŽIVOT: Manastir Dragojevac ima značaj kao mesto molitve, liturgijskog sabranja i očuvanja pravoslavne tradicije. Na velike praznike i manastirsku slavu ovakve svetinje okupljaju vernike, hodočasnike i posetioce koji dolaze radi molitve, mira i upoznavanja sa duhovnim nasleđem. Monaški ili parohijski život, u zavisnosti od statusa svetinje, doprinosi kontinuitetu bogosluženja i prenošenju predanja na mlađe naraštaje.ZNAČAJ: Manastir Dragojevac je važan deo crkvene, kulturne i istorijske mape Srbije. Njegov značaj nije samo verski, već i identitetski, jer svedoči o trajanju narodne pobožnosti, umetnosti i lokalnog pamćenja. Za potpuniji prikaz preporučuje se da se ovom zapisu naknadno dodaju provereni podaci o ktitoru, tačnoj godini nastanka, obnovama, poznatim svetinjama, freskama i drugim posebnostima vezanim baš za ovaj manastir.";images/monasteries/dragojevac.jpg;;manastiri.rs;Nepoznat;1600;Podaci dopunjeni;dodato;;ok

kaona;Manastir Kaona;Mačva;Vladimirci;Kratak pregled: Manastir Kaona je poznata pravoslavna svetinja u oblasti Mačva.;44.5301513;19.7045805;aktivan;Eparhija šabačka;"'OPŠTI PODACI: Manastir Kaona nalazi se u okviru Eparhije šabačke i pripada korpusu značajnih pravoslavnih svetinja na prostoru Srbije. U evidenciji ovog projekta vezuje se za mesto ili šire područje Vladimirci. Kratak pregled: Manastir Kaona je poznata pravoslavna svetinja u oblasti Mačva. Manastirski kompleks se po pravilu sastoji od crkve, porte i pratećih objekata namenjenih bogosluženju i svakodnevnom monaškom životu.ISTORIJA: Tačna godina osnivanja, kao i ime prvobitnog ktitora, za ovaj zapis zahtevaju dodatnu proveru u pouzdanim crkvenim i istoriografskim izvorima. Ipak, za manastire ovog tipa uobičajeno je da su kroz vekove prolazili kroz periode gradnje, obnavljanja, a ponegde i razaranja usled ratova, seoba i političkih previranja. Zato je važno da se u daljoj obradi za Manastir Kaona dopune podaci o vremenu nastanka, eventualnim obnovama i ličnostima koje su učestvovale u njegovom podizanju ili obnovi. U aplikaciji ova sekcija može služiti kao mesto za unošenje konkretnih godina izgradnje, obnavljanja i restauracije čim budu potvrđene.ARHITEKTURA: Arhitektonska vrednost manastira ogleda se u spoju crkvene gradnje, uređenja enterijera i prilagođenosti prostora bogoslužbenoj funkciji. Poseban značaj obično imaju oltarski prostor, ikonostas, eventualni živopis, kao i sklad između hrama i prirodnog okruženja. Ako su sačuvani podaci o starijim fazama gradnje, ovde se kasnije mogu navesti stilske odlike, tip osnove hrama i najvažnije umetničke karakteristike.DUHOVNI ŽIVOT: Manastir Kaona ima značaj kao mesto molitve, liturgijskog sabranja i očuvanja pravoslavne tradicije. Na velike praznike i manastirsku slavu ovakve svetinje okupljaju vernike, hodočasnike i posetioce koji dolaze radi molitve, mira i upoznavanja sa duhovnim nasleđem. Monaški ili parohijski život, u zavisnosti od statusa svetinje, doprinosi kontinuitetu bogosluženja i prenošenju predanja na mlađe naraštaje.ZNAČAJ: Manastir Kaona je važan deo crkvene, kulturne i istorijske mape Srbije. Njegov značaj nije samo verski, već i identitetski, jer svedoči o trajanju narodne pobožnosti, umetnosti i lokalnog pamćenja. Za potpuniji prikaz preporučuje se da se ovom zapisu naknadno dodaju provereni podaci o ktitoru, tačnoj godini nastanka, obnovama, poznatim svetinjama, freskama i drugim posebnostima vezanim baš za ovaj manastir.'; ; ; nepoznato; Ikonija (sestra Miloša Obilića); 1392; Podaci dopunjeni; osm-overpass-exact; sr:Манастир Каона; ok krivaja; Manastir Krivaja; Mačva; Šabac; Kratak pregled: Manastir Krivaja.; 44.6063; 19.5663; aktivan; Eparhija šabačka";"OPŠTI PODACI: Manastir Krivaja nalazi se u okviru Eparhije šabačke i pripada korpusu značajnih pravoslavnih svetinja na prostoru Srbije. U evidenciji ovog projekta vezuje se za mesto ili šire područje širem području Srbije. Kratak pregled: Manastir Krivaja. Manastirski kompleks se po pravilu sastoji od crkve, porte i pratećih objekata namenjenih bogosluženju i svakodnevnom monaškom životu.ISTORIJA: Tačna godina osnivanja, kao i ime prvobitnog ktitora, za ovaj zapis zahtevaju dodatnu proveru u pouzdanim crkvenim i istoriografskim izvorima. Ipak, za manastire ovog tipa uobičajeno je da su kroz vekove prolazili kroz periode gradnje, obnavljanja, a ponegde i razaranja usled ratova, seoba i političkih previranja. Zato je važno da se u daljoj obradi za Manastir Krivaja dopune podaci o vremenu nastanka, eventualnim obnovama i ličnostima koje su učestvovale u njegovom podizanju ili obnovi. U aplikaciji ova sekcija može služiti kao mesto za unošenje konkretnih godina izgradnje, obnavljanja i restauracije čim budu potvrđene.ARHITEKTURA: Arhitektonska vrednost manastira ogleda se u spoju crkvene gradnje, uređenja enterijera i prilagođenosti prostora bogoslužbenoj funkciji. Poseban značaj obično imaju oltarski prostor, ikonostas, eventualni živopis, kao i sklad između hrama i prirodnog okruženja. Ako su sačuvani podaci o starijim fazama gradnje, ovde se kasnije mogu navesti stilske odlike, tip osnove hrama i najvažnije umetničke karakteristike.DUHOVNI ŽIVOT: Manastir Krivaja ima značaj kao mesto molitve, liturgijskog sabranja i očuvanja pravoslavne tradicije. Na velike praznike i manastirsku slavu ovakve svetinje okupljaju vernike, hodočasnike i posetioce koji dolaze radi molitve, mira i upoznavanja sa duhovnim nasleđem. Monaški ili parohijski život, u zavisnosti od statusa svetinje, doprinosi kontinuitetu bogosluženja i prenošenju predanja na mlađe naraštaje.ZNAČAJ: Manastir Krivaja je važan deo crkvene, kulturne i istorijske mape Srbije. Njegov značaj nije samo verski, već i identitetski, jer svedoči o trajanju narodne pobožnosti, umetnosti i lokalnog pamćenja. Za potpuniji prikaz preporučuje se da se ovom zapisu naknadno dodaju provereni podaci o ktitoru, tačnoj godini nastanka, obnovama, poznatim svetinjama, freskama i drugim posebnostima vezanim baš za ovaj manastir.";images/monasteries/krivaja.jpg;;manastiri.rs;Nepoznat;1500;Podaci dopunjeni;dodato;;ok
ljubovija;Manastir Ljubovija;Podrinje;Ljubovija;Kratak pregled: Manastir Ljubovija.;44.267299;19.4259715;aktivan;Eparhija šabačka;"OPŠTI PODACI: Manastir Ljubovija nalazi se u okviru Eparhije šabačke i pripada korpusu značajnih pravoslavnih svetinja na prostoru Srbije. U evidenciji ovog projekta vezuje se za mesto ili šire područje širem području Srbije. Kratak pregled: Manastir Ljubovija. Manastirski kompleks se po pravilu sastoji od crkve, porte i pratećih objekata namenjenih bogosluženju i svakodnevnom monaškom životu.ISTORIJA: Tačna godina osnivanja, kao i ime prvobitnog ktitora, za ovaj zapis zahtevaju dodatnu proveru u pouzdanim crkvenim i istoriografskim izvorima. Ipak, za manastire ovog tipa uobičajeno je da su kroz vekove prolazili kroz periode gradnje, obnavljanja, a ponegde i razaranja usled ratova, seoba i političkih previranja. Zato je važno da se u daljoj obradi za Manastir Ljubovija dopune podaci o vremenu nastanka, eventualnim obnovama i ličnostima koje su učestvovale u njegovom podizanju ili obnovi. U aplikaciji ova sekcija može služiti kao mesto za unošenje konkretnih godina izgradnje, obnavljanja i restauracije čim budu potvrđene.ARHITEKTURA: Arhitektonska vrednost manastira ogleda se u spoju crkvene gradnje, uređenja enterijera i prilagođenosti prostora bogoslužbenoj funkciji. Poseban značaj obično imaju oltarski prostor, ikonostas, eventualni živopis, kao i sklad između hrama i prirodnog okruženja. Ako su sačuvani podaci o starijim fazama gradnje, ovde se kasnije mogu navesti stilske odlike, tip osnove hrama i najvažnije umetničke karakteristike.DUHOVNI ŽIVOT: Manastir Ljubovija ima značaj kao mesto molitve, liturgijskog sabranja i očuvanja pravoslavne tradicije. Na velike praznike i manastirsku slavu ovakve svetinje okupljaju vernike, hodočasnike i posetioce koji dolaze radi molitve, mira i upoznavanja sa duhovnim nasleđem. Monaški ili parohijski život, u zavisnosti od statusa svetinje, doprinosi kontinuitetu bogosluženja i prenošenju predanja na mlađe naraštaje.ZNAČAJ: Manastir Ljubovija je važan deo crkvene, kulturne i istorijske mape Srbije. Njegov značaj nije samo verski, već i identitetski, jer svedoči o trajanju narodne pobožnosti, umetnosti i lokalnog pamćenja. Za potpuniji prikaz preporučuje se da se ovom zapisu naknadno dodaju provereni podaci o ktitoru, tačnoj godini nastanka, obnovama, poznatim svetinjama, freskama i drugim posebnostima vezanim baš za ovaj manastir.";images/monasteries/ljubovija.jpg;;manastiri.rs;Nepoznat;2005;Podaci dopunjeni;nominatim-second-pass;Manastir Manastir Ljubovija, Srbija;ok

radovasnica;Manastir Radovašnica;Zapadna Srbija;Šabac;Manastir Radovašnica je pravoslavna svetinja u okviru Eparhije Šabačka.;44.6234686;19.4892806;odobren;Eparhija šabačka;"OPŠTI PODACI: Manastir Radovašnica nalazi se u okviru Eparhije šabačke i pripada korpusu značajnih pravoslavnih svetinja na prostoru Srbije. U evidenciji ovog projekta vezuje se za mesto ili šire područje Zapadna Srbija. Manastir Radovašnica je pravoslavna svetinja u okviru Eparhije Šabačka. Manastirski kompleks se po pravilu sastoji od crkve, porte i pratećih objekata namenjenih bogosluženju i svakodnevnom monaškom životu.ISTORIJA: Tačna godina osnivanja, kao i ime prvobitnog ktitora, za ovaj zapis zahtevaju dodatnu proveru u pouzdanim crkvenim i istoriografskim izvorima. Ipak, za manastire ovog tipa uobičajeno je da su kroz vekove prolazili kroz periode gradnje, obnavljanja, a ponegde i razaranja usled ratova, seoba i političkih previranja. Zato je važno da se u daljoj obradi za Manastir Radovašnica dopune podaci o vremenu nastanka, eventualnim obnovama i ličnostima koje su učestvovale u njegovom podizanju ili obnovi. U aplikaciji ova sekcija može služiti kao mesto za unošenje konkretnih godina izgradnje, obnavljanja i restauracije čim budu potvrđene.ARHITEKTURA: Arhitektonska vrednost manastira ogleda se u spoju crkvene gradnje, uređenja enterijera i prilagođenosti prostora bogoslužbenoj funkciji. Poseban značaj obično imaju oltarski prostor, ikonostas, eventualni živopis, kao i sklad između hrama i prirodnog okruženja. Ako su sačuvani podaci o starijim fazama gradnje, ovde se kasnije mogu navesti stilske odlike, tip osnove hrama i najvažnije umetničke karakteristike.DUHOVNI ŽIVOT: Manastir Radovašnica ima značaj kao mesto molitve, liturgijskog sabranja i očuvanja pravoslavne tradicije. Na velike praznike i manastirsku slavu ovakve svetinje okupljaju vernike, hodočasnike i posetioce koji dolaze radi molitve, mira i upoznavanja sa duhovnim nasleđem. Monaški ili parohijski život, u zavisnosti od statusa svetinje, doprinosi kontinuitetu bogosluženja i prenošenju predanja na mlađe naraštaje.ZNAČAJ: Manastir Radovašnica je važan deo crkvene, kulturne i istorijske mape Srbije. Njegov značaj nije samo verski, već i identitetski, jer svedoči o trajanju narodne pobožnosti, umetnosti i lokalnog pamćenja. Za potpuniji prikaz preporučuje se da se ovom zapisu naknadno dodaju provereni podaci o ktitoru, tačnoj godini nastanka, obnovama, poznatim svetinjama, freskama i drugim posebnostima vezanim baš za ovaj manastir.";;https://manastiri.rs/eparhije/sabacka/manastir-radovasnica/;manastiri.rs;Kralj Dragutin;1300;Podaci dopunjeni;osm-overpass-exact;sr:Манастир Радовашница;ok

rozanj;Manastir Rožanj;Podrinje;Ljubovija;Kratak pregled: Manastir Rožanj.;44.2500;19.4500;aktivan;Eparhija šabačka;"OPŠTI PODACI: Manastir Rožanj nalazi se u okviru Eparhije šabačke i pripada korpusu značajnih pravoslavnih svetinja na prostoru Srbije. U evidenciji ovog projekta vezuje se za mesto ili šire područje širem području Srbije. Kratak pregled: Manastir Rožanj. Manastirski kompleks se po pravilu sastoji od crkve, porte i pratećih objekata namenjenih bogosluženju i svakodnevnom monaškom životu.ISTORIJA: Tačna godina osnivanja, kao i ime prvobitnog ktitora, za ovaj zapis zahtevaju dodatnu proveru u pouzdanim crkvenim i istoriografskim izvorima. Ipak, za manastire ovog tipa uobičajeno je da su kroz vekove prolazili kroz periode gradnje, obnavljanja, a ponegde i razaranja usled ratova, seoba i političkih previranja. Zato je važno da se u daljoj obradi za Manastir Rožanj dopune podaci o vremenu nastanka, eventualnim obnovama i ličnostima koje su učestvovale u njegovom podizanju ili obnovi. U aplikaciji ova sekcija može služiti kao mesto za unošenje konkretnih godina izgradnje, obnavljanja i restauracije čim budu potvrđene.ARHITEKTURA: Arhitektonska vrednost manastira ogleda se u spoju crkvene gradnje, uređenja enterijera i prilagođenosti prostora bogoslužbenoj funkciji. Poseban značaj obično imaju oltarski prostor, ikonostas, eventualni živopis, kao i sklad između hrama i prirodnog okruženja. Ako su sačuvani podaci o starijim fazama gradnje, ovde se kasnije mogu navesti stilske odlike, tip osnove hrama i najvažnije umetničke karakteristike.DUHOVNI ŽIVOT: Manastir Rožanj ima značaj kao mesto molitve, liturgijskog sabranja i očuvanja pravoslavne tradicije. Na velike praznike i manastirsku slavu ovakve svetinje okupljaju vernike, hodočasnike i posetioce koji dolaze radi molitve, mira i upoznavanja sa duhovnim nasleđem. Monaški ili parohijski život, u zavisnosti od statusa svetinje, doprinosi kontinuitetu bogosluženja i prenošenju predanja na mlađe naraštaje.ZNAČAJ: Manastir Rožanj je važan deo crkvene, kulturne i istorijske mape Srbije. Njegov značaj nije samo verski, već i identitetski, jer svedoči o trajanju narodne pobožnosti, umetnosti i lokalnog pamćenja. Za potpuniji prikaz preporučuje se da se ovom zapisu naknadno dodaju provereni podaci o ktitoru, tačnoj godini nastanka, obnovama, poznatim svetinjama, freskama i drugim posebnostima vezanim baš za ovaj manastir.";images/monasteries/rozanj.jpg;;manastiri.rs;Nepoznat;1300;Podaci dopunjeni;dodato;;ok

rujevac;Manastir Rujevac;Podrinje;Ljubovija;Kratak pregled: Manastir Rujevac.;44.2667;19.3833;aktivan;Eparhija šabačka;"OPŠTI PODACI: Manastir Rujevac nalazi se u okviru Eparhije šabačke i pripada korpusu značajnih pravoslavnih svetinja na prostoru Srbije. U evidenciji ovog projekta vezuje se za mesto ili šire područje širem području Srbije. Kratak pregled: Manastir Rujevac. Manastirski kompleks se po pravilu sastoji od crkve, porte i pratećih objekata namenjenih bogosluženju i svakodnevnom monaškom životu.ISTORIJA: Tačna godina osnivanja, kao i ime prvobitnog ktitora, za ovaj zapis zahtevaju dodatnu proveru u pouzdanim crkvenim i istoriografskim izvorima. Ipak, za manastire ovog tipa uobičajeno je da su kroz vekove prolazili kroz periode gradnje, obnavljanja, a ponegde i razaranja usled ratova, seoba i političkih previranja. Zato je važno da se u daljoj obradi za Manastir Rujevac dopune podaci o vremenu nastanka, eventualnim obnovama i ličnostima koje su učestvovale u njegovom podizanju ili obnovi. U aplikaciji ova sekcija može služiti kao mesto za unošenje konkretnih godina izgradnje, obnavljanja i restauracije čim budu potvrđene.ARHITEKTURA: Arhitektonska vrednost manastira ogleda se u spoju crkvene gradnje, uređenja enterijera i prilagođenosti prostora bogoslužbenoj funkciji. Poseban značaj obično imaju oltarski prostor, ikonostas, eventualni živopis, kao i sklad između hrama i prirodnog okruženja. Ako su sačuvani podaci o starijim fazama gradnje, ovde se kasnije mogu navesti stilske odlike, tip osnove hrama i najvažnije umetničke karakteristike.DUHOVNI ŽIVOT: Manastir Rujevac ima značaj kao mesto molitve, liturgijskog sabranja i očuvanja pravoslavne tradicije. Na velike praznike i manastirsku slavu ovakve svetinje okupljaju vernike, hodočasnike i posetioce koji dolaze radi molitve, mira i upoznavanja sa duhovnim nasleđem. Monaški ili parohijski život, u zavisnosti od statusa svetinje, doprinosi kontinuitetu bogosluženja i prenošenju predanja na mlađe naraštaje.ZNAČAJ: Manastir Rujevac je važan deo crkvene, kulturne i istorijske mape Srbije. Njegov značaj nije samo verski, već i identitetski, jer svedoči o trajanju narodne pobožnosti, umetnosti i lokalnog pamćenja. Za potpuniji prikaz preporučuje se da se ovom zapisu naknadno dodaju provereni podaci o ktitoru, tačnoj godini nastanka, obnovama, poznatim svetinjama, freskama i drugim posebnostima vezanim baš za ovaj manastir.";images/monasteries/rujevac.jpg;;manastiri.rs;Nepoznat;1500;Podaci dopunjeni;dodato;;ok

soko-grad;Manastir Soko Grad;Podrinje;Ljubovija;Kratak pregled: Manastir Soko Grad.;44.2667;19.4333;aktivan;Eparhija šabačka;"OPŠTI PODACI: Manastir Soko Grad nalazi se u okviru Eparhije šabačke i pripada korpusu značajnih pravoslavnih svetinja na prostoru Srbije. U evidenciji ovog projekta vezuje se za mesto ili šire područje širem području Srbije. Kratak pregled: Manastir Soko Grad. Manastirski kompleks se po pravilu sastoji od crkve, porte i pratećih objekata namenjenih bogosluženju i svakodnevnom monaškom životu.ISTORIJA: Tačna godina osnivanja, kao i ime prvobitnog ktitora, za ovaj zapis zahtevaju dodatnu proveru u pouzdanim crkvenim i istoriografskim izvorima. Ipak, za manastire ovog tipa uobičajeno je da su kroz vekove prolazili kroz periode gradnje, obnavljanja, a ponegde i razaranja usled ratova, seoba i političkih previranja. Zato je važno da se u daljoj obradi za Manastir Soko Grad dopune podaci o vremenu nastanka, eventualnim obnovama i ličnostima koje su učestvovale u njegovom podizanju ili obnovi. U aplikaciji ova sekcija može služiti kao mesto za unošenje konkretnih godina izgradnje, obnavljanja i restauracije čim budu potvrđene.ARHITEKTURA: Arhitektonska vrednost manastira ogleda se u spoju crkvene gradnje, uređenja enterijera i prilagođenosti prostora bogoslužbenoj funkciji. Poseban značaj obično imaju oltarski prostor, ikonostas, eventualni živopis, kao i sklad između hrama i prirodnog okruženja. Ako su sačuvani podaci o starijim fazama gradnje, ovde se kasnije mogu navesti stilske odlike, tip osnove hrama i najvažnije umetničke karakteristike.DUHOVNI ŽIVOT: Manastir Soko Grad ima značaj kao mesto molitve, liturgijskog sabranja i očuvanja pravoslavne tradicije. Na velike praznike i manastirsku slavu ovakve svetinje okupljaju vernike, hodočasnike i posetioce koji dolaze radi molitve, mira i upoznavanja sa duhovnim nasleđem. Monaški ili parohijski život, u zavisnosti od statusa svetinje, doprinosi kontinuitetu bogosluženja i prenošenju predanja na mlađe naraštaje.ZNAČAJ: Manastir Soko Grad je važan deo crkvene, kulturne i istorijske mape Srbije. Njegov značaj nije samo verski, već i identitetski, jer svedoči o trajanju narodne pobožnosti, umetnosti i lokalnog pamćenja. Za potpuniji prikaz preporučuje se da se ovom zapisu naknadno dodaju provereni podaci o ktitoru, tačnoj godini nastanka, obnovama, poznatim svetinjama, freskama i drugim posebnostima vezanim baš za ovaj manastir.";images/monasteries/soko-grad.jpg;;manastiri.rs;Episkop Lavrentije;1989;Podaci dopunjeni;dodato;;ok

strmovo;Manastir Strmovo;Zapadna Srbija;Lajkovac;Kratak pregled: Manastir Strmovo.;44.5500;19.7833;aktivan;Eparhija šabačka;"OPŠTI PODACI: Manastir Strmovo nalazi se u okviru Eparhije šabačke i pripada korpusu značajnih pravoslavnih svetinja na prostoru Srbije. U evidenciji ovog projekta vezuje se za mesto ili šire područje širem području Srbije. Kratak pregled: Manastir Strmovo. Manastirski kompleks se po pravilu sastoji od crkve, porte i pratećih objekata namenjenih bogosluženju i svakodnevnom monaškom životu.ISTORIJA: Tačna godina osnivanja, kao i ime prvobitnog ktitora, za ovaj zapis zahtevaju dodatnu proveru u pouzdanim crkvenim i istoriografskim izvorima. Ipak, za manastire ovog tipa uobičajeno je da su kroz vekove prolazili kroz periode gradnje, obnavljanja, a ponegde i razaranja usled ratova, seoba i političkih previranja. Zato je važno da se u daljoj obradi za Manastir Strmovo dopune podaci o vremenu nastanka, eventualnim obnovama i ličnostima koje su učestvovale u njegovom podizanju ili obnovi. U aplikaciji ova sekcija može služiti kao mesto za unošenje konkretnih godina izgradnje, obnavljanja i restauracije čim budu potvrđene.ARHITEKTURA: Arhitektonska vrednost manastira ogleda se u spoju crkvene gradnje, uređenja enterijera i prilagođenosti prostora bogoslužbenoj funkciji. Poseban značaj obično imaju oltarski prostor, ikonostas, eventualni živopis, kao i sklad između hrama i prirodnog okruženja. Ako su sačuvani podaci o starijim fazama gradnje, ovde se kasnije mogu navesti stilske odlike, tip osnove hrama i najvažnije umetničke karakteristike.DUHOVNI ŽIVOT: Manastir Strmovo ima značaj kao mesto molitve, liturgijskog sabranja i očuvanja pravoslavne tradicije. Na velike praznike i manastirsku slavu ovakve svetinje okupljaju vernike, hodočasnike i posetioce koji dolaze radi molitve, mira i upoznavanja sa duhovnim nasleđem. Monaški ili parohijski život, u zavisnosti od statusa svetinje, doprinosi kontinuitetu bogosluženja i prenošenju predanja na mlađe naraštaje.ZNAČAJ: Manastir Strmovo je važan deo crkvene, kulturne i istorijske mape Srbije. Njegov značaj nije samo verski, već i identitetski, jer svedoči o trajanju narodne pobožnosti, umetnosti i lokalnog pamćenja. Za potpuniji prikaz preporučuje se da se ovom zapisu naknadno dodaju provereni podaci o ktitoru, tačnoj godini nastanka, obnovama, poznatim svetinjama, freskama i drugim posebnostima vezanim baš za ovaj manastir.";images/monasteries/strmovo.jpg;;manastiri.rs;Nepoznat;1400;Podaci dopunjeni;dodato;;ok

tronosa;Manastir Tronoša;Podrinje;Loznica;Kratak pregled: Manastir Tronoša je poznata pravoslavna svetinja u oblasti Podrinje.;44.4603786;19.2836503;aktivan;Eparhija šabačka;"OPŠTI PODACI: Manastir Tronoša nalazi se u okviru Eparhije šabačke i pripada korpusu značajnih pravoslavnih svetinja na prostoru Srbije. U evidenciji ovog projekta vezuje se za mesto ili šire područje Loznica. Kratak pregled: Manastir Tronoša je poznata pravoslavna svetinja u oblasti Podrinje. Manastirski kompleks se po pravilu sastoji od crkve, porte i pratećih objekata namenjenih bogosluženju i svakodnevnom monaškom životu.ISTORIJA: Tačna godina osnivanja, kao i ime prvobitnog ktitora, za ovaj zapis zahtevaju dodatnu proveru u pouzdanim crkvenim i istoriografskim izvorima. Ipak, za manastire ovog tipa uobičajeno je da su kroz vekove prolazili kroz periode gradnje, obnavljanja, a ponegde i razaranja usled ratova, seoba i političkih previranja. Zato je važno da se u daljoj obradi za Manastir Tronoša dopune podaci o vremenu nastanka, eventualnim obnovama i ličnostima koje su učestvovale u njegovom podizanju ili obnovi. U aplikaciji ova sekcija može služiti kao mesto za unošenje konkretnih godina izgradnje, obnavljanja i restauracije čim budu potvrđene.ARHITEKTURA: Arhitektonska vrednost manastira ogleda se u spoju crkvene gradnje, uređenja enterijera i prilagođenosti prostora bogoslužbenoj funkciji. Poseban značaj obično imaju oltarski prostor, ikonostas, eventualni živopis, kao i sklad između hrama i prirodnog okruženja. Ako su sačuvani podaci o starijim fazama gradnje, ovde se kasnije mogu navesti stilske odlike, tip osnove hrama i najvažnije umetničke karakteristike.DUHOVNI ŽIVOT: Manastir Tronoša ima značaj kao mesto molitve, liturgijskog sabranja i očuvanja pravoslavne tradicije. Na velike praznike i manastirsku slavu ovakve svetinje okupljaju vernike, hodočasnike i posetioce koji dolaze radi molitve, mira i upoznavanja sa duhovnim nasleđem. Monaški ili parohijski život, u zavisnosti od statusa svetinje, doprinosi kontinuitetu bogosluženja i prenošenju predanja na mlađe naraštaje.ZNAČAJ: Manastir Tronoša je važan deo crkvene, kulturne i istorijske mape Srbije. Njegov značaj nije samo verski, već i identitetski, jer svedoči o trajanju narodne pobožnosti, umetnosti i lokalnog pamćenja. Za potpuniji prikaz preporučuje se da se ovom zapisu naknadno dodaju provereni podaci o ktitoru, tačnoj godini nastanka, obnovama, poznatim svetinjama, freskama i drugim posebnostima vezanim baš za ovaj manastir.";;;nepoznato;Kraljica Katalina Nemanjić;1317;Podaci dopunjeni;nominatim-second-pass;Manastir Manastir Tronoša, Loznica, Srbija;ok

citluk;Manastir Čitluk;Podrinje;Ljubovija;Kratak pregled: Manastir Čitluk.;44.2000;19.3500;aktivan;Eparhija šabačka;"OPŠTI PODACI: Manastir Čitluk nalazi se u okviru Eparhije šabačke i pripada korpusu značajnih pravoslavnih svetinja na prostoru Srbije. U evidenciji ovog projekta vezuje se za mesto ili šire područje širem području Srbije. Kratak pregled: Manastir Čitluk. Manastirski kompleks se po pravilu sastoji od crkve, porte i pratećih objekata namenjenih bogosluženju i svakodnevnom monaškom životu.ISTORIJA: Tačna godina osnivanja, kao i ime prvobitnog ktitora, za ovaj zapis zahtevaju dodatnu proveru u pouzdanim crkvenim i istoriografskim izvorima. Ipak, za manastire ovog tipa uobičajeno je da su kroz vekove prolazili kroz periode gradnje, obnavljanja, a ponegde i razaranja usled ratova, seoba i političkih previranja. Zato je važno da se u daljoj obradi za Manastir Čitluk dopune podaci o vremenu nastanka, eventualnim obnovama i ličnostima koje su učestvovale u njegovom podizanju ili obnovi. U aplikaciji ova sekcija može služiti kao mesto za unošenje konkretnih godina izgradnje, obnavljanja i restauracije čim budu potvrđene.ARHITEKTURA: Arhitektonska vrednost manastira ogleda se u spoju crkvene gradnje, uređenja enterijera i prilagođenosti prostora bogoslužbenoj funkciji. Poseban značaj obično imaju oltarski prostor, ikonostas, eventualni živopis, kao i sklad između hrama i prirodnog okruženja. Ako su sačuvani podaci o starijim fazama gradnje, ovde se kasnije mogu navesti stilske odlike, tip osnove hrama i najvažnije umetničke karakteristike.DUHOVNI ŽIVOT: Manastir Čitluk ima značaj kao mesto molitve, liturgijskog sabranja i očuvanja pravoslavne tradicije. Na velike praznike i manastirsku slavu ovakve svetinje okupljaju vernike, hodočasnike i posetioce koji dolaze radi molitve, mira i upoznavanja sa duhovnim nasleđem. Monaški ili parohijski život, u zavisnosti od statusa svetinje, doprinosi kontinuitetu bogosluženja i prenošenju predanja na mlađe naraštaje.ZNAČAJ: Manastir Čitluk je važan deo crkvene, kulturne i istorijske mape Srbije. Njegov značaj nije samo verski, već i identitetski, jer svedoči o trajanju narodne pobožnosti, umetnosti i lokalnog pamćenja. Za potpuniji prikaz preporučuje se da se ovom zapisu naknadno dodaju provereni podaci o ktitoru, tačnoj godini nastanka, obnovama, poznatim svetinjama, freskama i drugim posebnostima vezanim baš za ovaj manastir.";images/monasteries/citluk.jpg;;manastiri.rs;Nepoznat;2000;Podaci dopunjeni;dodato;;ok

cokesina;Manastir Čokešina;Mačva;Loznica;Kratak pregled: Manastir Čokešina je poznata pravoslavna svetinja u oblasti Mačva.;44.6366;19.3958;aktivan;Eparhija šabačka;"OPŠTI PODACI: Manastir Čokešina nalazi se u okviru Eparhije šabačke i pripada korpusu značajnih pravoslavnih svetinja na prostoru Srbije. U evidencija ovog projekta vezuje se za mesto ili šire područje Loznica. Kratak pregled: Manastir Čokešina je poznata pravoslavna svetinja u oblasti Mačva. Manastirski kompleks se po pravilu sastoji od crkve, porte i pratećih objekata namenjenih bogosluženju i svakodnevnom monaškom životu.ISTORIJA: Tačna godina osnivanja, kao i ime prvobitnog ktitora, za ovaj zapis zahtevaju dodatnu proveru u pouzdanim crkvenim i istoriografskim izvorima. Ipak, za manastire ovog tipa uobičajeno je da su kroz vekove prolazili kroz periode gradnje, obnavljanja, a ponegde i razaranja usled ratova, seoba i političkih previranja. Zato je važno da se u daljoj obradi za Manastir Čokešina dopune podaci o vremenu nastanka, eventualnim obnovama i ličnostima koje su učestvovale u njegovom podizanju ili obnovi. U aplikaciji ova sekcija može služiti kao mesto za unošenje konkretnih godina izgradnje, obnavljanja i restauracije čim budu potvrđene.ARHITEKTURA: Arhitektonska vrednost manastira ogleda se u spoju crkvene gradnje, uređenja enterijera i prilagođenosti prostora bogoslužbenoj funkciji. Poseban značaj obično imaju oltarski prostor, ikonostas, eventualni živopis, kao i sklad između hrama i prirodnog okruženja. Ako su sačuvani podaci o starijim fazama gradnje, ovde se kasnije mogu navesti stilske odlike, tip osnove hrama i najvažnije umetničke karakteristike.DUHOVNI ŽIVOT: Manastir Čokešina ima značaj kao mesto molitve, liturgijskog sabranja i očuvanja pravoslavne tradicije. Na velike praznike i manastirsku slavu ovakve svetinje okupljaju vernike, hodočasnike i posetioce koji dolaze radi molitve, mira i upoznavanja sa duhovnim nasleđem. Monaški ili parohijski život, u zavisnosti od statusa svetinje, doprinosi kontinuitetu bogosluženja i prenošenju predanja na mlađe naraštaje.ZNAČAJ: Manastir Čokešina je važan deo crkvene, kulturne i istorijske mape Srbije. Njegov značaj nije samo verski, već i identitetski, jer svedoči o trajanju narodne pobožnosti, umetnosti i lokalnog pamćenja. Za potpuniji prikaz preporučuje se da se ovom zapisu naknadno dodaju provereni podaci o ktitoru, tačnoj godini nastanka, obnovama, poznatim svetinjama, freskama i drugim posebnostima vezanim baš za ovaj manastir.";;;nepoznato;Miloš Obilić;1389;Podaci dopunjeni;dodato;;ok

brezovac;Manastir Brezovac;Šumadija;Aranđelovac;Manastir Brezovac je pravoslavna svetinja u okviru Eparhije Šumadijska.;44.2598523;20.6009326;odobren;Eparhija šumadijska;"'OPŠTI PODACI: Manastir Brezovac nalazi se u okviru Eparhije šumadijske i pripada korpusu značajnih pravoslavnih svetinja na prostoru Srbije. U evidenciji ovog projekta vezuje se za mesto ili šire područje Šumadija. Manastir Brezovac je pravoslavna svetinja u okviru Eparhije Šumadijska. Manastirski kompleks se po pravilu sastoji od crkve, porte i pratećih objekata namenjenih bogosluženju i svakodnevnom monaškom životu.ISTORIJA: Tačna godina osnivanja, kao i ime prvobitnog ktitora, za ovaj zapis zahtevaju dodatnu proveru u pouzdanim crkvenim i istoriografskim izvorima. Ipak, za manastire ovog tipa uobičajeno je da su kroz vekove prolazili kroz periode gradnje, obnavljanja, a ponegde i razaranja usled ratova, seoba i političkih previranja. Zato je važno da se u daljoj obradi za Manastir Brezovac dopune podaci o vremenu nastanka, eventualnim obnovama i ličnostima koje su učestvovale u njegovom podizanju ili obnovi. U aplikaciji ova sekcija može služiti kao mesto za unošenje konkretnih godina izgradnje, obnavljanja i restauracije čim budu potvrđene.ARHITEKTURA: Arhitektonska vrednost manastira ogleda se u spoju crkvene gradnje, uređenja enterijera i prilagođenosti prostora bogoslužbenoj funkciji. Poseban značaj obično imaju oltarski prostor, ikonostas, eventualni živopis, kao i sklad između hrama i prirodnog okruženja. Ako su sačuvani podaci o starijim fazama gradnje, ovde se kasnije mogu navesti stilske odlike, tip osnove hrama i najvažnije umetničke karakteristike.DUHOVNI ŽIVOT: Manastir Brezovac ima značaj kao mesto molitve, liturgijskog sabranja i očuvanja pravoslavne tradicije. Na velike praznike i manastirsku slavu ovakve svetinje okupljaju vernike, hodočasnike i posetioce koji dolaze radi molitve, mira i upoznavanja sa duhovnim nasleđem. Monaški ili parohijski život, u zavisnosti od statusa svetinje, doprinosi kontinuitetu bogosluženja i prenošenju predanja na mlađe naraštaje.ZNAČAJ: Manastir Brezovac je važan deo crkvene, kulturne i istorijske mape Srbije. Njegov značaj nije samo verski, već i identitetski, jer svedoči o trajanju narodne pobožnosti, umetnosti i lokalnog pamćenja. Za potpuniji prikaz preporučuje se da se ovom zapisu naknadno dodaju provereni podaci o ktitoru, tačnoj godini nastanka, obnovama, poznatim svetinjama, freskama i drugim posebnostima vezanim baš za ovaj manastir.'";;https://manastiri.rs/eparhije/sumadijska/manastir-brezovac/;manastiri.rs;Despot Đurađ Branković;1444;Podaci dopunjeni;osm-overpass-exact;https://www.google.com/maps?q=44.2598523,20.6009326;ok;ok
denkovac;Manastir Denkovac;Šumadija;Kragujevac;Manastir Denkovac je pravoslavna svetinja u okviru Eparhije Šumadijska.;43.8878524;20.9914609;odobren;Eparhija šumadijska;"'OPŠTI PODACI: Manastir Denkovac nalazi se u okviru Eparhije šumadijske i pripada korpusu značajnih pravoslavnih svetinja na prostoru Srbije. U evidenciji ovog projekta vezuje se za mesto ili šire područje Šumadija. Manastir Denkovac je pravoslavna svetinja u okviru Eparhije Šumadijska. Manastirski kompleks se po pravilu sastoji od crkve, porte i pratećih objekata namenjenih bogosluženju i svakodnevnom monaškom životu.ISTORIJA: Tačna godina osnivanja, kao i ime prvobitnog ktitora, za ovaj zapis zahtevaju dodatnu proveru u pouzdanim crkvenim i istoriografskim izvorima. Ipak, za manastire ovog tipa uobičajeno je da su kroz vekove prolazili kroz periode gradnje, obnavljanja, a ponegde i razaranja usled ratova, seoba i političkih previranja. Zato je važno da se u daljoj obradi za Manastir Denkovac dopune podaci o vremenu nastanka, eventualnim obnovama i ličnostima koje su učestvovale u njegovom podizanju ili obnovi. U aplikaciji ova sekcija može služiti kao mesto za unošenje konkretnih godina izgradnje, obnavljanja i restauracije čim budu potvrđene.ARHITEKTURA: Arhitektonska vrednost manastira ogleda se u spoju crkvene gradnje, uređenja enterijera i prilagođenosti prostora bogoslužbenoj funkciji. Poseban značaj obično imaju oltarski prostor, ikonostas, eventualni živopis, kao i sklad između hrama i prirodnog okruženja. Ako su sačuvani podaci o starijim fazama gradnje, ovde se kasnije mogu navesti stilske odlike, tip osnove hrama i najvažnije umetničke karakteristike.DUHOVNI ŽIVOT: Manastir Denkovac ima značaj kao mesto molitve, liturgijskog sabranja i očuvanja pravoslavne tradicije. Na velike praznike i manastirsku slavu ovakve svetinje okupljaju vernike, hodočasnike i posetioce koji dolaze radi molitve, mira i upoznavanja sa duhovnim nasleđem. Monaški ili parohijski život, u zavisnosti od statusa svetinje, doprinosi kontinuitetu bogosluženja i prenošenju predanja na mlađe naraštaje.ZNAČAJ: Manastir Denkovac je važan deo crkvene, kulturne i istorijske mape Srbije. Njegov značaj nije samo verski, već i identitetski, jer svedoči o trajanju narodne pobožnosti, umetnosti i lokalnog pamćenja. Za potpuniji prikaz preporučuje se da se ovom zapisu naknadno dodaju provereni podaci o ktitoru, tačnoj godini nastanka, obnovama, poznatim svetinjama, freskama i drugim posebnostima vezanim baš za ovaj manastir.'";;https://manastiri.rs/eparhije/sumadijska/manastir-denkovac/;manastiri.rs;Kralj Dragutin;1300;Podaci dopunjeni;osm-overpass-exact;https://www.google.com/maps?q=43.8878524,20.9914609;ok;ok
divostin;Manastir Divostin;Šumadija;Kragujevac;Manastir Divostin je pravoslavna svetinja u okviru Eparhije Šumadijska.;44.0308704;20.8248478;odobren;Eparhija šumadijska;"'OPŠTI PODACI: Manastir Divostin nalazi se u okviru Eparhije šumadijske i pripada korpusu značajnih pravoslavnih svetinja na prostoru Srbije. U evidenciji ovog projekta vezuje se za mesto ili šire područje Šumadija. Manastir Divostin je pravoslavna svetinja u okviru Eparhije Šumadijska. Manastirski kompleks se po pravilu sastoji od crkve, porte i pratećih objekata namenjenih bogosluženju i svakodnevnom monaškom životu.ISTORIJA: Tačna godina osnivanja, kao i ime prvobitnog ktitora, za ovaj zapis zahtevaju dodatnu proveru u pouzdanim crkvenim i istoriografskim izvorima. Ipak, za manastire ovog tipa uobičajeno je da su kroz vekove prolazili kroz periode gradnje, obnavljanja, a ponegde i razaranja usled ratova, seoba i političkih previranja. Zato je važno da se u daljoj obradi za Manastir Divostin dopune podaci o vremenu nastanka, eventualnim obnovama i ličnostima koje su učestvovale u njegovom podizanju ili obnovi. U aplikaciji ova sekcija može služiti kao mesto za unošenje konkretnih godina izgradnje, obnavljanja i restauracije čim budu potvrđene.ARHITEKTURA: Arhitektonska vrednost manastira ogleda se u spoju crkvene gradnje, uređenja enterijera i prilagođenosti prostora bogoslužbenoj funkciji. Poseban značaj obično imaju oltarski prostor, ikonostas, eventualni živopis, kao i sklad između hrama i prirodnog okruženja. Ako su sačuvani podaci o starijim fazama gradnje, ovde se kasnije mogu navesti stilske odlike, tip osnove hrama i najvažnije umetničke karakteristike.DUHOVNI ŽIVOT: Manastir Divostin ima značaj kao mesto molitve, liturgijskog sabranja i očuvanja pravoslavne tradicije. Na velike praznike i manastirsku slavu ovakve svetinje okupljaju vernike, hodočasnike i posetioce koji dolaze radi molitve, mira i upoznavanja sa duhovnim nasleđem. Monaški ili parohijski život, u zavisnosti od statusa svetinje, doprinosi kontinuitetu bogosluženja i prenošenju predanja na mlađe naraštaje.ZNAČAJ: Manastir Divostin je važan deo crkvene, kulturne i istorijske mape Srbije. Njegov značaj nije samo verski, već i identitetski, jer svedoči o trajanju narodne pobožnosti, umetnosti i lokalnog pamćenja. Za potpuniji prikaz preporučuje se da se ovom zapisu naknadno dodaju provereni podaci o ktitoru, tačnoj godini nastanka, obnovama, poznatim svetinjama, freskama i drugim posebnostima vezanim baš za ovaj manastir.'";;https://manastiri.rs/eparhije/sumadijska/manastir-divostin/;manastiri.rs;Vizantijski car;1000;Podaci dopunjeni;manastiri.rs->google-maps;https://www.google.com/maps/place/Monastery+Divostin/@44.0308704,20.8248478,17z/data=!3m1!4b1!4m6!3m5!1s0x4757239c08e7f227:0xfda4a248434c9712!8m2!3d44.0308666!4d20.8274227!16s%2Fg%2F12175ttl?entry=tts&g_ep=EgoyMDI0MDcyNC4wKgBIAVAD;ok;ok
dobrovodica;Manastir Dobrovodica;Šumadija;Batočina;Manastir Dobrovodica je pravoslavna svetinja u okviru Eparhije Šumadijska.;44.1245785;21.0776301;odobren;Eparhija šumadijska;"'OPŠTI PODACI: Manastir Dobrovodica nalazi se u okviru Eparhije šumadijske i pripada korpusu značajnih pravoslavnih svetinja na prostoru Srbije. U evidenciji ovog projekta vezuje se za mesto ili šire područje Šumadija. Manastir Dobrovodica je pravoslavna svetinja u okviru Eparhije Šumadijska. Manastirski kompleks se po pravilu sastoji od crkve, porte i pratećih objekata namenjenih bogosluženju i svakodnevnom monaškom životu.ISTORIJA: Tačna godina osnivanja, kao i ime prvobitnog ktitora, za ovaj zapis zahtevaju dodatnu proveru u pouzdanim crkvenim i istoriografskim izvorima. Ipak, za manastire ovog tipa uobičajeno je da su kroz vekove prolazili kroz periode gradnje, obnavljanja, a ponegde i razaranja usled ratova, seoba i političkih previranja. Zato je važno da se u daljoj obradi za Manastir Dobrovodica dopune podaci o vremenu nastanka, eventualnim obnovama i ličnostima koje su učestvovale u njegovom podizanju ili obnovi. U aplikaciji ova sekcija može služiti kao mesto za unošenje konkretnih godina izgradnje, obnavljanja i restauracije čim budu potvrđene.ARHITEKTURA: Arhitektonska vrednost manastira ogleda se u spoju crkvene gradnje, uređenja enterijera i prilagođenosti prostora bogoslužbenoj funkciji. Poseban značaj obično imaju oltarski prostor, ikonostas, eventualni živopis, kao i sklad između hrama i prirodnog okruženja. Ako su sačuvani podaci o starijim fazama gradnje, ovde se kasnije mogu navesti stilske odlike, tip osnove hrama i najvažnije umetničke karakteristike.DUHOVNI ŽIVOT: Manastir Dobrovodica ima značaj kao mesto molitve, liturgijskog sabranja i očuvanja pravoslavne tradicije. Na velike praznike i manastirsku slavu ovakve svetinje okupljaju vernike, hodočasnike i posetioce koji dolaze radi molitve, mira i upoznavanja sa duhovnim nasleđem. Monaški ili parohijski život, u zavisnosti od statusa svetinje, doprinosi kontinuitetu bogosluženja i prenošenju predanja na mlađe naraštaje.ZNAČAJ: Manastir Dobrovodica je važan deo crkvene, kulturne i istorijske mape Srbije. Njegov značaj nije samo verski, već i identitetski, jer svedoči o trajanju narodne pobožnosti, umetnosti i lokalnog pamćenja. Za potpuniji prikaz preporučuje se da se ovom zapisu naknadno dodaju provereni podaci o ktitoru, tačnoj godini nastanka, obnovama, poznatim svetinjama, freskama i drugim posebnostima vezanim baš za ovaj manastir.'";;https://manastiri.rs/eparhije/sumadijska/manastir-dobrovodica/;manastiri.rs;Verni narod;2000;Podaci dopunjeni;manastiri.rs->google-maps;https://www.google.com/maps/place/%D0%9C%D0%B0%D0%BD%D0%B0%D1%81%D1%82%D0%B8%D1%80+%D0%92%D0%B0%D0%B7%D0%BD%D0%B5%D1%81%D0%B5%D1%9A%D0%B0+%D0%93%D0%BE%D1%81%D0%BF%D0%BE%D0%B4%D1%9A%D0%B5%D0%B3+%D1%83+%D0%94%D0%BE%D0%B1%D1%80%D0%BE%D0%B2%D0%BE%D0%B4%D0%B8%D1%86%D0%B8/@44.1245785,21.0776301,17z/data=!3m1!4b1!4m6!3m5!1s0x4756d63b691b4d37:0xc16ac5ba74d1af88!8m2!3d44.1245785!4d21.0776301!16s%2Fg%2F120phv_0?sa=X&ved=1t:2428&ictx=111&entry=tts&g_ep=EgoyMDI1MDIxMC4wIPu8ASoASAFQAw%3D%3D;ok;ok
draca;Manastir Drača;Šumadija;Kragujevac;Manastir Drača je pravoslavna svetinja u okviru Eparhije Šumadijska.;44.0253054;20.7879752;odobren;Eparhija šumadijska;"'OPŠTI PODACI: Manastir Drača nalazi se u okviru Eparhije šumadijske i pripada korpusu značajnih pravoslavnih svetinja na prostoru Srbije. U evidenciji ovog projekta vezuje se za mesto ili šire područje Šumadija. Manastir Drača je pravoslavna svetinja u okviru Eparhije Šumadijska. Manastirski kompleks se po pravilu sastoji od crkve, porte i pratećih objekata namenjenih bogosluženju i svakodnevnom monaškom životu.ISTORIJA: Tačna godina osnivanja, kao i ime prvobitnog ktitora, za ovaj zapis zahtevaju dodatnu proveru u pouzdanim crkvenim i istoriografskim izvorima. Ipak, za manastire ovog tipa uobičajeno je da su kroz vekove prolazili kroz periode gradnje, obnavljanja, a ponegde i razaranja usled ratova, seoba i političkih previranja. Zato je važno da se u daljoj obradi za Manastir Drača dopune podaci o vremenu nastanka, eventualnim obnovama i ličnostima koje su učestvovale u njegovom podizanju ili obnovi. U aplikaciji ova sekcija može služiti kao mesto za unošenje konkretnih godina izgradnje, obnavljanja i restauracije čim budu potvrđene.ARHITEKTURA: Arhitektonska vrednost manastira ogleda se u spoju crkvene gradnje, uređenja enterijera i prilagođenosti prostora bogoslužbenoj funkciji. Poseban značaj obično imaju oltarski prostor, ikonostas, eventualni živopis, kao i sklad između hrama i prirodnog okruženja. Ako su sačuvani podaci o starijim fazama gradnje, ovde se kasnije mogu navesti stilske odlike, tip osnove hrama i najvažnije umetničke karakteristike.DUHOVNI ŽIVOT: Manastir Drača ima značaj kao mesto molitve, liturgijskog sabranja i očuvanja pravoslavne tradicije. Na velike praznike i manastirsku slavu ovakve svetinje okupljaju vernike, hodočasnike i posetioce koji dolaze radi molitve, mira i upoznavanja sa duhovnim nasleđem. Monaški ili parohijski život, u zavisnosti od statusa svetinje, doprinosi kontinuitetu bogosluženja i prenošenju predanja na mlađe naraštaje.ZNAČAJ: Manastir Drača je važan deo crkvene, kulturne i istorijske mape Srbije. Njegov značaj nije samo verski, već i identitetski, jer svedoči o trajanju narodne pobožnosti, umetnosti i lokalnog pamćenja. Za potpuniji prikaz preporučuje se da se ovom zapisu naknadno dodaju provereni podaci o ktitoru, tačnoj godini nastanka, obnovama, poznatim svetinjama, freskama i drugim posebnostima vezanim baš za ovaj manastir.'";;https://manastiri.rs/eparhije/sumadijska/manastir-draca/;manastiri.rs;Oberkapetan Staniša Marković;1734;Podaci dopunjeni;manastiri.rs->google-maps;https://www.google.com/maps/place/Dra%C4%8Da+monastery/@44.0253054,20.7879752,17z/data=!3m1!4b1!4m6!3m5!1s0x475723162a5aa04d:0x3400f6394022de66!8m2!3d44.0253054!4d20.7879752!16s%2Fg%2F122f28jq?entry=tts&g_ep=EgoyMDI1MDIxNy4wIPu8ASoASAFQAw%3D%3D;ok;ok
grncarica;Manastir Grnčarica;Šumadija;Batočina;Manastir Grnčarica je pravoslavna svetinja u okviru Eparhije Šumadijska.;44.0985422;21.0127713;odobren;Eparhija šumadijska;"'OPŠTI PODACI: Manastir Grnčarica nalazi se u okviru Eparhije šumadijske i pripada korpusu značajnih pravoslavnih svetinja na prostoru Srbije. U evidenciji ovog projekta vezuje se za mesto ili šire područje Šumadija. Manastir Grnčarica je pravoslavna svetinja u okviru Eparhije Šumadijska. Manastirski kompleks se po pravilu sastoji od crkve, porte i pratećih objekata namenjenih bogosluženju i svakodnevnom monaškom životu.ISTORIJA: Tačna godina osnivanja, kao i ime prvobitnog ktitora, za ovaj zapis zahtevaju dodatnu proveru u pouzdanim crkvenim i istoriografskim izvorima. Ipak, za manastire ovog tipa uobičajeno je da su kroz vekove prolazili kroz periode gradnje, obnavljanja, a ponegde i razaranja usled ratova, seoba i političkih previranja. Zato je važno da se u daljoj obradi za Manastir Grnčarica dopune podaci o vremenu nastanka, eventualnim obnovama i ličnostima koje su učestvovale u njegovom podizanju ili obnovi. U aplikaciji ova sekcija može služiti kao mesto za unošenje konkretnih godina izgradnje, obnavljanja i restauracije čim budu potvrđene.ARHITEKTURA: Arhitektonska vrednost manastira ogleda se u spoju crkvene gradnje, uređenja enterijera i prilagođenosti prostora bogoslužbenoj funkciji. Poseban značaj obično imaju oltarski prostor, ikonostas, eventualni živopis, kao i sklad između hrama i prirodnog okruženja. Ako su sačuvani podaci o starijim fazama gradnje, ovde se kasnije mogu navesti stilske odlike, tip osnove hrama i najvažnije umetničke karakteristike.DUHOVNI ŽIVOT: Manastir Grnčarica ima značaj kao mesto molitve, liturgijskog sabranja i očuvanja pravoslavne tradicije. Na velike praznike i manastirsku slavu ovakve svetinje okupljaju vernike, hodočasnike i posetioce koji dolaze radi molitve, mira i upoznavanja sa duhovnim nasleđem. Monaški ili parohijski život, u zavisnosti od statusa svetinje, doprinosi kontinuitetu bogosluženja i prenošenju predanja na mlađe naraštaje.ZNAČAJ: Manastir Grnčarica je važan deo crkvene, kulturne i istorijske mape Srbije. Njegov značaj nije samo verski, već i identitetski, jer svedoči o trajanju narodne pobožnosti, umetnosti i lokalnog pamćenja. Za potpuniji prikaz preporučuje se da se ovom zapisu naknadno dodaju provereni podaci o ktitoru, tačnoj godini nastanka, obnovama, poznatim svetinjama, freskama i drugim posebnostima vezanim baš za ovaj manastir.'";;https://manastiri.rs/eparhije/sumadijska/manastir-grncarica/;manastiri.rs;Kralj Dragutin;1300;Podaci dopunjeni;manastiri.rs->google-maps;https://www.google.com/maps/place/Grn%C4%8Darica+monastery,+%D0%A6%D0%B5%D1%80%D1%81%D0%BA%D0%B0+27,+Prnjavor/@44.0985422,21.0127713,17z/data=!3m1!4b1!4m6!3m5!1s0x47572813864f701d:0x3a7760757039f664!8m2!3d44.0984975!4d21.0176486!16s%2Fg%2F1232phw7?entry=tts&g_ep=EgoyMDI0MDcyNC4wKgBIAVAD;ok;ok
ivkovic;Manastir Ivković;Šumadija;Rekovac;Manastir Ivković je pravoslavna svetinja u okviru Eparhije Šumadijska.;43.8637538;21.2138057;odobren;Eparhija šumadijska;"'OPŠTI PODACI: Manastir Ivković nalazi se u okviru Eparhije šumadijske i pripada korpusu značajnih pravoslavnih svetinja na prostoru Srbije. U evidenciji ovog projekta vezuje se za mesto ili šire područje Šumadija. Manastir Ivković je pravoslavna svetinja u okviru Eparhije Šumadijska. Manastirski kompleks se po pravilu sastoji od crkve, porte i pratećih objekata namenjenih bogosluženju i svakodnevnom monaškom životu.ISTORIJA: Tačna godina osnivanja, kao i ime prvobitnog ktitora, za ovaj zapis zahtevaju dodatnu proveru u pouzdanim crkvenim i istoriografskim izvorima. Ipak, za manastire ovog tipa uobičajeno je da su kroz vekove prolazili kroz periode gradnje, obnavljanja, a ponegde i razaranja usled ratova, seoba i političkih previranja. Zato je važno da se u daljoj obradi za Manastir Ivković dopune podaci o vremenu nastanka, eventualnim obnovama i ličnostima koje su učestvovale u njegovom podizanju ili obnovi. U aplikaciji ova sekcija može služiti kao mesto za unošenje konkretnih godina izgradnje, obnavljanja i restauracije čim budu potvrđene.ARHITEKTURA: Arhitektonska vrednost manastira ogleda se u spoju crkvene gradnje, uređenja enterijera i prilagođenosti prostora bogoslužbenoj funkciji. Poseban značaj obično imaju oltarski prostor, ikonostas, eventualni živopis, kao i sklad između hrama i prirodnog okruženja. Ako su sačuvani podaci o starijim fazama gradnje, ovde se kasnije mogu navesti stilske odlike, tip osnove hrama i najvažnije umetničke karakteristike.DUHOVNI ŽIVOT: Manastir Ivković ima značaj kao mesto molitve, liturgijskog sabranja i očuvanja pravoslavne tradicije. Na velike praznike i manastirsku slavu ovakve svetinje okupljaju vernike, hodočasnike i posetioce koji dolaze radi molitve, mira i upoznavanja sa duhovnim nasleđem. Monaški ili parohijski život, u zavisnosti od statusa svetinje, doprinosi kontinuitetu bogosluženja i prenošenju predanja na mlađe naraštaje.ZNAČAJ: Manastir Ivković je važan deo crkvene, kulturne i istorijske mape Srbije. Njegov značaj nije samo verski, već i identitetski, jer svedoči o trajanju narodne pobožnosti, umetnosti i lokalnog pamćenja. Za potpuniji prikaz preporučuje se da se ovom zapisu naknadno dodaju provereni podaci o ktitoru, tačnoj godini nastanka, obnovama, poznatim svetinjama, freskama i drugim posebnostima vezanim baš za ovaj manastir.'";;https://manastiri.rs/eparhije/sumadijska/manastir-ivkovic/;manastiri.rs;Nepoznat;1500;Podaci dopunjeni;manastiri.rs->google-maps;https://www.google.com/maps/place//@43.8637538,21.2138057,17z?entry=tts&g_ep=EgoyMDI1MDIxNy4wIPu8ASoASAFQAw%3D%3D;ok;ok
jakovic;Manastir Jaković;Šumadija;Batočina;Manastir Jaković je pravoslavna svetinja u okviru Eparhije Šumadijska.;44.0586254;21.2598968;odobren;Eparhija šumadijska;"'OPŠTI PODACI: Manastir Jaković nalazi se u okviru Eparhije šumadijske i pripada korpusu značajnih pravoslavnih svetinja na prostoru Srbije. U evidenciji ovog projekta vezuje se za mesto ili šire područje Šumadija. Manastir Jaković je pravoslavna svetinja u okviru Eparhije Šumadijska. Manastirski kompleks se po pravilu sastoji od crkve, porte i pratećih objekata namenjenih bogosluženju i svakodnevnom monaškom životu.ISTORIJA: Tačna godina osnivanja, kao i ime prvobitnog ktitora, za ovaj zapis zahtevaju dodatnu proveru u pouzdanim crkvenim i istoriografskim izvorima. Ipak, za manastire ovog tipa uobičajeno je da su kroz vekove prolazili kroz periode gradnje, obnavljanja, a ponegde i razaranja usled ratova, seoba i političkih previranja. Zato je važno da se u daljoj obradi za Manastir Jaković dopune podaci o vremenu nastanka, eventualnim obnovama i ličnostima koje su učestvovale u njegovom podizanju ili obnovi. U aplikaciji ova sekcija može služiti kao mesto za unošenje konkretnih godina izgradnje, obnavljanja i restauracije čim budu potvrđene.ARHITEKTURA: Arhitektonska vrednost manastira ogleda se u spoju crkvene gradnje, uređenja enterijera i prilagođenosti prostora bogoslužbenoj funkciji. Poseban značaj obično imaju oltarski prostor, ikonostas, eventualni živopis, kao i sklad između hrama i prirodnog okruženja. Ako su sačuvani podaci o starijim fazama gradnje, ovde se kasnije mogu navesti stilske odlike, tip osnove hrama i najvažnije umetničke karakteristike.DUHOVNI ŽIVOT: Manastir Jaković ima značaj kao mesto molitve, liturgijskog sabranja i očuvanja pravoslavne tradicije. Na velike praznike i manastirsku slavu ovakve svetinje okupljaju vernike, hodočasnike i posetioce koji dolaze radi molitve, mira i upoznavanja sa duhovnim nasleđem. Monaški ili parohijski život, u zavisnosti od statusa svetinje, doprinosi kontinuitetu bogosluženja i prenošenju predanja na mlađe naraštaje.ZNAČAJ: Manastir Jaković je važan deo crkvene, kulturne i istorijske mape Srbije. Njegov značaj nije samo verski, već i identitetski, jer svedoči o trajanju narodne pobožnosti, umetnosti i lokalnog pamćenja. Za potpuniji prikaz preporučuje se da se ovom zapisu naknadno dodaju provereni podaci o ktitoru, tačnoj godini nastanka, obnovama, poznatim svetinjama, freskama i drugim posebnostima vezanim baš za ovaj manastir.'";;https://manastiri.rs/eparhije/sumadijska/manastir-jakovic/;manastiri.rs;Nepoznat;1400;Podaci dopunjeni;manastiri.rs->google-maps;https://www.google.com/maps/place/Monastery+Jakovic/@44.0586254,21.2598968,17z/data=!3m1!4b1!4m6!3m5!1s0x4756cfc0f54ea367:0xf2311a60f5e6784b!8m2!3d44.0586216!4d21.2624717!16s%2Fg%2F11dxdydljj?entry=tts&g_ep=EgoyMDI0MDcyNC4wKgBIAVAD;ok;ok
josanica;Manastir Jošanica;Šumadija;Jagodina;Manastir Jošanica je pravoslavna svetinja u okviru Eparhije Šumadijska.;43.9761322;21.1366063;odobren;Eparhija šumadijska;"'OPŠTI PODACI: Manastir Jošanica nalazi se u okviru Eparhije šumadijske i pripada korpusu značajnih pravoslavnih svetinja na prostoru Srbije. U evidenciji ovog projekta vezuje se za mesto ili šire područje Šumadija. Manastir Jošanica je pravoslavna svetinja u okviru Eparhije Šumadijska. Manastirski kompleks se po pravilu sastoji od crkve, porte i pratećih objekata namenjenih bogosluženju i svakodnevnom monaškom životu.ISTORIJA: Tačna godina osnivanja, kao i ime prvobitnog ktitora, za ovaj zapis zahtevaju dodatnu proveru u pouzdanim crkvenim i istoriografskim izvorima. Ipak, za manastire ovog tipa uobičajeno je da su kroz vekove prolazili kroz periode gradnje, obnavljanja, a ponegde i razaranja usled ratova, seoba i političkih previranja. Zato je važno da se u daljoj obradi za Manastir Jošanica dopune podaci o vremenu nastanka, eventualnim obnovama i ličnostima koje su učestvovale u njegovom podizanju ili obnovi. U aplikaciji ova sekcija može služiti kao mesto za unošenje konkretnih godina izgradnje, obnavljanja i restauracije čim budu potvrđene.ARHITEKTURA: Arhitektonska vrednost manastira ogleda se u spoju crkvene gradnje, uređenja enterijera i prilagođenosti prostora bogoslužbenoj funkciji. Poseban značaj obično imaju oltarski prostor, ikonostas, eventualni živopis, kao i sklad između hrama i prirodnog okruženja. Ako su sačuvani podaci o starijim fazama gradnje, ovde se kasnije mogu navesti stilske odlike, tip osnove hrama i najvažnije umetničke karakteristike.DUHOVNI ŽIVOT: Manastir Jošanica ima značaj kao mesto molitve, liturgijskog sabranja i očuvanja pravoslavne tradicije. Na velike praznike i manastirsku slavu ovakve svetinje okupljaju vernike, hodočasnike i posetioce koji dolaze radi molitve, mira i upoznavanja sa duhovnim nasleđem. Monaški ili parohijski život, u zavisnosti od statusa svetinje, doprinosi kontinuitetu bogosluženja i prenošenju predanja na mlađe naraštaje.ZNAČAJ: Manastir Jošanica je važan deo crkvene, kulturne i istorijske mape Srbije. Njegov značaj nije samo verski, već i identitetski, jer svedoči o trajanju narodne pobožnosti, umetnosti i lokalnog pamćenja. Za potpuniji prikaz preporučuje se da se ovom zapisu naknadno dodaju provereni podaci o ktitoru, tačnoj godini nastanka, obnovama, poznatim svetinjama, freskama i drugim posebnostima vezanim baš za ovaj manastir.'";;https://manastiri.rs/eparhije/sumadijska/manastir-josanica/;manastiri.rs;Knez Lazar;1380;Podaci dopunjeni;manastiri.rs->google-maps;https://www.google.com/maps/place/Jo%C5%A1anica+monastery/@43.9761322,21.1366063,17z/data=!3m1!4b1!4m6!3m5!1s0x4756dc9847007a2d:0xbc87cd308051cbbc!8m2!3d43.9761284!4d21.1414772!16s%2Fg%2F1hc0gbypl?entry=tts&g_ep=EgoyMDI0MDcyNC4wKgBIAVAD;ok;ok
kalenic;Manastir Kalenić;Šumadija i Pomoravlje;Rekovac;Kratak pregled: Manastir Kalenić je poznata pravoslavna svetinja u oblasti Šumadija i Pomoravlje.;43.7722876;20.9914598;aktivan;Eparhija šumadijska;"'OPŠTI PODACI: Manastir Kalenić nalazi se u okviru Eparhije šumadijske i pripada korpusu značajnih pravoslavnih svetinja na prostoru Srbije. U evidenciji ovog projekta vezuje se za mesto ili šire područje Rekovac. Kratak pregled: Manastir Kalenić je poznata pravoslavna svetinja u oblasti Šumadija i Pomoravlje. Manastirski kompleks se po pravilu sastoji od crkve, porte i pratećih objekata namenjenih bogosluženju i svakodnevnom monaškom životu.ISTORIJA: Tačna godina osnivanja, kao i ime prvobitnog ktitora, za ovaj zapis zahtevaju dodatnu proveru u pouzdanim crkvenim i istoriografskim izvorima. Ipak, za manastire ovog tipa uobičajeno je da su kroz vekove prolazili kroz periode gradnje, obnavljanja, a ponegde i razaranja usled ratova, seoba i političkih previranja. Zato je važno da se u daljoj obradi za Manastir Kalenić dopune podaci o vremenu nastanka, eventualnim obnovama i ličnostima koje su učestvovale u njegovom podizanju ili obnovi. U aplikaciji ova sekcija može služiti kao mesto za unošenje konkretnih godina izgradnje, obnavljanja i restauracije čim budu potvrđene.ARHITEKTURA: Arhitektonska vrednost manastira ogleda se u spoju crkvene gradnje, uređenja enterijera i prilagođenosti prostora bogoslužbenoj funkciji. Poseban značaj obično imaju oltarski prostor, ikonostas, eventualni živopis, kao i sklad između hrama i prirodnog okruženja. Ako su sačuvani podaci o starijim fazama gradnje, ovde se kasnije mogu navesti stilske odlike, tip osnove hrama i najvažnije umetničke karakteristike.DUHOVNI ŽIVOT: Manastir Kalenić ima značaj kao mesto molitve, liturgijskog sabranja i očuvanja pravoslavne tradicije. Na velike praznike i manastirsku slavu ovakve svetinje okupljaju vernike, hodočasnike i posetioce koji dolaze radi molitve, mira i upoznavanja sa duhovnim nasleđem. Monaški ili parohijski život, u zavisnosti od statusa svetinje, doprinosi kontinuitetu bogosluženja i prenošenju predanja na mlađe naraštaje.ZNAČAJ: Manastir Kalenić je važan deo crkvene, kulturne i istorijske mape Srbije. Njegov značaj nije samo verski, već i identitetski, jer svedoči o trajanju narodne pobožnosti, umetnosti i lokalnog pamćenja. Za potpuniji prikaz preporučuje se da se ovom zapisu naknadno dodaju provereni podaci o ktitoru, tačnoj godini nastanka, obnovama, poznatim svetinjama, freskama i drugim posebnostima vezanim baš za ovaj manastir.'; ; ; nepoznato; Protovestijar Bogdan; 1415; Podaci dopunjeni; nominatim-second-pass; Manastir Manastir Kalenić, Rekovac, Srbija; ok lipar; Manastir Lipar; Šumadija; Kragujevac; Manastir Lipar je pravoslavna svetinja u okviru Eparhije Šumadijska.; 43.9387373; 20.9712222; odobren; Eparhija šumadijska";"OPŠTI PODACI: Manastir Lipar nalazi se u okviru Eparhije šumadijske i pripada korpusu značajnih pravoslavnih svetinja na prostoru Srbije. U evidenciji ovog projekta vezuje se za mesto ili šire područje Šumadija. Manastir Lipar je pravoslavna svetinja u okviru Eparhije Šumadijska. Manastirski kompleks se po pravilu sastoji od crkve, porte i pratećih objekata namenjenih bogosluženju i svakodnevnom monaškom životu.ISTORIJA: Tačna godina osnivanja, kao i ime prvobitnog ktitora, za ovaj zapis zahtevaju dodatnu proveru u pouzdanim crkvenim i istoriografskim izvorima. Ipak, za manastire ovog tipa uobičajeno je da su kroz vekove prolazili kroz periode gradnje, obnavljanja, a ponegde i razaranja usled ratova, seoba i političkih previranja. Zato je važno da se u daljoj obradi za Manastir Lipar dopune podaci o vremenu nastanka, eventualnim obnovama i ličnostima koje su učestvovale u njegovom podizanju ili obnovi. U aplikaciji ova sekcija može služiti kao mesto za unošenje konkretnih godina izgradnje, obnavljanja i restauracije čim budu potvrđene.ARHITEKTURA: Arhitektonska vrednost manastira ogleda se u spoju crkvene gradnje, uređenja enterijera i prilagođenosti prostora bogoslužbenoj funkciji. Poseban značaj obično imaju oltarski prostor, ikonostas, eventualni živopis, kao i sklad između hrama i prirodnog okruženja. Ako su sačuvani podaci o starijim fazama gradnje, ovde se kasnije mogu navesti stilske odlike, tip osnove hrama i najvažnije umetničke karakteristike.DUHOVNI ŽIVOT: Manastir Lipar ima značaj kao mesto molitve, liturgijskog sabranja i očuvanja pravoslavne tradicije. Na velike praznike i manastirsku slavu ovakve svetinje okupljaju vernike, hodočasnike i posetioce koji dolaze radi molitve, mira i upoznavanja sa duhovnim nasleđem. Monaški ili parohijski život, u zavisnosti od statusa svetinje, doprinosi kontinuitetu bogosluženja i prenošenju predanja na mlađe naraštaje.ZNAČAJ: Manastir Lipar je važan deo crkvene, kulturne i istorijske mape Srbije. Njegov značaj nije samo verski, već i identitetski, jer svedoči o trajanju narodne pobožnosti, umetnosti i lokalnog pamćenja. Za potpuniji prikaz preporučuje se da se ovom zapisu naknadno dodaju provereni podaci o ktitoru, tačnoj godini nastanka, obnovama, poznatim svetinjama, freskama i drugim posebnostima vezanim baš za ovaj manastir.";;https://manastiri.rs/eparhije/sumadijska/manastir-lipar/;manastiri.rs;Nepoznat;1600;Podaci dopunjeni;osm-overpass-exact;sr:Манастир Липар;ok
pavlovac;Manastir Pavlovac;Kosmaj;Sopot;Kratak pregled: Manastir Pavlovac je poznata pravoslavna svetinja u oblasti Kosmaj.;44.4548298;20.5971234;aktivan;Eparhija šumadijska;"OPŠTI PODACI: Manastir Pavlovac nalazi se u okviru Eparhije šumadijske i pripada korpusu značajnih pravoslavnih svetinja na prostoru Srbije. U evidenciji ovog projekta vezuje se za mesto ili šire područje Sopot. Kratak pregled: Manastir Pavlovac je poznata pravoslavna svetinja u oblasti Kosmaj. Manastirski kompleks se po pravilu sastoji od crkve, porte i pratećih objekata namenjenih bogosluženju i svakodnevnom monaškom životu.ISTORIJA: Tačna godina osnivanja, kao i ime prvobitnog ktitora, za ovaj zapis zahtevaju dodatnu proveru u pouzdanim crkvenim i istoriografskim izvorima. Ipak, za manastire ovog tipa uobičajeno je da su kroz vekove prolazili kroz periode gradnje, obnavljanja, a ponegde i razaranja usled ratova, seoba i političkih previranja. Zato je važno da se u daljoj obradi za Manastir Pavlovac dopune podaci o vremenu nastanka, eventualnim obnovama i ličnostima koje su učestvovale u njegovom podizanju ili obnovi. U aplikaciji ova sekcija može služiti kao mesto za unošenje konkretnih godina izgradnje, obnavljanja i restauracije čim budu potvrđene.ARHITEKTURA: Arhitektonska vrednost manastira ogleda se u spoju crkvene gradnje, uređenja enterijera i prilagođenosti prostora bogoslužbenoj funkciji. Poseban značaj obično imaju oltarski prostor, ikonostas, eventualni živopis, kao i sklad između hrama i prirodnog okruženja. Ako su sačuvani podaci o starijim fazama gradnje, ovde se kasnije mogu navesti stilske odlike, tip osnove hrama i najvažnije umetničke karakteristike.DUHOVNI ŽIVOT: Manastir Pavlovac ima značaj kao mesto molitve, liturgijskog sabranja i očuvanja pravoslavne tradicije. Na velike praznike i manastirsku slavu ovakve svetinje okupljaju vernike, hodočasnike i posetioce koji dolaze radi molitve, mira i upoznavanja sa duhovnim nasleđem. Monaški ili parohijski život, u zavisnosti od statusa svetinje, doprinosi kontinuitetu bogosluženja i prenošenju predanja na mlađe naraštaje.ZNAČAJ: Manastir Pavlovac je važan deo crkvene, kulturne i istorijske mape Srbije. Njegov značaj nije samo verski, već i identitetski, jer svedoči o trajanju narodne pobožnosti, umetnosti i lokalnog pamćenja. Za potpuniji prikaz preporučuje se da se ovom zapisu naknadno dodaju provereni podaci o ktitoru, tačnoj godini nastanka, obnovama, poznatim svetinjama, freskama i drugim posebnostima vezanim baš za ovaj manastir.";;;nepoznato;Despot Stefan Lazarević;1425;Podaci dopunjeni;osm-overpass-exact;sr:Манастир Павловац;ok

petkovica-sremska;Manastir Petkovica;Srem;Šid;Manastir Petkovica je sremačka svetinja Eparhije sremske, omiljeno mesto poklonjenja i molitve.;45.1258741;19.5333658;aktivan;Eparhija šumadijska;"OPŠTI PODACI: Manastir Petkovica nalazi se u okviru Eparhije šumadijske i pripada korpusu značajnih pravoslavnih svetinja na prostoru Srbije. U evidenciji ovog projekta vezuje se za mesto ili šire područje Srem. Manastir Petkovica je sremačka svetinja Eparhije sremske, omiljeno mesto poklonjenja i molitve. Manastirski kompleks se po pravilu sastoji od crkve, porte i pratećih objekata namenjenih bogosluženju i svakodnevnom monaškom životu.ISTORIJA: Tačna godina osnivanja, kao i ime prvobitnog ktitora, za ovaj zapis zahtevaju dodatnu proveru u pouzdanim crkvenim i istoriografskim izvorima. Ipak, za manastire ovog tipa uobičajeno je da su kroz vekove prolazili kroz periode gradnje, obnavljanja, a ponegde i razaranja usled ratova, seoba i političkih previranja. Zato je važno da se u daljoj obradi za Manastir Petkovica dopune podaci o vremenu nastanka, eventualnim obnovama i ličnostima koje su učestvovale u njegovom podizanju ili obnovi. U aplikaciji ova sekcija može služiti kao mesto za unošenje konkretnih godina izgradnje, obnavljanja i restauracije čim budu potvrđene.ARHITEKTURA: Arhitektonska vrednost manastira ogleda se u spoju crkvene gradnje, uređenja enterijera i prilagođenosti prostora bogoslužbenoj funkciji. Poseban značaj obično imaju oltarski prostor, ikonostas, eventualni živopis, kao i sklad između hrama i prirodnog okruženja. Ako su sačuvani podaci o starijim fazama gradnje, ovde se kasnije mogu navesti stilske odlike, tip osnove hrama i najvažnije umetničke karakteristike.DUHOVNI ŽIVOT: Manastir Petkovica ima značaj kao mesto molitve, liturgijskog sabranja i očuvanja pravoslavne tradicije. Na velike praznike i manastirsku slavu ovakve svetinje okupljaju vernike, hodočasnike i posetioce koji dolaze radi molitve, mira i upoznavanja sa duhovnim nasleđem. Monaški ili parohijski život, u zavisnosti od statusa svetinje, doprinosi kontinuitetu bogosluženja i prenošenju predanja na mlađe naraštaje.ZNAČAJ: Manastir Petkovica je važan deo crkvene, kulturne i istorijske mape Srbije. Njegov značaj nije samo verski, već i identitetski, jer svedoči o trajanju narodne pobožnosti, umetnosti i lokalnog pamćenja. Za potpuniji prikaz preporučuje se da se ovom zapisu naknadno dodaju provereni podaci o ktitoru, tačnoj godini nastanka, obnovama, poznatim svetinjama, freskama i drugim posebnostima vezanim baš za ovaj manastir.";;;manastiri.rs;Jelena Štiljanović;1520;Podaci dopunjeni;nominatim-second-pass;Manastir Manastir Petkovica, Srem, Srbija;ok

pinosava;Manastir Pinosava;Šumadija;Smederevska Palanka;Manastir Pinosava je pravoslavna svetinja u okviru Eparhije Šumadijska.;44.4232617;20.824757;odobren;Eparhija šumadijska;"OPŠTI PODACI: Manastir Pinosava nalazi se u okviru Eparhije šumadijske i pripada korpusu značajnih pravoslavnih svetinja na prostoru Srbije. U evidenciji ovog projekta vezuje se za mesto ili šire područje Šumadija. Manastir Pinosava je pravoslavna svetinja u okviru Eparhije Šumadijska. Manastirski kompleks se po pravilu sastoji od crkve, porte i pratećih objekata namenjenih bogosluženju i svakodnevnom monaškom životu.ISTORIJA: Tačna godina osnivanja, kao i ime prvobitnog ktitora, za ovaj zapis zahtevaju dodatnu proveru u pouzdanim crkvenim i istoriografskim izvorima. Ipak, za manastire ovog tipa uobičajeno je da su kroz vekove prolazili kroz periode gradnje, obnavljanja, a ponegde i razaranja usled ratova, seoba i političkih previranja. Zato je važno da se u daljoj obradi za Manastir Pinosava dopune podaci o vremenu nastanka, eventualnim obnovama i ličnostima koje su učestvovale u njegovom podizanju ili obnovi. U aplikaciji ova sekcija može služiti kao mesto za unošenje konkretnih godina izgradnje, obnavljanja i restauracije čim budu potvrđene.ARHITEKTURA: Arhitektonska vrednost manastira ogleda se u spoju crkvene gradnje, uređenja enterijera i prilagođenosti prostora bogoslužbenoj funkciji. Poseban značaj obično imaju oltarski prostor, ikonostas, eventualni živopis, kao i sklad između hrama i prirodnog okruženja. Ako su sačuvani podaci o starijim fazama gradnje, ovde se kasnije mogu navesti stilske odlike, tip osnove hrama i najvažnije umetničke karakteristike.DUHOVNI ŽIVOT: Manastir Pinosava ima značaj kao mesto molitve, liturgijskog sabranja i očuvanja pravoslavne tradicije. Na velike praznike i manastirsku slavu ovakve svetinje okupljaju vernike, hodočasnike i posetioce koji dolaze radi molitve, mira i upoznavanja sa duhovnim nasleđem. Monaški ili parohijski život, u zavisnosti od statusa svetinje, doprinosi kontinuitetu bogosluženja i prenošenju predanja na mlađe naraštaje.ZNAČAJ: Manastir Pinosava je važan deo crkvene, kulturne i istorijske mape Srbije. Njegov značaj nije samo verski, već i identitetski, jer svedoči o trajanju narodne pobožnosti, umetnosti i lokalnog pamćenja. Za potpuniji prikaz preporučuje se da se ovom zapisu naknadno dodaju provereni podaci o ktitoru, tačnoj godini nastanka, obnovama, poznatim svetinjama, freskama i drugim posebnostima vezanim baš za ovaj manastir.";;https://manastiri.rs/eparhije/sumadijska/manastir-pinosava/;manastiri.rs;Nepoznat;1800;Podaci dopunjeni;osm-overpass-exact;sr:Манастир Пиносава;ok

prekopeca;Manastir Prekopeča;Šumadija;Kragujevac;Manastir Prekopeča je pravoslavna svetinja u okviru Eparhije Šumadijska.;44.0353372;20.7763795;odobren;Eparhija šumadijska;"'OPŠTI PODACI: Manastir Prekopeča nalazi se u okviru Eparhije šumadijske i pripada korpusu značajnih pravoslavnih svetinja na prostoru Srbije. U evidenciji ovog projekta vezuje se za mesto ili šire područje Šumadija. Manastir Prekopeča je pravoslavna svetinja u okviru Eparhije Šumadijska. Manastirski kompleks se po pravilu sastoji od crkve, porte i pratećih objekata namenjenih bogosluženju i svakodnevnom monaškom životu.ISTORIJA: Tačna godina osnivanja, kao i ime prvobitnog ktitora, za ovaj zapis zahtevaju dodatnu proveru u pouzdanim crkvenim i istoriografskim izvorima. Ipak, za manastire ovog tipa uobičajeno je da su kroz vekove prolazili kroz periode gradnje, obnavljanja, a ponegde i razaranja usled ratova, seoba i političkih previranja. Zato je važno da se u daljoj obradi za Manastir Prekopeča dopune podaci o vremenu nastanka, eventualnim obnovama i ličnostima koje su učestvovale u njegovom podizanju ili obnovi. U aplikaciji ova sekcija može služiti kao mesto za unošenje konkretnih godina izgradnje, obnavljanja i restauracije čim budu potvrđene.ARHITEKTURA: Arhitektonska vrednost manastira ogleda se u spoju crkvene gradnje, uređenja enterijera i prilagođenosti prostora bogoslužbenoj funkciji. Poseban značaj obično imaju oltarski prostor, ikonostas, eventualni živopis, kao i sklad između hrama i prirodnog okruženja. Ako su sačuvani podaci o starijim fazama gradnje, ovde se kasnije mogu navesti stilske odlike, tip osnove hrama i najvažnije umetničke karakteristike.DUHOVNI ŽIVOT: Manastir Prekopeča ima značaj kao mesto molitve, liturgijskog sabranja i očuvanja pravoslavne tradicije. Na velike praznike i manastirsku slavu ovakve svetinje okupljaju vernike, hodočasnike i posetioce koji dolaze radi molitve, mira i upoznavanja sa duhovnim nasleđem. Monaški ili parohijski život, u zavisnosti od statusa svetinje, doprinosi kontinuitetu bogosluženja i prenošenju predanja na mlađe naraštaje.ZNAČAJ: Manastir Prekopeča je važan deo crkvene, kulturne i istorijske mape Srbije. Njegov značaj nije samo verski, već i identitetski, jer svedoči o trajanju narodne pobožnosti, umetnosti i lokalnog pamćenja. Za potpuniji prikaz preporučuje se da se ovom zapisu naknadno dodaju provereni podaci o ktitoru, tačnoj godini nastanka, obnovama, poznatim svetinjama, freskama i drugim posebnostima vezanim baš za ovaj manastir.'";;https://manastiri.rs/eparhije/sumadijska/manastir-prekopeca/;manastiri.rs;Nepoznat;1400;Podaci dopunjeni;manastiri.rs->google-maps;https://www.google.com/maps/place/Manastir+Prekope%C4%8Da/@44.0353372,20.7763795,17z/data=!3m1!4b1!4m6!3m5!1s0x47572349cdf1d04d:0x471a9487137ce54f!8m2!3d44.0353334!4d20.7789544!16s%2Fg%2F11bzx4f7f0?entry=tts&g_ep=EgoyMDI0MDcyNC4wKgBIAVAD;ok;ok
preradovac;Manastir Preradovac;Šumadija;Rekovac;Manastir Preradovac je pravoslavna svetinja u okviru Eparhije Šumadijska.;43.8957995;20.7705321;odobren;Eparhija šumadijska;"'OPŠTI PODACI: Manastir Preradovac nalazi se u okviru Eparhije šumadijske i pripada korpusu značajnih pravoslavnih svetinja na prostoru Srbije. U evidenciji ovog projekta vezuje se za mesto ili šire područje Šumadija. Manastir Preradovac je pravoslavna svetinja u okviru Eparhije Šumadijska. Manastirski kompleks se po pravilu sastoji od crkve, porte i pratećih objekata namenjenih bogosluženju i svakodnevnom monaškom životu.ISTORIJA: Tačna godina osnivanja, kao i ime prvobitnog ktitora, za ovaj zapis zahtevaju dodatnu proveru u pouzdanim crkvenim i istoriografskim izvorima. Ipak, za manastire ovog tipa uobičajeno je da su kroz vekove prolazili kroz periode gradnje, obnavljanja, a ponegde i razaranja usled ratova, seoba i političkih previranja. Zato je važno da se u daljoj obradi za Manastir Preradovac dopune podaci o vremenu nastanka, eventualnim obnovama i ličnostima koje su učestvovale u njegovom podizanju ili obnovi. U aplikaciji ova sekcija može služiti kao mesto za unošenje konkretnih godina izgradnje, obnavljanja i restauracije čim budu potvrđene.ARHITEKTURA: Arhitektonska vrednost manastira ogleda se u spoju crkvene gradnje, uređenja enterijera i prilagođenosti prostora bogoslužbenoj funkciji. Poseban značaj obično imaju oltarski prostor, ikonostas, eventualni živopis, kao i sklad između hrama i prirodnog okruženja. Ako su sačuvani podaci o starijim fazama gradnje, ovde se kasnije mogu navesti stilske odlike, tip osnove hrama i najvažnije umetničke karakteristike.DUHOVNI ŽIVOT: Manastir Preradovac ima značaj kao mesto molitve, liturgijskog sabranja i očuvanja pravoslavne tradicije. Na velike praznike i manastirsku slavu ovakve svetinje okupljaju vernike, hodočasnike i posetioce koji dolaze radi molitve, mira i upoznavanja sa duhovnim nasleđem. Monaški ili parohijski život, u zavisnosti od statusa svetinje, doprinosi kontinuitetu bogosluženja i prenošenju predanja na mlađe naraštaje.ZNAČAJ: Manastir Preradovac je važan deo crkvene, kulturne i istorijske mape Srbije. Njegov značaj nije samo verski, već i identitetski, jer svedoči o trajanju narodne pobožnosti, umetnosti i lokalnog pamćenja. Za potpuniji prikaz preporučuje se da se ovom zapisu naknadno dodaju provereni podaci o ktitoru, tačnoj godini nastanka, obnovama, poznatim svetinjama, freskama i drugim posebnostima vezanim baš za ovaj manastir.'";;https://manastiri.rs/eparhije/sumadijska/manastir-preradovac/;manastiri.rs;Nepoznat;1300;Podaci dopunjeni;manastiri.rs->google-maps;https://www.google.com/maps/place/Pravoslavni+manastir+Preradovac/@43.8957995,20.7705321,11z/data=!4m7!3m6!1s0x4756f1e8a522e503:0xbef8c82b814d8496!8m2!3d43.7560077!4d21.0917222!15sChNtYW5hc3RpciBwcmVyYWRvdmFjkgEJbW9uYXN0ZXJ54AEA!16s%2Fg%2F11bzx4xzxd?entry=tts&g_ep=EgoyMDI0MDcyNC4wKgBIAVAD;ok;ok
raletinac;Manastir Raletinac;Šumadija;Rekovac;Manastir Raletinac je pravoslavna svetinja u okviru Eparhije Šumadijska.;43.8882706;21.0203523;odobren;Eparhija šumadijska;"'OPŠTI PODACI: Manastir Raletinac nalazi se u okviru Eparhije šumadijske i pripada korpusu značajnih pravoslavnih svetinja na prostoru Srbije. U evidenciji ovog projekta vezuje se za mesto ili šire područje Šumadija. Manastir Raletinac je pravoslavna svetinja u okviru Eparhije Šumadijska. Manastirski kompleks se po pravilu sastoji od crkve, porte i pratećih objekata namenjenih bogosluženju i svakodnevnom monaškom životu.ISTORIJA: Tačna godina osnivanja, kao i ime prvobitnog ktitora, za ovaj zapis zahtevaju dodatnu proveru u pouzdanim crkvenim i istoriografskim izvorima. Ipak, za manastire ovog tipa uobičajeno je da su kroz vekove prolazili kroz periode gradnje, obnavljanja, a ponegde i razaranja usled ratova, seoba i političkih previranja. Zato je važno da se u daljoj obradi za Manastir Raletinac dopune podaci o vremenu nastanka, eventualnim obnovama i ličnostima koje su učestvovale u njegovom podizanju ili obnovi. U aplikaciji ova sekcija može služiti kao mesto za unošenje konkretnih godina izgradnje, obnavljanja i restauracije čim budu potvrđene.ARHITEKTURA: Arhitektonska vrednost manastira ogleda se u spoju crkvene gradnje, uređenja enterijera i prilagođenosti prostora bogoslužbenoj funkciji. Poseban značaj obično imaju oltarski prostor, ikonostas, eventualni živopis, kao i sklad između hrama i prirodnog okruženja. Ako su sačuvani podaci o starijim fazama gradnje, ovde se kasnije mogu navesti stilske odlike, tip osnove hrama i najvažnije umetničke karakteristike.DUHOVNI ŽIVOT: Manastir Raletinac ima značaj kao mesto molitve, liturgijskog sabranja i očuvanja pravoslavne tradicije. Na velike praznike i manastirsku slavu ovakve svetinje okupljaju vernike, hodočasnike i posetioce koji dolaze radi molitve, mira i upoznavanja sa duhovnim nasleđem. Monaški ili parohijski život, u zavisnosti od statusa svetinje, doprinosi kontinuitetu bogosluženja i prenošenju predanja na mlađe naraštaje.ZNAČAJ: Manastir Raletinac je važan deo crkvene, kulturne i istorijske mape Srbije. Njegov značaj nije samo verski, već i identitetski, jer svedoči o trajanju narodne pobožnosti, umetnosti i lokalnog pamćenja. Za potpuniji prikaz preporučuje se da se ovom zapisu naknadno dodaju provereni podaci o ktitoru, tačnoj godini nastanka, obnovama, poznatim svetinjama, freskama i drugim posebnostima vezanim baš za ovaj manastir.'";;https://manastiri.rs/eparhije/sumadijska/manastir-raletinac/;manastiri.rs;Nepoznat;1500;Podaci dopunjeni;manastiri.rs->google-maps;https://www.google.com/maps/place/Raletinac/@43.8882706,21.0203523,17z/data=!3m1!4b1!4m6!3m5!1s0x4756e6e759d98621:0xe671f2b43c9d8abb!8m2!3d43.8882706!4d21.0203523!16s%2Fg%2F120x79j8?sa=X&ved=1t:2428&ictx=111&entry=tts&g_ep=EgoyMDI1MDIxMi4wIPu8ASoASAFQAw%3D%3D;ok;ok
ramaca;Manastir Ramaća;Šumadija;Stragari;Manastir Ramaća je pravoslavna svetinja u okviru Eparhije Šumadijska.;44.0995795;20.6758243;odobren;Eparhija šumadijska;"'OPŠTI PODACI: Manastir Ramaća nalazi se u okviru Eparhije šumadijske i pripada korpusu značajnih pravoslavnih svetinja na prostoru Srbije. U evidenciji ovog projekta vezuje se za mesto ili šire područje Šumadija. Manastir Ramaća je pravoslavna svetinja u okviru Eparhije Šumadijska. Manastirski kompleks se po pravilu sastoji od crkve, porte i pratećih objekata namenjenih bogosluženju i svakodnevnom monaškom životu.ISTORIJA: Tačna godina osnivanja, kao i ime prvobitnog ktitora, za ovaj zapis zahtevaju dodatnu proveru u pouzdanim crkvenim i istoriografskim izvorima. Ipak, za manastire ovog tipa uobičajeno je da su kroz vekove prolazili kroz periode gradnje, obnavljanja, a ponegde i razaranja usled ratova, seoba i političkih previranja. Zato je važno da se u daljoj obradi za Manastir Ramaća dopune podaci o vremenu nastanka, eventualnim obnovama i ličnostima koje su učestvovale u njegovom podizanju ili obnovi. U aplikaciji ova sekcija može služiti kao mesto za unošenje konkretnih godina izgradnje, obnavljanja i restauracije čim budu potvrđene.ARHITEKTURA: Arhitektonska vrednost manastira ogleda se u spoju crkvene gradnje, uređenja enterijera i prilagođenosti prostora bogoslužbenoj funkciji. Poseban značaj obično imaju oltarski prostor, ikonostas, eventualni živopis, kao i sklad između hrama i prirodnog okruženja. Ako su sačuvani podaci o starijim fazama gradnje, ovde se kasnije mogu navesti stilske odlike, tip osnove hrama i najvažnije umetničke karakteristike.DUHOVNI ŽIVOT: Manastir Ramaća ima značaj kao mesto molitve, liturgijskog sabranja i očuvanja pravoslavne tradicije. Na velike praznike i manastirsku slavu ovakve svetinje okupljaju vernike, hodočasnike i posetioce koji dolaze radi molitve, mira i upoznavanja sa duhovnim nasleđem. Monaški ili parohijski život, u zavisnosti od statusa svetinje, doprinosi kontinuitetu bogosluženja i prenošenju predanja na mlađe naraštaje.ZNAČAJ: Manastir Ramaća je važan deo crkvene, kulturne i istorijske mape Srbije. Njegov značaj nije samo verski, već i identitetski, jer svedoči o trajanju narodne pobožnosti, umetnosti i lokalnog pamćenja. Za potpuniji prikaz preporučuje se da se ovom zapisu naknadno dodaju provereni podaci o ktitoru, tačnoj godini nastanka, obnovama, poznatim svetinjama, freskama i drugim posebnostima vezanim baš za ovaj manastir.'";;https://manastiri.rs/eparhije/sumadijska/manastir-ramaca/;manastiri.rs;Sveštenik Jovan;1390;Podaci dopunjeni;manastiri.rs->google-maps;https://www.google.com/maps/place/Ramaca+Monastery/@44.0995795,20.6758243,17z/data=!3m1!4b1!4m6!3m5!1s0x47573912e0f9baa7:0x590bc6afe379d352!8m2!3d44.0995795!4d20.6758243!16s%2Fg%2F11bwfly57k?entry=tts&g_ep=EgoyMDI1MDIxNy4wIPu8ASoASAFQAw%3D%3D;ok;ok
sarinac;Manastir Sarinac;Šumadija;Rekovac;Manastir Sarinac je pravoslavna svetinja u okviru Eparhije Šumadijska.;43.895024;21.0169036;odobren;Eparhija šumadijska;"'OPŠTI PODACI: Manastir Sarinac nalazi se u okviru Eparhije šumadijske i pripada korpusu značajnih pravoslavnih svetinja na prostoru Srbije. U evidenciji ovog projekta vezuje se za mesto ili šire područje Šumadija. Manastir Sarinac je pravoslavna svetinja u okviru Eparhije Šumadijska. Manastirski kompleks se po pravilu sastoji od crkve, porte i pratećih objekata namenjenih bogosluženju i svakodnevnom monaškom životu.ISTORIJA: Tačna godina osnivanja, kao i ime prvobitnog ktitora, za ovaj zapis zahtevaju dodatnu proveru u pouzdanim crkvenim i istoriografskim izvorima. Ipak, za manastire ovog tipa uobičajeno je da su kroz vekove prolazili kroz periode gradnje, obnavljanja, a ponegde i razaranja usled ratova, seoba i političkih previranja. Zato je važno da se u daljoj obradi za Manastir Sarinac dopune podaci o vremenu nastanka, eventualnim obnovama i ličnostima koje su učestvovale u njegovom podizanju ili obnovi. U aplikaciji ova sekcija može služiti kao mesto za unošenje konkretnih godina izgradnje, obnavljanja i restauracije čim budu potvrđene.ARHITEKTURA: Arhitektonska vrednost manastira ogleda se u spoju crkvene gradnje, uređenja enterijera i prilagođenosti prostora bogoslužbenoj funkciji. Poseban značaj obično imaju oltarski prostor, ikonostas, eventualni živopis, kao i sklad između hrama i prirodnog okruženja. Ako su sačuvani podaci o starijim fazama gradnje, ovde se kasnije mogu navesti stilske odlike, tip osnove hrama i najvažnije umetničke karakteristike.DUHOVNI ŽIVOT: Manastir Sarinac ima značaj kao mesto molitve, liturgijskog sabranja i očuvanja pravoslavne tradicije. Na velike praznike i manastirsku slavu ovakve svetinje okupljaju vernike, hodočasnike i posetioce koji dolaze radi molitve, mira i upoznavanja sa duhovnim nasleđem. Monaški ili parohijski život, u zavisnosti od statusa svetinje, doprinosi kontinuitetu bogosluženja i prenošenju predanja na mlađe naraštaje.ZNAČAJ: Manastir Sarinac je važan deo crkvene, kulturne i istorijske mape Srbije. Njegov značaj nije samo verski, već i identitetski, jer svedoči o trajanju narodne pobožnosti, umetnosti i lokalnog pamćenja. Za potpuniji prikaz preporučuje se da se ovom zapisu naknadno dodaju provereni podaci o ktitoru, tačnoj godini nastanka, obnovama, poznatim svetinjama, freskama i drugim posebnostima vezanim baš za ovaj manastir.'";;https://manastiri.rs/eparhije/sumadijska/manastir-sarinac/;manastiri.rs;Nepoznat;1400;Podaci dopunjeni;osm-overpass-exact;https://www.google.com/maps?q=43.895024,21.0169036;ok;ok
tresije;Manastir Tresije;Kosmaj;Sopot;Kratak pregled: Manastir Tresije je poznata pravoslavna svetinja u oblasti Kosmaj.;44.4731481;20.5674378;aktivan;Eparhija šumadijska;"OPŠTI PODACI: Manastir Tresije nalazi se u okviru Eparhije šumadijske i pripada korpusu značajnih pravoslavnih svetinja na prostoru Srbije. U evidenciji ovog projekta vezuje se za mesto ili šire područje Sopot. Kratak pregled: Manastir Tresije je poznata pravoslavna svetinja u oblasti Kosmaj. Manastirski kompleks se po pravilu sastoji od crkve, porte i pratećih objekata namenjenih bogosluženju i svakodnevnom monaškom životu.ISTORIJA: Tačna godina osnivanja, kao i ime prvobitnog ktitora, za ovaj zapis zahtevaju dodatnu proveru u pouzdanim crkvenim i istoriografskim izvorima. Ipak, za manastire ovog tipa uobičajeno je da su kroz vekove prolazili kroz periode gradnje, obnavljanja, a ponegde i razaranja usled ratova, seoba i političkih previranja. Zato je važno da se u daljoj obradi za Manastir Tresije dopune podaci o vremenu nastanka, eventualnim obnovama i ličnostima koje su učestvovale u njegovom podizanju ili obnovi. U aplikaciji ova sekcija može služiti kao mesto za unošenje konkretnih godina izgradnje, obnavljanja i restauracije čim budu potvrđene.ARHITEKTURA: Arhitektonska vrednost manastira ogleda se u spoju crkvene gradnje, uređenja enterijera i prilagođenosti prostora bogoslužbenoj funkciji. Poseban značaj obično imaju oltarski prostor, ikonostas, eventualni živopis, kao i sklad između hrama i prirodnog okruženja. Ako su sačuvani podaci o starijim fazama gradnje, ovde se kasnije mogu navesti stilske odlike, tip osnove hrama i najvažnije umetničke karakteristike.DUHOVNI ŽIVOT: Manastir Tresije ima značaj kao mesto molitve, liturgijskog sabranja i očuvanja pravoslavne tradicije. Na velike praznike i manastirsku slavu ovakve svetinje okupljaju vernike, hodočasnike i posetioce koji dolaze radi molitve, mira i upoznavanja sa duhovnim nasleđem. Monaški ili parohijski život, u zavisnosti od statusa svetinje, doprinosi kontinuitetu bogosluženja i prenošenju predanja na mlađe naraštaje.ZNAČAJ: Manastir Tresije je važan deo crkvene, kulturne i istorijske mape Srbije. Njegov značaj nije samo verski, već i identitetski, jer svedoči o trajanju narodne pobožnosti, umetnosti i lokalnog pamćenja. Za potpuniji prikaz preporučuje se da se ovom zapisu naknadno dodaju provereni podaci o ktitoru, tačnoj godini nastanka, obnovama, poznatim svetinjama, freskama i drugim posebnostima vezanim baš za ovaj manastir.";;;nepoznato;Kralj Dragutin;1309;Podaci dopunjeni;nominatim-second-pass;Manastir Manastir Tresije, Sopot, Srbija;ok

celije-valjevska;Manastir Ćelije;Šumadija;Valjevo;Manastir Ćelije je pravoslavna svetinja u okviru Eparhije Šumadijska.;44.2351186;19.8677878;odobren;Eparhija šumadijska;"OPŠTI PODACI: Manastir Ćelije nalazi se u okviru Eparhije šumadijske i pripada korpusu značajnih pravoslavnih svetinja na prostoru Srbije. U evidenciji ovog projekta vezuje se za mesto ili šire područje Šumadija. Manastir Ćelije je pravoslavna svetinja u okviru Eparhije Šumadijska. Manastirski kompleks se po pravilu sastoji od crkve, porte i pratećih objekata namenjenih bogosluženju i svakodnevnom monaškom životu.ISTORIJA: Tačna godina osnivanja, kao i ime prvobitnog ktitora, za ovaj zapis zahtevaju dodatnu proveru u pouzdanim crkvenim i istoriografskim izvorima. Ipak, za manastire ovog tipa uobičajeno je da su kroz vekove prolazili kroz periode gradnje, obnavljanja, a ponegde i razaranja usled ratova, seoba i političkih previranja. Zato je važno da se u daljoj obradi za Manastir Ćelije dopune podaci o vremenu nastanka, eventualnim obnovama i ličnostima koje su učestvovale u njegovom podizanju ili obnovi. U aplikaciji ova sekcija može služiti kao mesto za unošenje konkretnih godina izgradnje, obnavljanja i restauracije čim budu potvrđene.ARHITEKTURA: Arhitektonska vrednost manastira ogleda se u spoju crkvene gradnje, uređenja enterijera i prilagođenosti prostora bogoslužbenoj funkciji. Poseban značaj obično imaju oltarski prostor, ikonostas, eventualni živopis, kao i sklad između hrama i prirodnog okruženja. Ako su sačuvani podaci o starijim fazama gradnje, ovde se kasnije mogu navesti stilske odlike, tip osnove hrama i najvažnije umetničke karakteristike.DUHOVNI ŽIVOT: Manastir Ćelije ima značaj kao mesto molitve, liturgijskog sabranja i očuvanja pravoslavne tradicije. Na velike praznike i manastirsku slavu ovakve svetinje okupljaju vernike, hodočasnike i posetioce koji dolaze radi molitve, mira i upoznavanja sa duhovnim nasleđem. Monaški ili parohijski život, u zavisnosti od statusa svetinje, doprinosi kontinuitetu bogosluženja i prenošenju predanja na mlađe naraštaje.ZNAČAJ: Manastir Ćelije je važan deo crkvene, kulturne i istorijske mape Srbije. Njegov značaj nije samo verski, već i identitetski, jer svedoči o trajanju narodne pobožnosti, umetnosti i lokalnog pamćenja. Za potpuniji prikaz preporučuje se da se ovom zapisu naknadno dodaju provereni podaci o ktitoru, tačnoj godini nastanka, obnovama, poznatim svetinjama, freskama i drugim posebnostima vezanim baš za ovaj manastir.";;https://manastiri.rs/eparhije/sumadijska/manastir-celije/;manastiri.rs;Kralj Dragutin;1300;Podaci dopunjeni;osm-overpass-exact;sr:Манастир Ћелије;ok

sibnica;Manastir Šibnica;Šumadija;Sopot;Manastir Šibnica je pravoslavna svetinja u okviru Eparhije Šumadijska.;44.4812043;20.4434964;odobren;Eparhija šumadijska;"OPŠTI PODACI: Manastir Šibnica nalazi se u okviru Eparhije šumadijske i pripada korpusu značajnih pravoslavnih svetinja na prostoru Srbije. U evidenciji ovog projekta vezuje se za mesto ili šire područje Šumadija. Manastir Šibnica je pravoslavna svetinja u okviru Eparhije Šumadijska. Manastirski kompleks se po pravilu sastoji od crkve, porte i pratećih objekata namenjenih bogosluženju i svakodnevnom monaškom životu.ISTORIJA: Tačna godina osnivanja, kao i ime prvobitnog ktitora, za ovaj zapis zahtevaju dodatnu proveru u pouzdanim crkvenim i istoriografskim izvorima. Ipak, za manastire ovog tipa uobičajeno je da su kroz vekove prolazili kroz periode gradnje, obnavljanja, a ponegde i razaranja usled ratova, seoba i političkih previranja. Zato je važno da se u daljoj obradi za Manastir Šibnica dopune podaci o vremenu nastanka, eventualnim obnovama i ličnostima koje su učestvovale u njegovom podizanju ili obnovi. U aplikaciji ova sekcija može služiti kao mesto za unošenje konkretnih godina izgradnje, obnavljanja i restauracije čim budu potvrđene.ARHITEKTURA: Arhitektonska vrednost manastira ogleda se u spoju crkvene gradnje, uređenja enterijera i prilagođenosti prostora bogoslužbenoj funkciji. Poseban značaj obično imaju oltarski prostor, ikonostas, eventualni živopis, kao i sklad između hrama i prirodnog okruženja. Ako su sačuvani podaci o starijim fazama gradnje, ovde se kasnije mogu navesti stilske odlike, tip osnove hrama i najvažnije umetničke karakteristike.DUHOVNI ŽIVOT: Manastir Šibnica ima značaj kao mesto molitve, liturgijskog sabranja i očuvanja pravoslavne tradicije. Na velike praznike i manastirsku slavu ovakve svetinje okupljaju vernike, hodočasnike i posetioce koji dolaze radi molitve, mira i upoznavanja sa duhovnim nasleđem. Monaški ili parohijski život, u zavisnosti od statusa svetinje, doprinosi kontinuitetu bogosluženja i prenošenju predanja na mlađe naraštaje.ZNAČAJ: Manastir Šibnica je važan deo crkvene, kulturne i istorijske mape Srbije. Njegov značaj nije samo verski, već i identitetski, jer svedoči o trajanju narodne pobožnosti, umetnosti i lokalnog pamćenja. Za potpuniji prikaz preporučuje se da se ovom zapisu naknadno dodaju provereni podaci o ktitoru, tačnoj godini nastanka, obnovama, poznatim svetinjama, freskama i drugim posebnostima vezanim baš za ovaj manastir.";;https://manastiri.rs/eparhije/sumadijska/manastir-sibnica/;manastiri.rs;Nepoznat;1600;Podaci dopunjeni;osm-overpass-exact;sr:Манастир Сибница;ok

blagovestenje-sumadijska;Manastir Blagoveštenje;Šumadija;Stragari;Manastir Blagoveštenje je pravoslavna svetinja u okviru Eparhije Šumadijska.;44.1458436;20.5880184;odobren;Eparhija žička;"'OPŠTI PODACI: Manastir Blagoveštenje nalazi se u okviru Eparhije žičke i pripada korpusu značajnih pravoslavnih svetinja na prostoru Srbije. U evidenciji ovog projekta vezuje se za mesto ili šire područje Šumadija. Manastir Blagoveštenje je pravoslavna svetinja u okviru Eparhije Šumadijska. Manastirski kompleks se po pravilu sastoji od crkve, porte i pratećih objekata namenjenih bogosluženju i svakodnevnom monaškom životu.ISTORIJA: Tačna godina osnivanja, kao i ime prvobitnog ktitora, za ovaj zapis zahtevaju dodatnu proveru u pouzdanim crkvenim i istoriografskim izvorima. Ipak, za manastire ovog tipa uobičajeno je da su kroz vekove prolazili kroz periode gradnje, obnavljanja, a ponegde i razaranja usled ratova, seoba i političkih previranja. Zato je važno da se u daljoj obradi za Manastir Blagoveštenje dopune podaci o vremenu nastanka, eventualnim obnovama i ličnostima koje su učestvovale u njegovom podizanju ili obnovi. U aplikaciji ova sekcija može služiti kao mesto za unošenje konkretnih godina izgradnje, obnavljanja i restauracije čim budu potvrđene.ARHITEKTURA: Arhitektonska vrednost manastira ogleda se u spoju crkvene gradnje, uređenja enterijera i prilagođenosti prostora bogoslužbenoj funkciji. Poseban značaj obično imaju oltarski prostor, ikonostas, eventualni živopis, kao i sklad između hrama i prirodnog okruženja. Ako su sačuvani podaci o starijim fazama gradnje, ovde se kasnije mogu navesti stilske odlike, tip osnove hrama i najvažnije umetničke karakteristike.DUHOVNI ŽIVOT: Manastir Blagoveštenje ima značaj kao mesto molitve, liturgijskog sabranja i očuvanja pravoslavne tradicije. Na velike praznike i manastirsku slavu ovakve svetinje okupljaju vernike, hodočasnike i posetioce koji dolaze radi molitve, mira i upoznavanja sa duhovnim nasleđem. Monaški ili parohijski život, u zavisnosti od statusa svetinje, doprinosi kontinuitetu bogosluženja i prenošenju predanja na mlađe naraštaje.ZNAČAJ: Manastir Blagoveštenje je važan deo crkvene, kulturne i istorijske mape Srbije. Njegov značaj nije samo verski, već i identitetski, jer svedoči o trajanju narodne pobožnosti, umetnosti i lokalnog pamćenja. Za potpuniji prikaz preporučuje se da se ovom zapisu naknadno dodaju provereni podaci o ktitoru, tačnoj godini nastanka, obnovama, poznatim svetinjama, freskama i drugim posebnostima vezanim baš za ovaj manastir.'";;https://manastiri.rs/eparhije/sumadijska/manastir-blagovestenje/;manastiri.rs;Nepoznat;1400;Podaci dopunjeni;manastiri.rs->google-maps;https://www.google.com/maps/place/%D0%9C%D0%B0%D0%BD%D0%B0%D1%81%D1%82%D0%B8%D1%80+%D0%91%D0%BB%D0%B0%D0%B3%D0%BE%D0%B2%D0%B5%D1%88%D1%82%D0%B5%D1%9A%D0%B5+%D0%A0%D1%83%D0%B4%D0%BD%D0%B8%D1%87%D0%BA%D0%BE/@44.1458436,20.5880184,17z/data=!3m1!4b1!4m6!3m5!1s0x475747f2741dbec3:0xd459907d8a62f966!8m2!3d44.1458436!4d20.5880184!16s%2Fg%2F11r_ppjqj?entry=tts&g_ep=EgoyMDI1MDIxOS4xIPu8ASoASAFQAw%3D%3D;ok;ok
dubrava;Manastir Dubrava;Zlatibor;Čajetina;Kratak pregled: Manastir Dubrava.;43.5753404;19.6585359;aktivan;Eparhija žička;"OPŠTI PODACI: Manastir Dubrava nalazi se u okviru Eparhije žičke i pripada korpusu značajnih pravoslavnih svetinja na prostoru Srbije. U evidenciji ovog projekta vezuje se za mesto ili šire područje širem području Srbije. Kratak pregled: Manastir Dubrava. Manastirski kompleks se po pravilu sastoji od crkve, porte i pratećih objekata namenjenih bogosluženju i svakodnevnom monaškom životu.ISTORIJA: Tačna godina osnivanja, kao i ime prvobitnog ktitora, za ovaj zapis zahtevaju dodatnu proveru u pouzdanim crkvenim i istoriografskim izvorima. Ipak, za manastire ovog tipa uobičajeno je da su kroz vekove prolazili kroz periode gradnje, obnavljanja, a ponegde i razaranja usled ratova, seoba i političkih previranja. Zato je važno da se u daljoj obradi za Manastir Dubrava dopune podaci o vremenu nastanka, eventualnim obnovama i ličnostima koje su učestvovale u njegovom podizanju ili obnovi. U aplikaciji ova sekcija može služiti kao mesto za unošenje konkretnih godina izgradnje, obnavljanja i restauracije čim budu potvrđene.ARHITEKTURA: Arhitektonska vrednost manastira ogleda se u spoju crkvene gradnje, uređenja enterijera i prilagođenosti prostora bogoslužbenoj funkciji. Poseban značaj obično imaju oltarski prostor, ikonostas, eventualni živopis, kao i sklad između hrama i prirodnog okruženja. Ako su sačuvani podaci o starijim fazama gradnje, ovde se kasnije mogu navesti stilske odlike, tip osnove hrama i najvažnije umetničke karakteristike.DUHOVNI ŽIVOT: Manastir Dubrava ima značaj kao mesto molitve, liturgijskog sabranja i očuvanja pravoslavne tradicije. Na velike praznike i manastirsku slavu ovakve svetinje okupljaju vernike, hodočasnike i posetioce koji dolaze radi molitve, mira i upoznavanja sa duhovnim nasleđem. Monaški ili parohijski život, u zavisnosti od statusa svetinje, doprinosi kontinuitetu bogosluženja i prenošenju predanja na mlađe naraštaje.ZNAČAJ: Manastir Dubrava je važan deo crkvene, kulturne i istorijske mape Srbije. Njegov značaj nije samo verski, već i identitetski, jer svedoči o trajanju narodne pobožnosti, umetnosti i lokalnog pamćenja. Za potpuniji prikaz preporučuje se da se ovom zapisu naknadno dodaju provereni podaci o ktitoru, tačnoj godini nastanka, obnovama, poznatim svetinjama, freskama i drugim posebnostima vezanim baš za ovaj manastir.";images/monasteries/dubrava.jpg;;manastiri.rs;Monah Danilo;1600;Podaci dopunjeni;nominatim-second-pass;Manastir Manastir Dubrava, Srbija;ok

godovik;Manastir Godovik;Zlatibor;Požega;Kratak pregled: Manastir Godovik.;43.7812715;20.0539538;aktivan;Eparhija žička;"OPŠTI PODACI: Manastir Godovik nalazi se u okviru Eparhije žičke i pripada korpusu značajnih pravoslavnih svetinja na prostoru Srbije. U evidenciji ovog projekta vezuje se za mesto ili šire područje širem području Srbije. Kratak pregled: Manastir Godovik. Manastirski kompleks se po pravilu sastoji od crkve, porte i pratećih objekata namenjenih bogosluženju i svakodnevnom monaškom životu.ISTORIJA: Tačna godina osnivanja, kao i ime prvobitnog ktitora, za ovaj zapis zahtevaju dodatnu proveru u pouzdanim crkvenim i istoriografskim izvorima. Ipak, za manastire ovog tipa uobičajeno je da su kroz vekove prolazili kroz periode gradnje, obnavljanja, a ponegde i razaranja usled ratova, seoba i političkih previranja. Zato je važno da se u daljoj obradi za Manastir Godovik dopune podaci o vremenu nastanka, eventualnim obnovama i ličnostima koje su učestvovale u njegovom podizanju ili obnovi. U aplikaciji ova sekcija može služiti kao mesto za unošenje konkretnih godina izgradnje, obnavljanja i restauracije čim budu potvrđene.ARHITEKTURA: Arhitektonska vrednost manastira ogleda se u spoju crkvene gradnje, uređenja enterijera i prilagođenosti prostora bogoslužbenoj funkciji. Poseban značaj obično imaju oltarski prostor, ikonostas, eventualni živopis, kao i sklad između hrama i prirodnog okruženja. Ako su sačuvani podaci o starijim fazama gradnje, ovde se kasnije mogu navesti stilske odlike, tip osnove hrama i najvažnije umetničke karakteristike.DUHOVNI ŽIVOT: Manastir Godovik ima značaj kao mesto molitve, liturgijskog sabranja i očuvanja pravoslavne tradicije. Na velike praznike i manastirsku slavu ovakve svetinje okupljaju vernike, hodočasnike i posetioce koji dolaze radi molitve, mira i upoznavanja sa duhovnim nasleđem. Monaški ili parohijski život, u zavisnosti od statusa svetinje, doprinosi kontinuitetu bogosluženja i prenošenju predanja na mlađe naraštaje.ZNAČAJ: Manastir Godovik je važan deo crkvene, kulturne i istorijske mape Srbije. Njegov značaj nije samo verski, već i identitetski, jer svedoči o trajanju narodne pobožnosti, umetnosti i lokalnog pamćenja. Za potpuniji prikaz preporučuje se da se ovom zapisu naknadno dodaju provereni podaci o ktitoru, tačnoj godini nastanka, obnovama, poznatim svetinjama, freskama i drugim posebnostima vezanim baš za ovaj manastir.";images/monasteries/godovik.jpg;;manastiri.rs;Knez Lazar;1300;Podaci dopunjeni;nominatim-second-pass;Manastir Manastir Godovik, Srbija;ok

gradac;Manastir Gradac;Raška;Raška;Manastir Gradac je srednjovekovna zadužbina iz 13. veka na obroncima Golije i vezuje se za sv. kraljicu Jelenu.;43.3664524;20.5392294;aktivan;Eparhija žička;"'OPŠTI PODACI: Manastir Gradac nalazi se u okviru Eparhije žičke i pripada korpusu značajnih pravoslavnih svetinja na prostoru Srbije. U evidenciji ovog projekta vezuje se za mesto ili šire područje Raška. Manastir Gradac je srednjovekovna zadužbina iz 13. veka na obroncima Golije i vezuje se za sv. kraljicu Jelenu. Manastirski kompleks se po pravilu sastoji od crkve, porte i pratećih objekata namenjenih bogosluženju i svakodnevnom monaškom životu.ISTORIJA: Tačna godina osnivanja, kao i ime prvobitnog ktitora, za ovaj zapis zahtevaju dodatnu proveru u pouzdanim crkvenim i istoriografskim izvorima. Ipak, za manastire ovog tipa uobičajeno je da su kroz vekove prolazili kroz periode gradnje, obnavljanja, a ponegde i razaranja usled ratova, seoba i političkih previranja. Zato je važno da se u daljoj obradi za Manastir Gradac dopune podaci o vremenu nastanka, eventualnim obnovama i ličnostima koje su učestvovale u njegovom podizanju ili obnovi. U aplikaciji ova sekcija može služiti kao mesto za unošenje konkretnih godina izgradnje, obnavljanja i restauracije čim budu potvrđene.ARHITEKTURA: Arhitektonska vrednost manastira ogleda se u spoju crkvene gradnje, uređenja enterijera i prilagođenosti prostora bogoslužbenoj funkciji. Poseban značaj obično imaju oltarski prostor, ikonostas, eventualni živopis, kao i sklad između hrama i prirodnog okruženja. Ako su sačuvani podaci o starijim fazama gradnje, ovde se kasnije mogu navesti stilske odlike, tip osnove hrama i najvažnije umetničke karakteristike.DUHOVNI ŽIVOT: Manastir Gradac ima značaj kao mesto molitve, liturgijskog sabranja i očuvanja pravoslavne tradicije. Na velike praznike i manastirsku slavu ovakve svetinje okupljaju vernike, hodočasnike i posetioce koji dolaze radi molitve, mira i upoznavanja sa duhovnim nasleđem. Monaški ili parohijski život, u zavisnosti od statusa svetinje, doprinosi kontinuitetu bogosluženja i prenošenju predanja na mlađe naraštaje.ZNAČAJ: Manastir Gradac je važan deo crkvene, kulturne i istorijske mape Srbije. Njegov značaj nije samo verski, već i identitetski, jer svedoči o trajanju narodne pobožnosti, umetnosti i lokalnog pamćenja. Za potpuniji prikaz preporučuje se da se ovom zapisu naknadno dodaju provereni podaci o ktitoru, tačnoj godini nastanka, obnovama, poznatim svetinjama, freskama i drugim posebnostima vezanim baš za ovaj manastir.'";;;https://manastiri.rs/eparhije/zicka/manastir-gradac/;;Kraljica Jelena Anžujska;1270;Podaci dopunjeni;nominatim-second-pass;Manastir Manastir Gradac, Raška, Srbija;ok
ilinje-sabacka;Manastir Ilinje;Mačva;Očage;Kratak pregled: Manastir Ilinje.;43.8988286;20.1827327;aktivan;Eparhija žička;"OPŠTI PODACI: Manastir Ilinje nalazi se u okviru Eparhije žičke i pripada korpusu značajnih pravoslavnih svetinja na prostoru Srbije. U evidenciji ovog projekta vezuje se za mesto ili šire područje širem području Srbije. Kratak pregled: Manastir Ilinje. Manastirski kompleks se po pravilu sastoji od crkve, porte i pratećih objekata namenjenih bogosluženju i svakodnevnom monaškom životu.ISTORIJA: Tačna godina osnivanja, kao i ime prvobitnog ktitora, za ovaj zapis zahtevaju dodatnu proveru u pouzdanim crkvenim i istoriografskim izvorima. Ipak, za manastire ovog tipa uobičajeno je da su kroz vekove prolazili kroz periode gradnje, obnavljanja, a ponegde i razaranja usled ratova, seoba i političkih previranja. Zato je važno da se u daljoj obradi za Manastir Ilinje dopune podaci o vremenu nastanka, eventualnim obnovama i ličnostima koje su učestvovale u njegovom podizanju ili obnovi. U aplikaciji ova sekcija može služiti kao mesto za unošenje konkretnih godina izgradnje, obnavljanja i restauracije čim budu potvrđene.ARHITEKTURA: Arhitektonska vrednost manastira ogleda se u spoju crkvene gradnje, uređenja enterijera i prilagođenosti prostora bogoslužbenoj funkciji. Poseban značaj obično imaju oltarski prostor, ikonostas, eventualni živopis, kao i sklad između hrama i prirodnog okruženja. Ako su sačuvani podaci o starijim fazama gradnje, ovde se kasnije mogu navesti stilske odlike, tip osnove hrama i najvažnije umetničke karakteristike.DUHOVNI ŽIVOT: Manastir Ilinje ima značaj kao mesto molitve, liturgijskog sabranja i očuvanja pravoslavne tradicije. Na velike praznike i manastirsku slavu ovakve svetinje okupljaju vernike, hodočasnike i posetioce koji dolaze radi molitve, mira i upoznavanja sa duhovnim nasleđem. Monaški ili parohijski život, u zavisnosti od statusa svetinje, doprinosi kontinuitetu bogosluženja i prenošenju predanja na mlađe naraštaje.ZNAČAJ: Manastir Ilinje je važan deo crkvene, kulturne i istorijske mape Srbije. Njegov značaj nije samo verski, već i identitetski, jer svedoči o trajanju narodne pobožnosti, umetnosti i lokalnog pamćenja. Za potpuniji prikaz preporučuje se da se ovom zapisu naknadno dodaju provereni podaci o ktitoru, tačnoj godini nastanka, obnovama, poznatim svetinjama, freskama i drugim posebnostima vezanim baš za ovaj manastir.";images/monasteries/ilinje-sabacka.jpg;;manastiri.rs;Ilija Lacković;1983;Podaci dopunjeni;osm-overpass-exact;sr:Манастир Илиње (Каблар);ok

isposnica-svetog-save;Manastir Isposnica Svetog Save;Raška;Kraljevo;Kratak pregled: Manastir Isposnica Svetog Save.;43.5000;20.5000;aktivan;Eparhija žička;"OPŠTI PODACI: Manastir Isposnica Svetog Save nalazi se u okviru Eparhije žičke i pripada korpusu značajnih pravoslavnih svetinja na prostoru Srbije. U evidenciji ovog projekta vezuje se za mesto ili šire područje širem području Srbije. Kratak pregled: Manastir Isposnica Svetog Save. Manastirski kompleks se po pravilu sastoji od crkve, porte i pratećih objekata namenjenih bogosluženju i svakodnevnom monaškom životu.ISTORIJA: Tačna godina osnivanja, kao i ime prvobitnog ktitora, za ovaj zapis zahtevaju dodatnu proveru u pouzdanim crkvenim i istoriografskim izvorima. Ipak, za manastire ovog tipa uobičajeno je da su kroz vekove prolazili kroz periode gradnje, obnavljanja, a ponegde i razaranja usled ratova, seoba i političkih previranja. Zato je važno da se u daljoj obradi za Manastir Isposnica Svetog Save dopune podaci o vremenu nastanka, eventualnim obnovama i ličnostima koje su učestvovale u njegovom podizanju ili obnovi. U aplikaciji ova sekcija može služiti kao mesto za unošenje konkretnih godina izgradnje, obnavljanja i restauracije čim budu potvrđene.ARHITEKTURA: Arhitektonska vrednost manastira ogleda se u spoju crkvene gradnje, uređenja enterijera i prilagođenosti prostora bogoslužbenoj funkciji. Poseban značaj obično imaju oltarski prostor, ikonostas, eventualni živopis, kao i sklad između hrama i prirodnog okruženja. Ako su sačuvani podaci o starijim fazama gradnje, ovde se kasnije mogu navesti stilske odlike, tip osnove hrama i najvažnije umetničke karakteristike.DUHOVNI ŽIVOT: Manastir Isposnica Svetog Save ima značaj kao mesto molitve, liturgijskog sabranja i očuvanja pravoslavne tradicije. Na velike praznike i manastirsku slavu ovakve svetinje okupljaju vernike, hodočasnike i posetioce koji dolaze radi molitve, mira i upoznavanja sa duhovnim nasleđem. Monaški ili parohijski život, u zavisnosti od statusa svetinje, doprinosi kontinuitetu bogosluženja i prenošenju predanja na mlađe naraštaje.ZNAČAJ: Manastir Isposnica Svetog Save je važan deo crkvene, kulturne i istorijske mape Srbije. Njegov značaj nije samo verski, već i identitetski, jer svedoči o trajanju narodne pobožnosti, umetnosti i lokalnog pamćenja. Za potpuniji prikaz preporučuje se da se ovom zapisu naknadno dodaju provereni podaci o ktitoru, tačnoj godini nastanka, obnovama, poznatim svetinjama, freskama i drugim posebnostima vezanim baš za ovaj manastir.";images/monasteries/isposnica-svetog-save.jpg;;manastiri.rs;Sveti Sava;1200;Podaci dopunjeni;dodato;;ok

jezevica;Manastir Ježevica;Moravički;Čačak;Smešten je u podnožju planine Jelice, nedaleko od Čačka, uz crkvu Svetog Nikolaja. Predanja i zapisi ga vezuju za srednji vek, a živopis je rađen u više etapa.;43.8000;20.4000;aktivan;Eparhija žička;"'OPŠTI PODACI: Manastir Ježevica nalazi se u okviru Eparhije žičke i pripada korpusu značajnih pravoslavnih svetinja na prostoru Srbije. U evidenciji ovog projekta vezuje se za mesto ili šire područje širem području Srbije. Smešten je u podnožju planine Jelice, nedaleko od Čačka, uz crkvu Svetog Nikolaja. Predanja i zapisi ga vezuju za srednji vek, a živopis je rađen u više etapa. Manastirski kompleks se po pravilu sastoji od crkve, porte i pratećih objekata namenjenih bogosluženju i svakodnevnom monaškom životu.ISTORIJA: Tačna godina osnivanja, kao i ime prvobitnog ktitora, za ovaj zapis zahtevaju dodatnu proveru u pouzdanim crkvenim i istoriografskim izvorima. Ipak, za manastire ovog tipa uobičajeno je da su kroz vekove prolazili kroz periode gradnje, obnavljanja, a ponegde i razaranja usled ratova, seoba i političkih previranja. Zato je važno da se u daljoj obradi za Manastir Ježevica dopune podaci o vremenu nastanka, eventualnim obnovama i ličnostima koje su učestvovale u njegovom podizanju ili obnovi. U aplikaciji ova sekcija može služiti kao mesto za unošenje konkretnih godina izgradnje, obnavljanja i restauracije čim budu potvrđene.ARHITEKTURA: Arhitektonska vrednost manastira ogleda se u spoju crkvene gradnje, uređenja enterijera i prilagođenosti prostora bogoslužbenoj funkciji. Poseban značaj obično imaju oltarski prostor, ikonostas, eventualni živopis, kao i sklad između hrama i prirodnog okruženja. Ako su sačuvani podaci o starijim fazama gradnje, ovde se kasnije mogu navesti stilske odlike, tip osnove hrama i najvažnije umetničke karakteristike.DUHOVNI ŽIVOT: Manastir Ježevica ima značaj kao mesto molitve, liturgijskog sabranja i očuvanja pravoslavne tradicije. Na velike praznike i manastirsku slavu ovakve svetinje okupljaju vernike, hodočasnike i posetioce koji dolaze radi molitve, mira i upoznavanja sa duhovnim nasleđem. Monaški ili parohijski život, u zavisnosti od statusa svetinje, doprinosi kontinuitetu bogosluženja i prenošenju predanja na mlađe naraštaje.ZNAČAJ: Manastir Ježevica je važan deo crkvene, kulturne i istorijske mape Srbije. Njegov značaj nije samo verski, već i identitetski, jer svedoči o trajanju narodne pobožnosti, umetnosti i lokalnog pamćenja. Za potpuniji prikaz preporučuje se da se ovom zapisu naknadno dodaju provereni podaci o ktitoru, tačnoj godini nastanka, obnovama, poznatim svetinjama, freskama i drugim posebnostima vezanim baš za ovaj manastir.'";;;https://manastiri.rs/eparhije/zicka/manastir-jezevica/;;Ban Milutin;1337;Podaci dopunjeni;dodato;;ok
jovanje-ovcar-kablar;Manastir Jovanje (Ovčar-Kablar);Zapadna Srbija;Čačak;Kratak pregled: Manastir Jovanje (Ovčar-Kablar) je poznata pravoslavna svetinja u oblasti Zapadna Srbija.;43.9000;20.2000;aktivan;Eparhija žička;"'OPŠTI PODACI: Manastir Jovanje (Ovčar-Kablar) nalazi se u okviru Eparhije žičke i pripada korpusu značajnih pravoslavnih svetinja na prostoru Srbije. U evidenciji ovog projekta vezuje se za mesto ili šire područje Čačak. Kratak pregled: Manastir Jovanje (Ovčar-Kablar) je poznata pravoslavna svetinja u oblasti Zapadna Srbija. Manastirski kompleks se po pravilu sastoji od crkve, porte i pratećih objekata namenjenih bogosluženju i svakodnevnom monaškom životu.ISTORIJA: Tačna godina osnivanja, kao i ime prvobitnog ktitora, za ovaj zapis zahtevaju dodatnu proveru u pouzdanim crkvenim i istoriografskim izvorima. Ipak, za manastire ovog tipa uobičajeno je da su kroz vekove prolazili kroz periode gradnje, obnavljanja, a ponegde i razaranja usled ratova, seoba i političkih previranja. Zato je važno da se u daljoj obradi za Manastir Jovanje (Ovčar-Kablar) dopune podaci o vremenu nastanka, eventualnim obnovama i ličnostima koje su učestvovale u njegovom podizanju ili obnovi. U aplikaciji ova sekcija može služiti kao mesto za unošenje konkretnih godina izgradnje, obnavljanja i restauracije čim budu potvrđene.ARHITEKTURA: Arhitektonska vrednost manastira ogleda se u spoju crkvene gradnje, uređenja enterijera i prilagođenosti prostora bogoslužbenoj funkciji. Poseban značaj obično imaju oltarski prostor, ikonostas, eventualni živopis, kao i sklad između hrama i prirodnog okruženja. Ako su sačuvani podaci o starijim fazama gradnje, ovde se kasnije mogu navesti stilske odlike, tip osnove hrama i najvažnije umetničke karakteristike.DUHOVNI ŽIVOT: Manastir Jovanje (Ovčar-Kablar) ima značaj kao mesto molitve, liturgijskog sabranja i očuvanja pravoslavne tradicije. Na velike praznike i manastirsku slavu ovakve svetinje okupljaju vernike, hodočasnike i posetioce koji dolaze radi molitve, mira i upoznavanja sa duhovnim nasleđem. Monaški ili parohijski život, u zavisnosti od statusa svetinje, doprinosi kontinuitetu bogosluženja i prenošenju predanja na mlađe naraštaje.ZNAČAJ: Manastir Jovanje (Ovčar-Kablar) je važan deo crkvene, kulturne i istorijske mape Srbije. Njegov značaj nije samo verski, već i identitetski, jer svedoči o trajanju narodne pobožnosti, umetnosti i lokalnog pamćenja. Za potpuniji prikaz preporučuje se da se ovom zapisu naknadno dodaju provereni podaci o ktitoru, tačnoj godini nastanka, obnovama, poznatim svetinjama, freskama i drugim posebnostima vezanim baš za ovaj manastir.'; ; ; nepoznato; Svetogorski monasi; 1500; Podaci dopunjeni; dodato; ; ok kamenac; Manastir Kamenac; Šumadija; Knić; Kratak pregled: Manastir Kamenac.; 43.8791344; 20.8137443; aktivan; Eparhija žička";"OPŠTI PODACI: Manastir Kamenac nalazi se u okviru Eparhije žičke i pripada korpusu značajnih pravoslavnih svetinja na prostoru Srbije. U evidenciji ovog projekta vezuje se za mesto ili šire područje širem području Srbije. Kratak pregled: Manastir Kamenac. Manastirski kompleks se po pravilu sastoji od crkve, porte i pratećih objekata namenjenih bogosluženju i svakodnevnom monaškom životu.ISTORIJA: Tačna godina osnivanja, kao i ime prvobitnog ktitora, za ovaj zapis zahtevaju dodatnu proveru u pouzdanim crkvenim i istoriografskim izvorima. Ipak, za manastire ovog tipa uobičajeno je da su kroz vekove prolazili kroz periode gradnje, obnavljanja, a ponegde i razaranja usled ratova, seoba i političkih previranja. Zato je važno da se u daljoj obradi za Manastir Kamenac dopune podaci o vremenu nastanka, eventualnim obnovama i ličnostima koje su učestvovale u njegovom podizanju ili obnovi. U aplikaciji ova sekcija može služiti kao mesto za unošenje konkretnih godina izgradnje, obnavljanja i restauracije čim budu potvrđene.ARHITEKTURA: Arhitektonska vrednost manastira ogleda se u spoju crkvene gradnje, uređenja enterijera i prilagođenosti prostora bogoslužbenoj funkciji. Poseban značaj obično imaju oltarski prostor, ikonostas, eventualni živopis, kao i sklad između hrama i prirodnog okruženja. Ako su sačuvani podaci o starijim fazama gradnje, ovde se kasnije mogu navesti stilske odlike, tip osnove hrama i najvažnije umetničke karakteristike.DUHOVNI ŽIVOT: Manastir Kamenac ima značaj kao mesto molitve, liturgijskog sabranja i očuvanja pravoslavne tradicije. Na velike praznike i manastirsku slavu ovakve svetinje okupljaju vernike, hodočasnike i posetioce koji dolaze radi molitve, mira i upoznavanja sa duhovnim nasleđem. Monaški ili parohijski život, u zavisnosti od statusa svetinje, doprinosi kontinuitetu bogosluženja i prenošenju predanja na mlađe naraštaje.ZNAČAJ: Manastir Kamenac je važan deo crkvene, kulturne i istorijske mape Srbije. Njegov značaj nije samo verski, već i identitetski, jer svedoči o trajanju narodne pobožnosti, umetnosti i lokalnog pamćenja. Za potpuniji prikaz preporučuje se da se ovom zapisu naknadno dodaju provereni podaci o ktitoru, tačnoj godini nastanka, obnovama, poznatim svetinjama, freskama i drugim posebnostima vezanim baš za ovaj manastir.";images/monasteries/kamenac.jpg;;manastiri.rs;Despot Stefan Lazarević;1416;Podaci dopunjeni;nominatim-second-pass;Manastir Manastir Kamenac, Srbija;ok
klisura;Manastir Klisura;Zapadna Srbija;Arilje;Kratak pregled: Manastir Klisura.;43.6727372;20.1011397;aktivan;Eparhija žička;"OPŠTI PODACI: Manastir Klisura nalazi se u okviru Eparhije žičke i pripada korpusu značajnih pravoslavnih svetinja na prostoru Srbije. U evidenciji ovog projekta vezuje se za mesto ili šire područje širem području Srbije. Kratak pregled: Manastir Klisura. Manastirski kompleks se po pravilu sastoji od crkve, porte i pratećih objekata namenjenih bogosluženju i svakodnevnom monaškom životu.ISTORIJA: Tačna godina osnivanja, kao i ime prvobitnog ktitora, za ovaj zapis zahtevaju dodatnu proveru u pouzdanim crkvenim i istoriografskim izvorima. Ipak, za manastire ovog tipa uobičajeno je da su kroz vekove prolazili kroz periode gradnje, obnavljanja, a ponegde i razaranja usled ratova, seoba i političkih previranja. Zato je važno da se u daljoj obradi za Manastir Klisura dopune podaci o vremenu nastanka, eventualnim obnovama i ličnostima koje su učestvovale u njegovom podizanju ili obnovi. U aplikaciji ova sekcija može služiti kao mesto za unošenje konkretnih godina izgradnje, obnavljanja i restauracije čim budu potvrđene.ARHITEKTURA: Arhitektonska vrednost manastira ogleda se u spoju crkvene gradnje, uređenja enterijera i prilagođenosti prostora bogoslužbenoj funkciji. Poseban značaj obično imaju oltarski prostor, ikonostas, eventualni živopis, kao i sklad između hrama i prirodnog okruženja. Ako su sačuvani podaci o starijim fazama gradnje, ovde se kasnije mogu navesti stilske odlike, tip osnove hrama i najvažnije umetničke karakteristike.DUHOVNI ŽIVOT: Manastir Klisura ima značaj kao mesto molitve, liturgijskog sabranja i očuvanja pravoslavne tradicije. Na velike praznike i manastirsku slavu ovakve svetinje okupljaju vernike, hodočasnike i posetioce koji dolaze radi molitve, mira i upoznavanja sa duhovnim nasleđem. Monaški ili parohijski život, u zavisnosti od statusa svetinje, doprinosi kontinuitetu bogosluženja i prenošenju predanja na mlađe naraštaje.ZNAČAJ: Manastir Klisura je važan deo crkvene, kulturne i istorijske mape Srbije. Njegov značaj nije samo verski, već i identitetski, jer svedoči o trajanju narodne pobožnosti, umetnosti i lokalnog pamćenja. Za potpuniji prikaz preporučuje se da se ovom zapisu naknadno dodaju provereni podaci o ktitoru, tačnoj godini nastanka, obnovama, poznatim svetinjama, freskama i drugim posebnostima vezanim baš za ovaj manastir.";images/monasteries/klisura.jpg;;manastiri.rs;Sveti Sava (predanje);1200;Podaci dopunjeni;osm-overpass-exact;sr:Манастир Клисура;ok

kovilje;Manastir Kovilje;Zapadna Srbija;Ivanjica;Kratak pregled: Manastir Kovilje.;43.4148456;20.1507421;aktivan;Eparhija žička;"OPŠTI PODACI: Manastir Kovilje nalazi se u okviru Eparhije žičke i pripada korpusu značajnih pravoslavnih svetinja na prostoru Srbije. U evidenciji ovog projekta vezuje se za mesto ili šire područje širem području Srbije. Kratak pregled: Manastir Kovilje. Manastirski kompleks se po pravilu sastoji od crkve, porte i pratećih objekata namenjenih bogosluženju i svakodnevnom monaškom životu.ISTORIJA: Tačna godina osnivanja, kao i ime prvobitnog ktitora, za ovaj zapis zahtevaju dodatnu proveru u pouzdanim crkvenim i istoriografskim izvorima. Ipak, za manastire ovog tipa uobičajeno je da su kroz vekove prolazili kroz periode gradnje, obnavljanja, a ponegde i razaranja usled ratova, seoba i političkih previranja. Zato je važno da se u daljoj obradi za Manastir Kovilje dopune podaci o vremenu nastanka, eventualnim obnovama i ličnostima koje su učestvovale u njegovom podizanju ili obnovi. U aplikaciji ova sekcija može služiti kao mesto za unošenje konkretnih godina izgradnje, obnavljanja i restauracije čim budu potvrđene.ARHITEKTURA: Arhitektonska vrednost manastira ogleda se u spoju crkvene gradnje, uređenja enterijera i prilagođenosti prostora bogoslužbenoj funkciji. Poseban značaj obično imaju oltarski prostor, ikonostas, eventualni živopis, kao i sklad između hrama i prirodnog okruženja. Ako su sačuvani podaci o starijim fazama gradnje, ovde se kasnije mogu navesti stilske odlike, tip osnove hrama i najvažnije umetničke karakteristike.DUHOVNI ŽIVOT: Manastir Kovilje ima značaj kao mesto molitve, liturgijskog sabranja i očuvanja pravoslavne tradicije. Na velike praznike i manastirsku slavu ovakve svetinje okupljaju vernike, hodočasnike i posetioce koji dolaze radi molitve, mira i upoznavanja sa duhovnim nasleđem. Monaški ili parohijski život, u zavisnosti od statusa svetinje, doprinosi kontinuitetu bogosluženja i prenošenju predanja na mlađe naraštaje.ZNAČAJ: Manastir Kovilje je važan deo crkvene, kulturne i istorijske mape Srbije. Njegov značaj nije samo verski, već i identitetski, jer svedoči o trajanju narodne pobožnosti, umetnosti i lokalnog pamćenja. Za potpuniji prikaz preporučuje se da se ovom zapisu naknadno dodaju provereni podaci o ktitoru, tačnoj godini nastanka, obnovama, poznatim svetinjama, freskama i drugim posebnostima vezanim baš za ovaj manastir.";images/monasteries/kovilje.jpg;;manastiri.rs;Stefan Nemanja;1100;Podaci dopunjeni;nominatim-second-pass;Manastir Manastir Kovilje, Srbija;ok

moravci;Manastir Moravci;Kolubara;Ljig;Kratak pregled: Manastir Moravci.;44.1833;20.3000;aktivan;Eparhija žička;"OPŠTI PODACI: Manastir Moravci nalazi se u okviru Eparhije žičke i pripada korpusu značajnih pravoslavnih svetinja na prostoru Srbije. U evidenciji ovog projekta vezuje se za mesto ili šire područje širem području Srbije. Kratak pregled: Manastir Moravci. Manastirski kompleks se po pravilu sastoji od crkve, porte i pratećih objekata namenjenih bogosluženju i svakodnevnom monaškom životu.ISTORIJA: Tačna godina osnivanja, kao i ime prvobitnog ktitora, za ovaj zapis zahtevaju dodatnu proveru u pouzdanim crkvenim i istoriografskim izvorima. Ipak, za manastire ovog tipa uobičajeno je da su kroz vekove prolazili kroz periode gradnje, obnavljanja, a ponegde i razaranja usled ratova, seoba i političkih previranja. Zato je važno da se u daljoj obradi za Manastir Moravci dopune podaci o vremenu nastanka, eventualnim obnovama i ličnostima koje su učestvovale u njegovom podizanju ili obnovi. U aplikaciji ova sekcija može služiti kao mesto za unošenje konkretnih godina izgradnje, obnavljanja i restauracije čim budu potvrđene.ARHITEKTURA: Arhitektonska vrednost manastira ogleda se u spoju crkvene gradnje, uređenja enterijera i prilagođenosti prostora bogoslužbenoj funkciji. Poseban značaj obično imaju oltarski prostor, ikonostas, eventualni živopis, kao i sklad između hrama i prirodnog okruženja. Ako su sačuvani podaci o starijim fazama gradnje, ovde se kasnije mogu navesti stilske odlike, tip osnove hrama i najvažnije umetničke karakteristike.DUHOVNI ŽIVOT: Manastir Moravci ima značaj kao mesto molitve, liturgijskog sabranja i očuvanja pravoslavne tradicije. Na velike praznike i manastirsku slavu ovakve svetinje okupljaju vernike, hodočasnike i posetioce koji dolaze radi molitve, mira i upoznavanja sa duhovnim nasleđem. Monaški ili parohijski život, u zavisnosti od statusa svetinje, doprinosi kontinuitetu bogosluženja i prenošenju predanja na mlađe naraštaje.ZNAČAJ: Manastir Moravci je važan deo crkvene, kulturne i istorijske mape Srbije. Njegov značaj nije samo verski, već i identitetski, jer svedoči o trajanju narodne pobožnosti, umetnosti i lokalnog pamćenja. Za potpuniji prikaz preporučuje se da se ovom zapisu naknadno dodaju provereni podaci o ktitoru, tačnoj godini nastanka, obnovama, poznatim svetinjama, freskama i drugim posebnostima vezanim baš za ovaj manastir.";images/monasteries/moravci.jpg;;manastiri.rs;Kralj Uroš I;1200;Podaci dopunjeni;dodato;;ok

nikolje-sumadijska;Manastir Nikolje;Zapadna Srbija;Čačak;Nalazi se u Ovčarsko-kablarskoj klisuri i posvećen je Svetom Nikoli. U izvorima se navodi da potiče iz 15. veka i da je u 19. veku obnavljan.;43.9097669;20.2060532;odobren;Eparhija žička;"OPŠTI PODACI: Manastir Nikolje nalazi se u okviru Eparhije žičke i pripada korpusu značajnih pravoslavnih svetinja na prostoru Srbije. U evidenciji ovog projekta vezuje se za mesto ili šire područje Šumadija. Nalazi se u Ovčarsko-kablarskoj klisuri i posvećen je Svetom Nikoli. U izvorima se navodi da potiče iz 15. veka i da je u 19. veku obnavljan. Manastirski kompleks se po pravilu sastoji od crkve, porte i pratećih objekata namenjenih bogosluženju i svakodnevnom monaškom životu.ISTORIJA: Tačna godina osnivanja, kao i ime prvobitnog ktitora, za ovaj zapis zahtevaju dodatnu proveru u pouzdanim crkvenim i istoriografskim izvorima. Ipak, za manastire ovog tipa uobičajeno je da su kroz vekove prolazili kroz periode gradnje, obnavljanja, a ponegde i razaranja usled ratova, seoba i političkih previranja. Zato je važno da se u daljoj obradi za Manastir Nikolje dopune podaci o vremenu nastanka, eventualnim obnovama i ličnostima koje su učestvovale u njegovom podizanju ili obnovi. U aplikaciji ova sekcija može služiti kao mesto za unošenje konkretnih godina izgradnje, obnavljanja i restauracije čim budu potvrđene.ARHITEKTURA: Arhitektonska vrednost manastira ogleda se u spoju crkvene gradnje, uređenja enterijera i prilagođenosti prostora bogoslužbenoj funkciji. Poseban značaj obično imaju oltarski prostor, ikonostas, eventualni živopis, kao i sklad između hrama i prirodnog okruženja. Ako su sačuvani podaci o starijim fazama gradnje, ovde se kasnije mogu navesti stilske odlike, tip osnove hrama i najvažnije umetničke karakteristike.DUHOVNI ŽIVOT: Manastir Nikolje ima značaj kao mesto molitve, liturgijskog sabranja i očuvanja pravoslavne tradicije. Na velike praznike i manastirsku slavu ovakve svetinje okupljaju vernike, hodočasnike i posetioce koji dolaze radi molitve, mira i upoznavanja sa duhovnim nasleđem. Monaški ili parohijski život, u zavisnosti od statusa svetinje, doprinosi kontinuitetu bogosluženja i prenošenju predanja na mlađe naraštaje.ZNAČAJ: Manastir Nikolje je važan deo crkvene, kulturne i istorijske mape Srbije. Njegov značaj nije samo verski, već i identitetski, jer svedoči o trajanju narodne pobožnosti, umetnosti i lokalnog pamćenja. Za potpuniji prikaz preporučuje se da se ovom zapisu naknadno dodaju provereni podaci o ktitoru, tačnoj godini nastanka, obnovama, poznatim svetinjama, freskama i drugim posebnostima vezanim baš za ovaj manastir.";;https://manastiri.rs/eparhije/sumadijska/manastir-nikolje/;https://manastiri.rs/eparhije/zicka/manastir-nikolje/;Svetogorski monasi;1400;Podaci dopunjeni;osm-overpass-exact;sr:Манастир Никоље Кабларско;ok

nova-pavlica;Manastir Nova Pavlica;Raška;Raška;Kratak pregled: Manastir Nova Pavlica je poznata pravoslavna svetinja u oblasti Raška.;43.3448875;20.6498778;aktivan;Eparhija žička;"OPŠTI PODACI: Manastir Nova Pavlica nalazi se u okviru Eparhije žičke i pripada korpusu značajnih pravoslavnih svetinja na prostoru Srbije. U evidenciji ovog projekta vezuje se za mesto ili šire područje Raška. Kratak pregled: Manastir Nova Pavlica je poznata pravoslavna svetinja u oblasti Raška. Manastirski kompleks se po pravilu sastoji od crkve, porte i pratećih objekata namenjenih bogosluženju i svakodnevnom monaškom životu.ISTORIJA: Tačna godina osnivanja, kao i ime prvobitnog ktitora, za ovaj zapis zahtevaju dodatnu proveru u pouzdanim crkvenim i istoriografskim izvorima. Ipak, za manastire ovog tipa uobičajeno je da su kroz vekove prolazili kroz periode gradnje, obnavljanja, a ponegde i razaranja usled ratova, seoba i političkih previranja. Zato je važno da se u daljoj obradi za Manastir Nova Pavlica dopune podaci o vremenu nastanka, eventualnim obnovama i ličnostima koje su učestvovale u njegovom podizanju ili obnovi. U aplikaciji ova sekcija može služiti kao mesto za unošenje konkretnih godina izgradnje, obnavljanja i restauracije čim budu potvrđene.ARHITEKTURA: Arhitektonska vrednost manastira ogleda se u spoju crkvene gradnje, uređenja enterijera i prilagođenosti prostora bogoslužbenoj funkciji. Poseban značaj obično imaju oltarski prostor, ikonostas, eventualni živopis, kao i sklad između hrama i prirodnog okruženja. Ako su sačuvani podaci o starijim fazama gradnje, ovde se kasnije mogu navesti stilske odlike, tip osnove hrama i najvažnije umetničke karakteristike.DUHOVNI ŽIVOT: Manastir Nova Pavlica ima značaj kao mesto molitve, liturgijskog sabranja i očuvanja pravoslavne tradicije. Na velike praznike i manastirsku slavu ovakve svetinje okupljaju vernike, hodočasnike i posetioce koji dolaze radi molitve, mira i upoznavanja sa duhovnim nasleđem. Monaški ili parohijski život, u zavisnosti od statusa svetinje, doprinosi kontinuitetu bogosluženja i prenošenju predanja na mlađe naraštaje.ZNAČAJ: Manastir Nova Pavlica je važan deo crkvene, kulturne i istorijske mape Srbije. Njegov značaj nije samo verski, već i identitetski, jer svedoči o trajanju narodne pobožnosti, umetnosti i lokalnog pamćenja. Za potpuniji prikaz preporučuje se da se ovom zapisu naknadno dodaju provereni podaci o ktitoru, tačnoj godini nastanka, obnovama, poznatim svetinjama, freskama i drugim posebnostima vezanim baš za ovaj manastir.";;;nepoznato;Braća Musići;1381;Podaci dopunjeni;osm-overpass-exact;sr:Манастир Нова Павлица;ok

preobrazenje-ovcar-kablar;Manastir Preobraženje (Ovčar-Kablar);Zapadna Srbija;Čačak;Kratak pregled: Manastir Preobraženje (Ovčar-Kablar) je poznata pravoslavna svetinja u oblasti Zapadna Srbija.;43.9167;20.2000;aktivan;Eparhija žička;"OPŠTI PODACI: Manastir Preobraženje (Ovčar-Kablar) nalazi se u okviru Eparhije žičke i pripada korpusu značajnih pravoslavnih svetinja na prostoru Srbije. U evidenciji ovog projekta vezuje se za mesto ili šire područje Čačak. Kratak pregled: Manastir Preobraženje (Ovčar-Kablar) je poznata pravoslavna svetinja u oblasti Zapadna Srbija. Manastirski kompleks se po pravilu sastoji od crkve, porte i pratećih objekata namenjenih bogosluženju i svakodnevnom monaškom životu.ISTORIJA: Tačna godina osnivanja, kao i ime prvobitnog ktitora, za ovaj zapis zahtevaju dodatnu proveru u pouzdanim crkvenim i istoriografskim izvorima. Ipak, za manastire ovog tipa uobičajeno je da su kroz vekove prolazili kroz periode gradnje, obnavljanja, a ponegde i razaranja usled ratova, seoba i političkih previranja. Zato je važno da se u daljoj obradi za Manastir Preobraženje (Ovčar-Kablar) dopune podaci o vremenu nastanka, eventualnim obnovama i ličnostima koje su učestvovale u njegovom podizanju ili obnovi. U aplikaciji ova sekcija može služiti kao mesto za unošenje konkretnih godina izgradnje, obnavljanja i restauracije čim budu potvrđene.ARHITEKTURA: Arhitektonska vrednost manastira ogleda se u spoju crkvene gradnje, uređenja enterijera i prilagođenosti prostora bogoslužbenoj funkciji. Poseban značaj obično imaju oltarski prostor, ikonostas, eventualni živopis, kao i sklad između hrama i prirodnog okruženja. Ako su sačuvani podaci o starijim fazama gradnje, ovde se kasnije mogu navesti stilske odlike, tip osnove hrama i najvažnije umetničke karakteristike.DUHOVNI ŽIVOT: Manastir Preobraženje (Ovčar-Kablar) ima značaj kao mesto molitve, liturgijskog sabranja i očuvanja pravoslavne tradicije. Na velike praznike i manastirsku slavu ovakve svetinje okupljaju vernike, hodočasnike i posetioce koji dolaze radi molitve, mira i upoznavanja sa duhovnim nasleđem. Monaški ili parohijski život, u zavisnosti od statusa svetinje, doprinosi kontinuitetu bogosluženja i prenošenju predanja na mlađe naraštaje.ZNAČAJ: Manastir Preobraženje (Ovčar-Kablar) je važan deo crkvene, kulturne i istorijske mape Srbije. Njegov značaj nije samo verski, već i identitetski, jer svedoči o trajanju narodne pobožnosti, umetnosti i lokalnog pamćenja. Za potpuniji prikaz preporučuje se da se ovom zapisu naknadno dodaju provereni podaci o ktitoru, tačnoj godini nastanka, obnovama, poznatim svetinjama, freskama i drugim posebnostima vezanim baš za ovaj manastir.";;;nepoznato;Vladika Nikolaj Velimirović;1938;Podaci dopunjeni;dodato;;ok

pridvorica;Manastir Pridvorica;Raška;Ivanjica;Kratak pregled: Manastir Pridvorica je poznata pravoslavna svetinja u oblasti Raška.;43.4754826;20.3795189;aktivan;Eparhija žička;"'OPŠTI PODACI: Manastir Pridvorica nalazi se u okviru Eparhije žičke i pripada korpusu značajnih pravoslavnih svetinja na prostoru Srbije. U evidenciji ovog projekta vezuje se za mesto ili šire područje Ivanjica. Kratak pregled: Manastir Pridvorica je poznata pravoslavna svetinja u oblasti Raška. Manastirski kompleks se po pravilu sastoji od crkve, porte i pratećih objekata namenjenih bogosluženju i svakodnevnom monaškom životu.ISTORIJA: Tačna godina osnivanja, kao i ime prvobitnog ktitora, za ovaj zapis zahtevaju dodatnu proveru u pouzdanim crkvenim i istoriografskim izvorima. Ipak, za manastire ovog tipa uobičajeno je da su kroz vekove prolazili kroz periode gradnje, obnavljanja, a ponegde i razaranja usled ratova, seoba i političkih previranja. Zato je važno da se u daljoj obradi za Manastir Pridvorica dopune podaci o vremenu nastanka, eventualnim obnovama i ličnostima koje su učestvovale u njegovom podizanju ili obnovi. U aplikaciji ova sekcija može služiti kao mesto za unošenje konkretnih godina izgradnje, obnavljanja i restauracije čim budu potvrđene.ARHITEKTURA: Arhitektonska vrednost manastira ogleda se u spoju crkvene gradnje, uređenja enterijera i prilagođenosti prostora bogoslužbenoj funkciji. Poseban značaj obično imaju oltarski prostor, ikonostas, eventualni živopis, kao i sklad između hrama i prirodnog okruženja. Ako su sačuvani podaci o starijim fazama gradnje, ovde se kasnije mogu navesti stilske odlike, tip osnove hrama i najvažnije umetničke karakteristike.DUHOVNI ŽIVOT: Manastir Pridvorica ima značaj kao mesto molitve, liturgijskog sabranja i očuvanja pravoslavne tradicije. Na velike praznike i manastirsku slavu ovakve svetinje okupljaju vernike, hodočasnike i posetioce koji dolaze radi molitve, mira i upoznavanja sa duhovnim nasleđem. Monaški ili parohijski život, u zavisnosti od statusa svetinje, doprinosi kontinuitetu bogosluženja i prenošenju predanja na mlađe naraštaje.ZNAČAJ: Manastir Pridvorica je važan deo crkvene, kulturne i istorijske mape Srbije. Njegov značaj nije samo verski, već i identitetski, jer svedoči o trajanju narodne pobožnosti, umetnosti i lokalnog pamćenja. Za potpuniji prikaz preporučuje se da se ovom zapisu naknadno dodaju provereni podaci o ktitoru, tačnoj godini nastanka, obnovama, poznatim svetinjama, freskama i drugim posebnostima vezanim baš za ovaj manastir.'";;;nepoznato;Vlastelin Stefana Nemanje;1195;Podaci dopunjeni;osm-overpass-exact;https://www.google.com/maps?q=43.4754826,20.3795189;ok;ok
raca;Manastir Rača;Zapadna Srbija;Bajina Bašta;Kratak pregled: Manastir Rača je poznata pravoslavna svetinja u oblasti Zapadna Srbija.;43.9312486;19.5413725;aktivan;Eparhija žička;"'OPŠTI PODACI: Manastir Rača nalazi se u okviru Eparhije žičke i pripada korpusu značajnih pravoslavnih svetinja na prostoru Srbije. U evidenciji ovog projekta vezuje se za mesto ili šire područje Bajina Bašta. Kratak pregled: Manastir Rača je poznata pravoslavna svetinja u oblasti Zapadna Srbija. Manastirski kompleks se po pravilu sastoji od crkve, porte i pratećih objekata namenjenih bogosluženju i svakodnevnom monaškom životu.ISTORIJA: Tačna godina osnivanja, kao i ime prvobitnog ktitora, za ovaj zapis zahtevaju dodatnu proveru u pouzdanim crkvenim i istoriografskim izvorima. Ipak, za manastire ovog tipa uobičajeno je da su kroz vekove prolazili kroz periode gradnje, obnavljanja, a ponegde i razaranja usled ratova, seoba i političkih previranja. Zato je važno da se u daljoj obradi za Manastir Rača dopune podaci o vremenu nastanka, eventualnim obnovama i ličnostima koje su učestvovale u njegovom podizanju ili obnovi. U aplikaciji ova sekcija može služiti kao mesto za unošenje konkretnih godina izgradnje, obnavljanja i restauracije čim budu potvrđene.ARHITEKTURA: Arhitektonska vrednost manastira ogleda se u spoju crkvene gradnje, uređenja enterijera i prilagođenosti prostora bogoslužbenoj funkciji. Poseban značaj obično imaju oltarski prostor, ikonostas, eventualni živopis, kao i sklad između hrama i prirodnog okruženja. Ako su sačuvani podaci o starijim fazama gradnje, ovde se kasnije mogu navesti stilske odlike, tip osnove hrama i najvažnije umetničke karakteristike.DUHOVNI ŽIVOT: Manastir Rača ima značaj kao mesto molitve, liturgijskog sabranja i očuvanja pravoslavne tradicije. Na velike praznike i manastirsku slavu ovakve svetinje okupljaju vernike, hodočasnike i posetioce koji dolaze radi molitve, mira i upoznavanja sa duhovnim nasleđem. Monaški ili parohijski život, u zavisnosti od statusa svetinje, doprinosi kontinuitetu bogosluženja i prenošenju predanja na mlađe naraštaje.ZNAČAJ: Manastir Rača je važan deo crkvene, kulturne i istorijske mape Srbije. Njegov značaj nije samo verski, već i identitetski, jer svedoči o trajanju narodne pobožnosti, umetnosti i lokalnog pamćenja. Za potpuniji prikaz preporučuje se da se ovom zapisu naknadno dodaju provereni podaci o ktitoru, tačnoj godini nastanka, obnovama, poznatim svetinjama, freskama i drugim posebnostima vezanim baš za ovaj manastir.'";;;nepoznato;Kralj Dragutin;1276;Podaci dopunjeni;osm-overpass-exact;https://www.google.com/maps?q=43.9312486,19.5413725;ok;ok
rujan;Manastir Rujan;Zapadna Srbija;Užice;Kratak pregled: Manastir Rujan je poznata pravoslavna svetinja u oblasti Zapadna Srbija.;43.8516609;19.7012449;aktivan;Eparhija žička;"OPŠTI PODACI: Manastir Rujan nalazi se u okviru Eparhije žičke i pripada korpusu značajnih pravoslavnih svetinja na prostoru Srbije. U evidenciji ovog projekta vezuje se za mesto ili šire područje Užice. Kratak pregled: Manastir Rujan je poznata pravoslavna svetinja u oblasti Zapadna Srbija. Manastirski kompleks se po pravilu sastoji od crkve, porte i pratećih objekata namenjenih bogosluženju i svakodnevnom monaškom životu.ISTORIJA: Tačna godina osnivanja, kao i ime prvobitnog ktitora, za ovaj zapis zahtevaju dodatnu proveru u pouzdanim crkvenim i istoriografskim izvorima. Ipak, za manastire ovog tipa uobičajeno je da su kroz vekove prolazili kroz periode gradnje, obnavljanja, a ponegde i razaranja usled ratova, seoba i političkih previranja. Zato je važno da se u daljoj obradi za Manastir Rujan dopune podaci o vremenu nastanka, eventualnim obnovama i ličnostima koje su učestvovale u njegovom podizanju ili obnovi. U aplikaciji ova sekcija može služiti kao mesto za unošenje konkretnih godina izgradnje, obnavljanja i restauracije čim budu potvrđene.ARHITEKTURA: Arhitektonska vrednost manastira ogleda se u spoju crkvene gradnje, uređenja enterijera i prilagođenosti prostora bogoslužbenoj funkciji. Poseban značaj obično imaju oltarski prostor, ikonostas, eventualni živopis, kao i sklad između hrama i prirodnog okruženja. Ako su sačuvani podaci o starijim fazama gradnje, ovde se kasnije mogu navesti stilske odlike, tip osnove hrama i najvažnije umetničke karakteristike.DUHOVNI ŽIVOT: Manastir Rujan ima značaj kao mesto molitve, liturgijskog sabranja i očuvanja pravoslavne tradicije. Na velike praznike i manastirsku slavu ovakve svetinje okupljaju vernike, hodočasnike i posetioce koji dolaze radi molitve, mira i upoznavanja sa duhovnim nasleđem. Monaški ili parohijski život, u zavisnosti od statusa svetinje, doprinosi kontinuitetu bogosluženja i prenošenju predanja na mlađe naraštaje.ZNAČAJ: Manastir Rujan je važan deo crkvene, kulturne i istorijske mape Srbije. Njegov značaj nije samo verski, već i identitetski, jer svedoči o trajanju narodne pobožnosti, umetnosti i lokalnog pamćenja. Za potpuniji prikaz preporučuje se da se ovom zapisu naknadno dodaju provereni podaci o ktitoru, tačnoj godini nastanka, obnovama, poznatim svetinjama, freskama i drugim posebnostima vezanim baš za ovaj manastir.";;;nepoznato;Episkop Hrizostom;2004;Podaci dopunjeni;osm-overpass-exact;sr:Манастир Рујан;ok

sabor;Manastir Sabor;Zapadna Srbija;Užice;Kratak pregled: Manastir Sabor.;43.90761;19.5368426;aktivan;Eparhija žička;"OPŠTI PODACI: Manastir Sabor nalazi se u okviru Eparhije žičke i pripada korpusu značajnih pravoslavnih svetinja na prostoru Srbije. U evidenciji ovog projekta vezuje se za mesto ili šire područje širem području Srbije. Kratak pregled: Manastir Sabor. Manastirski kompleks se po pravilu sastoji od crkve, porte i pratećih objekata namenjenih bogosluženju i svakodnevnom monaškom životu.ISTORIJA: Tačna godina osnivanja, kao i ime prvobitnog ktitora, za ovaj zapis zahtevaju dodatnu proveru u pouzdanim crkvenim i istoriografskim izvorima. Ipak, za manastire ovog tipa uobičajeno je da su kroz vekove prolazili kroz periode gradnje, obnavljanja, a ponegde i razaranja usled ratova, seoba i političkih previranja. Zato je važno da se u daljoj obradi za Manastir Sabor dopune podaci o vremenu nastanka, eventualnim obnovama i ličnostima koje su učestvovale u njegovom podizanju ili obnovi. U aplikaciji ova sekcija može služiti kao mesto za unošenje konkretnih godina izgradnje, obnavljanja i restauracije čim budu potvrđene.ARHITEKTURA: Arhitektonska vrednost manastira ogleda se u spoju crkvene gradnje, uređenja enterijera i prilagođenosti prostora bogoslužbenoj funkciji. Poseban značaj obično imaju oltarski prostor, ikonostas, eventualni živopis, kao i sklad između hrama i prirodnog okruženja. Ako su sačuvani podaci o starijim fazama gradnje, ovde se kasnije mogu navesti stilske odlike, tip osnove hrama i najvažnije umetničke karakteristike.DUHOVNI ŽIVOT: Manastir Sabor ima značaj kao mesto molitve, liturgijskog sabranja i očuvanja pravoslavne tradicije. Na velike praznike i manastirsku slavu ovakve svetinje okupljaju vernike, hodočasnike i posetioce koji dolaze radi molitve, mira i upoznavanja sa duhovnim nasleđem. Monaški ili parohijski život, u zavisnosti od statusa svetinje, doprinosi kontinuitetu bogosluženja i prenošenju predanja na mlađe naraštaje.ZNAČAJ: Manastir Sabor je važan deo crkvene, kulturne i istorijske mape Srbije. Njegov značaj nije samo verski, već i identitetski, jer svedoči o trajanju narodne pobožnosti, umetnosti i lokalnog pamćenja. Za potpuniji prikaz preporučuje se da se ovom zapisu naknadno dodaju provereni podaci o ktitoru, tačnoj godini nastanka, obnovama, poznatim svetinjama, freskama i drugim posebnostima vezanim baš za ovaj manastir.";images/monasteries/sabor.jpg;;manastiri.rs;Nepoznat;1900;Podaci dopunjeni;nominatim-second-pass;Manastir Manastir Sabor, Srbija;ok

savinac;Manastir Savinac;Šumadija;Gornji Milanovac;Kratak pregled: Manastir Savinac.;44.0530;20.3540;aktivan;Eparhija žička;"OPŠTI PODACI: Manastir Savinac nalazi se u okviru Eparhije žičke i pripada korpusu značajnih pravoslavnih svetinja na prostoru Srbije. U evidenciji ovog projekta vezuje se za mesto ili šire područje širem području Srbije. Kratak pregled: Manastir Savinac. Manastirski kompleks se po pravilu sastoji od crkve, porte i pratećih objekata namenjenih bogosluženju i svakodnevnom monaškom životu.ISTORIJA: Tačna godina osnivanja, kao i ime prvobitnog ktitora, za ovaj zapis zahtevaju dodatnu proveru u pouzdanim crkvenim i istoriografskim izvorima. Ipak, za manastire ovog tipa uobičajeno je da su kroz vekove prolazili kroz periode gradnje, obnavljanja, a ponegde i razaranja usled ratova, seoba i političkih previranja. Zato je važno da se u daljoj obradi za Manastir Savinac dopune podaci o vremenu nastanka, eventualnim obnovama i ličnostima koje su učestvovale u njegovom podizanju ili obnovi. U aplikaciji ova sekcija može služiti kao mesto za unošenje konkretnih godina izgradnje, obnavljanja i restauracije čim budu potvrđene.ARHITEKTURA: Arhitektonska vrednost manastira ogleda se u spoju crkvene gradnje, uređenja enterijera i prilagođenosti prostora bogoslužbenoj funkciji. Poseban značaj obično imaju oltarski prostor, ikonostas, eventualni živopis, kao i sklad između hrama i prirodnog okruženja. Ako su sačuvani podaci o starijim fazama gradnje, ovde se kasnije mogu navesti stilske odlike, tip osnove hrama i najvažnije umetničke karakteristike.DUHOVNI ŽIVOT: Manastir Savinac ima značaj kao mesto molitve, liturgijskog sabranja i očuvanja pravoslavne tradicije. Na velike praznike i manastirsku slavu ovakve svetinje okupljaju vernike, hodočasnike i posetioce koji dolaze radi molitve, mira i upoznavanja sa duhovnim nasleđem. Monaški ili parohijski život, u zavisnosti od statusa svetinje, doprinosi kontinuitetu bogosluženja i prenošenju predanja na mlađe naraštaje.ZNAČAJ: Manastir Savinac je važan deo crkvene, kulturne i istorijske mape Srbije. Njegov značaj nije samo verski, već i identitetski, jer svedoči o trajanju narodne pobožnosti, umetnosti i lokalnog pamćenja. Za potpuniji prikaz preporučuje se da se ovom zapisu naknadno dodaju provereni podaci o ktitoru, tačnoj godini nastanka, obnovama, poznatim svetinjama, freskama i drugim posebnostima vezanim baš za ovaj manastir.";images/monasteries/savinac.jpg;;manastiri.rs;Knez Miloš Obrenović;1819;Podaci dopunjeni;dodato;;ok

sretenje-ovcar-kablar;Manastir Sretenje (Ovčar-Kablar);Zapadna Srbija;Čačak;Kratak pregled: Manastir Sretenje (Ovčar-Kablar) je poznata pravoslavna svetinja u oblasti Zapadna Srbija.;43.9000;20.2000;aktivan;Eparhija žička;"OPŠTI PODACI: Manastir Sretenje (Ovčar-Kablar) nalazi se u okviru Eparhije žičke i pripada korpusu značajnih pravoslavnih svetinja na prostoru Srbije. U evidenciji ovog projekta vezuje se za mesto ili šire područje Čačak. Kratak pregled: Manastir Sretenje (Ovčar-Kablar) je poznata pravoslavna svetinja u oblasti Zapadna Srbija. Manastirski kompleks se po pravilu sastoji od crkve, porte i pratećih objekata namenjenih bogosluženju i svakodnevnom monaškom životu.ISTORIJA: Tačna godina osnivanja, kao i ime prvobitnog ktitora, za ovaj zapis zahtevaju dodatnu proveru u pouzdanim crkvenim i istoriografskim izvorima. Ipak, za manastire ovog tipa uobičajeno je da su kroz vekove prolazili kroz periode gradnje, obnavljanja, a ponegde i razaranja usled ratova, seoba i političkih previranja. Zato je važno da se u daljoj obradi za Manastir Sretenje (Ovčar-Kablar) dopune podaci o vremenu nastanka, eventualnim obnovama i ličnostima koje su učestvovale u njegovom podizanju ili obnovi. U aplikaciji ova sekcija može služiti kao mesto za unošenje konkretnih godina izgradnje, obnavljanja i restauracije čim budu potvrđene.ARHITEKTURA: Arhitektonska vrednost manastira ogleda se u spoju crkvene gradnje, uređenja enterijera i prilagođenosti prostora bogoslužbenoj funkciji. Poseban značaj obično imaju oltarski prostor, ikonostas, eventualni živopis, kao i sklad između hrama i prirodnog okruženja. Ako su sačuvani podaci o starijim fazama gradnje, ovde se kasnije mogu navesti stilske odlike, tip osnove hrama i najvažnije umetničke karakteristike.DUHOVNI ŽIVOT: Manastir Sretenje (Ovčar-Kablar) ima značaj kao mesto molitve, liturgijskog sabranja i očuvanja pravoslavne tradicije. Na velike praznike i manastirsku slavu ovakve svetinje okupljaju vernike, hodočasnike i posetioce koji dolaze radi molitve, mira i upoznavanja sa duhovnim nasleđem. Monaški ili parohijski život, u zavisnosti od statusa svetinje, doprinosi kontinuitetu bogosluženja i prenošenju predanja na mlađe naraštaje.ZNAČAJ: Manastir Sretenje (Ovčar-Kablar) je važan deo crkvene, kulturne i istorijske mape Srbije. Njegov značaj nije samo verski, već i identitetski, jer svedoči o trajanju narodne pobožnosti, umetnosti i lokalnog pamćenja. Za potpuniji prikaz preporučuje se da se ovom zapisu naknadno dodaju provereni podaci o ktitoru, tačnoj godini nastanka, obnovama, poznatim svetinjama, freskama i drugim posebnostima vezanim baš za ovaj manastir.";;;nepoznato;Svetogorski monasi;1500;Podaci dopunjeni;dodato;;ok

stara-pavlica;Manastir Stara Pavlica;Raška;Raška;Kratak pregled: Manastir Stara Pavlica je poznata pravoslavna svetinja u oblasti Raška.;43.3424402;20.6470005;aktivan;Eparhija žička;"OPŠTI PODACI: Manastir Stara Pavlica nalazi se u okviru Eparhije žičke i pripada korpusu značajnih pravoslavnih svetinja na prostoru Srbije. U evidenciji ovog projekta vezuje se za mesto ili šire područje Raška. Kratak pregled: Manastir Stara Pavlica je poznata pravoslavna svetinja u oblasti Raška. Manastirski kompleks se po pravilu sastoji od crkve, porte i pratećih objekata namenjenih bogosluženju i svakodnevnom monaškom životu.ISTORIJA: Tačna godina osnivanja, kao i ime prvobitnog ktitora, za ovaj zapis zahtevaju dodatnu proveru u pouzdanim crkvenim i istoriografskim izvorima. Ipak, za manastire ovog tipa uobičajeno je da su kroz vekove prolazili kroz periode gradnje, obnavljanja, a ponegde i razaranja usled ratova, seoba i političkih previranja. Zato je važno da se u daljoj obradi za Manastir Stara Pavlica dopune podaci o vremenu nastanka, eventualnim obnovama i ličnostima koje su učestvovale u njegovom podizanju ili obnovi. U aplikaciji ova sekcija može služiti kao mesto za unošenje konkretnih godina izgradnje, obnavljanja i restauracije čim budu potvrđene.ARHITEKTURA: Arhitektonska vrednost manastira ogleda se u spoju crkvene gradnje, uređenja enterijera i prilagođenosti prostora bogoslužbenoj funkciji. Poseban značaj obično imaju oltarski prostor, ikonostas, eventualni živopis, kao i sklad između hrama i prirodnog okruženja. Ako su sačuvani podaci o starijim fazama gradnje, ovde se kasnije mogu navesti stilske odlike, tip osnove hrama i najvažnije umetničke karakteristike.DUHOVNI ŽIVOT: Manastir Stara Pavlica ima značaj kao mesto molitve, liturgijskog sabranja i očuvanja pravoslavne tradicije. Na velike praznike i manastirsku slavu ovakve svetinje okupljaju vernike, hodočasnike i posetioce koji dolaze radi molitve, mira i upoznavanja sa duhovnim nasleđem. Monaški ili parohijski život, u zavisnosti od statusa svetinje, doprinosi kontinuitetu bogosluženja i prenošenju predanja na mlađe naraštaje.ZNAČAJ: Manastir Stara Pavlica je važan deo crkvene, kulturne i istorijske mape Srbije. Njegov značaj nije samo verski, već i identitetski, jer svedoči o trajanju narodne pobožnosti, umetnosti i lokalnog pamćenja. Za potpuniji prikaz preporučuje se da se ovom zapisu naknadno dodaju provereni podaci o ktitoru, tačnoj godini nastanka, obnovama, poznatim svetinjama, freskama i drugim posebnostima vezanim baš za ovaj manastir.";;;nepoznato;Nepoznat;1100;Podaci dopunjeni;osm-overpass-exact;sr:Стара Павлица;ok

stubal;Manastir Stubal;Šumadija;Kraljevo;Kratak pregled: Manastir Stubal.;43.6865251;20.8901907;aktivan;Eparhija žička;"OPŠTI PODACI: Manastir Stubal nalazi se u okviru Eparhije žičke i pripada korpusu značajnih pravoslavnih svetinja na prostoru Srbije. U evidenciji ovog projekta vezuje se za mesto ili šire područje širem području Srbije. Kratak pregled: Manastir Stubal. Manastirski kompleks se po pravilu sastoji od crkve, porte i pratećih objekata namenjenih bogosluženju i svakodnevnom monaškom životu.ISTORIJA: Tačna godina osnivanja, kao i ime prvobitnog ktitora, za ovaj zapis zahtevaju dodatnu proveru u pouzdanim crkvenim i istoriografskim izvorima. Ipak, za manastire ovog tipa uobičajeno je da su kroz vekove prolazili kroz periode gradnje, obnavljanja, a ponegde i razaranja usled ratova, seoba i političkih previranja. Zato je važno da se u daljoj obradi za Manastir Stubal dopune podaci o vremenu nastanka, eventualnim obnovama i ličnostima koje su učestvovale u njegovom podizanju ili obnovi. U aplikaciji ova sekcija može služiti kao mesto za unošenje konkretnih godina izgradnje, obnavljanja i restauracije čim budu potvrđene.ARHITEKTURA: Arhitektonska vrednost manastira ogleda se u spoju crkvene gradnje, uređenja enterijera i prilagođenosti prostora bogoslužbenoj funkciji. Poseban značaj obično imaju oltarski prostor, ikonostas, eventualni živopis, kao i sklad između hrama i prirodnog okruženja. Ako su sačuvani podaci o starijim fazama gradnje, ovde se kasnije mogu navesti stilske odlike, tip osnove hrama i najvažnije umetničke karakteristike.DUHOVNI ŽIVOT: Manastir Stubal ima značaj kao mesto molitve, liturgijskog sabranja i očuvanja pravoslavne tradicije. Na velike praznike i manastirsku slavu ovakve svetinje okupljaju vernike, hodočasnike i posetioce koji dolaze radi molitve, mira i upoznavanja sa duhovnim nasleđem. Monaški ili parohijski život, u zavisnosti od statusa svetinje, doprinosi kontinuitetu bogosluženja i prenošenju predanja na mlađe naraštaje.ZNAČAJ: Manastir Stubal je važan deo crkvene, kulturne i istorijske mape Srbije. Njegov značaj nije samo verski, već i identitetski, jer svedoči o trajanju narodne pobožnosti, umetnosti i lokalnog pamćenja. Za potpuniji prikaz preporučuje se da se ovom zapisu naknadno dodaju provereni podaci o ktitoru, tačnoj godini nastanka, obnovama, poznatim svetinjama, freskama i drugim posebnostima vezanim baš za ovaj manastir.";images/monasteries/stubal.jpg;;manastiri.rs;Narod;1906;Podaci dopunjeni;nominatim-second-pass;Manastir Manastir Stubal, Srbija;ok

studenica;Manastir Studenica;Raška;Kraljevo;Kratak pregled: Manastir Studenica je poznata pravoslavna svetinja u oblasti Raška.;43.4865407;20.5316533;aktivan;Eparhija žička;"OPŠTI PODACI: Manastir Studenica nalazi se u okviru Eparhije žičke i pripada korpusu značajnih pravoslavnih svetinja na prostoru Srbije. U evidenciji ovog projekta vezuje se za mesto ili šire područje Kraljevo. Kratak pregled: Manastir Studenica je poznata pravoslavna svetinja u oblasti Raška. Manastirski kompleks se po pravilu sastoji od crkve, porte i pratećih objekata namenjenih bogosluženju i svakodnevnom monaškom životu.ISTORIJA: Tačna godina osnivanja, kao i ime prvobitnog ktitora, za ovaj zapis zahtevaju dodatnu proveru u pouzdanim crkvenim i istoriografskim izvorima. Ipak, za manastire ovog tipa uobičajeno je da su kroz vekove prolazili kroz periode gradnje, obnavljanja, a ponegde i razaranja usled ratova, seoba i političkih previranja. Zato je važno da se u daljoj obradi za Manastir Studenica dopune podaci o vremenu nastanka, eventualnim obnovama i ličnostima koje su učestvovale u njegovom podizanju ili obnovi. U aplikaciji ova sekcija može služiti kao mesto za unošenje konkretnih godina izgradnje, obnavljanja i restauracije čim budu potvrđene.ARHITEKTURA: Arhitektonska vrednost manastira ogleda se u spoju crkvene gradnje, uređenja enterijera i prilagođenosti prostora bogoslužbenoj funkciji. Poseban značaj obično imaju oltarski prostor, ikonostas, eventualni živopis, kao i sklad između hrama i prirodnog okruženja. Ako su sačuvani podaci o starijim fazama gradnje, ovde se kasnije mogu navesti stilske odlike, tip osnove hrama i najvažnije umetničke karakteristike.DUHOVNI ŽIVOT: Manastir Studenica ima značaj kao mesto molitve, liturgijskog sabranja i očuvanja pravoslavne tradicije. Na velike praznike i manastirsku slavu ovakve svetinje okupljaju vernike, hodočasnike i posetioce koji dolaze radi molitve, mira i upoznavanja sa duhovnim nasleđem. Monaški ili parohijski život, u zavisnosti od statusa svetinje, doprinosi kontinuitetu bogosluženja i prenošenju predanja na mlađe naraštaje.ZNAČAJ: Manastir Studenica je važan deo crkvene, kulturne i istorijske mape Srbije. Njegov značaj nije samo verski, već i identitetski, jer svedoči o trajanju narodne pobožnosti, umetnosti i lokalnog pamćenja. Za potpuniji prikaz preporučuje se da se ovom zapisu naknadno dodaju provereni podaci o ktitoru, tačnoj godini nastanka, obnovama, poznatim svetinjama, freskama i drugim posebnostima vezanim baš za ovaj manastir.";;;nepoznato;Stefan Nemanja;1190;Podaci dopunjeni;osm-overpass-exact;sr:Манастир Студеница;ok

sveta-trojica-ducalovici;Manastir Sveta Trojica (Dučalovići);Zapadna Srbija;Dučalovići;Nalazi se u Dučalovićima na Ovčaru, posvećen Svetoj Trojici i pripada ovčarsko-kablarskim manastirima.;43.9000;20.2000;aktivan;Eparhija žička;"OPŠTI PODACI: Manastir Sveta Trojica (Dučalovići) nalazi se u okviru Eparhije žičke i pripada korpusu značajnih pravoslavnih svetinja na prostoru Srbije. U evidenciji ovog projekta vezuje se za mesto ili šire područje širem području Srbije. Nalazi se u Dučalovićima na Ovčaru, posvećen Svetoj Trojici i pripada ovčarsko-kablarskim manastirima. Manastirski kompleks se po pravilu sastoji od crkve, porte i pratećih objekata namenjenih bogosluženju i svakodnevnom monaškom životu.ISTORIJA: Tačna godina osnivanja, kao i ime prvobitnog ktitora, za ovaj zapis zahtevaju dodatnu proveru u pouzdanim crkvenim i istoriografskim izvorima. Ipak, za manastire ovog tipa uobičajeno je da su kroz vekove prolazili kroz periode gradnje, obnavljanja, a ponegde i razaranja usled ratova, seoba i političkih previranja. Zato je važno da se u daljoj obradi za Manastir Sveta Trojica (Dučalovići) dopune podaci o vremenu nastanka, eventualnim obnovama i ličnostima koje su učestvovale u njegovom podizanju ili obnovi. U aplikaciji ova sekcija može služiti kao mesto za unošenje konkretnih godina izgradnje, obnavljanja i restauracije čim budu potvrđene.ARHITEKTURA: Arhitektonska vrednost manastira ogleda se u spoju crkvene gradnje, uređenja enterijera i prilagođenosti prostora bogoslužbenoj funkciji. Poseban značaj obično imaju oltarski prostor, ikonostas, eventualni živopis, kao i sklad između hrama i prirodnog okruženja. Ako su sačuvani podaci o starijim fazama gradnje, ovde se kasnije mogu navesti stilske odlike, tip osnove hrama i najvažnije umetničke karakteristike.DUHOVNI ŽIVOT: Manastir Sveta Trojica (Dučalovići) ima značaj kao mesto molitve, liturgijskog sabranja i očuvanja pravoslavne tradicije. Na velike praznike i manastirsku slavu ovakve svetinje okupljaju vernike, hodočasnike i posetioce koji dolaze radi molitve, mira i upoznavanja sa duhovnim nasleđem. Monaški ili parohijski život, u zavisnosti od statusa svetinje, doprinosi kontinuitetu bogosluženja i prenošenju predanja na mlađe naraštaje.ZNAČAJ: Manastir Sveta Trojica (Dučalovići) je važan deo crkvene, kulturne i istorijske mape Srbije. Njegov značaj nije samo verski, već i identitetski, jer svedoči o trajanju narodne pobožnosti, umetnosti i lokalnog pamćenja. Za potpuniji prikaz preporučuje se da se ovom zapisu naknadno dodaju provereni podaci o ktitoru, tačnoj godini nastanka, obnovama, poznatim svetinjama, freskama i drugim posebnostima vezanim baš za ovaj manastir.";;;https://manastiri.rs/eparhije/zicka/manastir-sveta-trojica/;Svetogorski monasi;1500;Podaci dopunjeni;dodato;;ok

trnava;Manastir Trnava;Zapadna Srbija;Čačak;Kratak pregled: Manastir Trnava.;43.8348909;20.3516047;aktivan;Eparhija žička;"OPŠTI PODACI: Manastir Trnava nalazi se u okviru Eparhije žičke i pripada korpusu značajnih pravoslavnih svetinja na prostoru Srbije. U evidenciji ovog projekta vezuje se za mesto ili šire područje širem području Srbije. Kratak pregled: Manastir Trnava. Manastirski kompleks se po pravilu sastoji od crkve, porte i pratećih objekata namenjenih bogosluženju i svakodnevnom monaškom životu.ISTORIJA: Tačna godina osnivanja, kao i ime prvobitnog ktitora, za ovaj zapis zahtevaju dodatnu proveru u pouzdanim crkvenim i istoriografskim izvorima. Ipak, za manastire ovog tipa uobičajeno je da su kroz vekove prolazili kroz periode gradnje, obnavljanja, a ponegde i razaranja usled ratova, seoba i političkih previranja. Zato je važno da se u daljoj obradi za Manastir Trnava dopune podaci o vremenu nastanka, eventualnim obnovama i ličnostima koje su učestvovale u njegovom podizanju ili obnovi. U aplikaciji ova sekcija može služiti kao mesto za unošenje konkretnih godina izgradnje, obnavljanja i restauracije čim budu potvrđene.ARHITEKTURA: Arhitektonska vrednost manastira ogleda se u spoju crkvene gradnje, uređenja enterijera i prilagođenosti prostora bogoslužbenoj funkciji. Poseban značaj obično imaju oltarski prostor, ikonostas, eventualni živopis, kao i sklad između hrama i prirodnog okruženja. Ako su sačuvani podaci o starijim fazama gradnje, ovde se kasnije mogu navesti stilske odlike, tip osnove hrama i najvažnije umetničke karakteristike.DUHOVNI ŽIVOT: Manastir Trnava ima značaj kao mesto molitve, liturgijskog sabranja i očuvanja pravoslavne tradicije. Na velike praznike i manastirsku slavu ovakve svetinje okupljaju vernike, hodočasnike i posetioce koji dolaze radi molitve, mira i upoznavanja sa duhovnim nasleđem. Monaški ili parohijski život, u zavisnosti od statusa svetinje, doprinosi kontinuitetu bogosluženja i prenošenju predanja na mlađe naraštaje.ZNAČAJ: Manastir Trnava je važan deo crkvene, kulturne i istorijske mape Srbije. Njegov značaj nije samo verski, već i identitetski, jer svedoči o trajanju narodne pobožnosti, umetnosti i lokalnog pamćenja. Za potpuniji prikaz preporučuje se da se ovom zapisu naknadno dodaju provereni podaci o ktitoru, tačnoj godini nastanka, obnovama, poznatim svetinjama, freskama i drugim posebnostima vezanim baš za ovaj manastir.";images/monasteries/trnava.jpg;;manastiri.rs;Nemanjići;1300;Podaci dopunjeni;nominatim-second-pass;Manastir Manastir Trnava, Srbija;ok

uspenje-ovcar-kablar;Manastir Uspenje (Ovčar-Kablar);Zapadna Srbija;Čačak;Kratak pregled: Manastir Uspenje (Ovčar-Kablar) je poznata pravoslavna svetinja u oblasti Zapadna Srbija.;43.9100;20.1900;aktivan;Eparhija žička;"OPŠTI PODACI: Manastir Uspenje (Ovčar-Kablar) nalazi se u okviru Eparhije žičke i pripada korpusu značajnih pravoslavnih svetinja na prostoru Srbije. U evidenciji ovog projekta vezuje se za mesto ili šire područje Čačak. Kratak pregled: Manastir Uspenje (Ovčar-Kablar) je poznata pravoslavna svetinja u oblasti Zapadna Srbija. Manastirski kompleks se po pravilu sastoji od crkve, porte i pratećih objekata namenjenih bogosluženju i svakodnevnom monaškom životu.ISTORIJA: Tačna godina osnivanja, kao i ime prvobitnog ktitora, za ovaj zapis zahtevaju dodatnu proveru u pouzdanim crkvenim i istoriografskim izvorima. Ipak, za manastire ovog tipa uobičajeno je da su kroz vekove prolazili kroz periode gradnje, obnavljanja, a ponegde i razaranja usled ratova, seoba i političkih previranja. Zato je važno da se u daljoj obradi za Manastir Uspenje (Ovčar-Kablar) dopune podaci o vremenu nastanka, eventualnim obnovama i ličnostima koje su učestvovale u njegovom podizanju ili obnovi. U aplikaciji ova sekcija može služiti kao mesto za unošenje konkretnih godina izgradnje, obnavljanja i restauracije čim budu potvrđene.ARHITEKTURA: Arhitektonska vrednost manastira ogleda se u spoju crkvene gradnje, uređenja enterijera i prilagođenosti prostora bogoslužbenoj funkciji. Poseban značaj obično imaju oltarski prostor, ikonostas, eventualni živopis, kao i sklad između hrama i prirodnog okruženja. Ako su sačuvani podaci o starijim fazama gradnje, ovde se kasnije mogu navesti stilske odlike, tip osnove hrama i najvažnije umetničke karakteristike.DUHOVNI ŽIVOT: Manastir Uspenje (Ovčar-Kablar) ima značaj kao mesto molitve, liturgijskog sabranja i očuvanja pravoslavne tradicije. Na velike praznike i manastirsku slavu ovakve svetinje okupljaju vernike, hodočasnike i posetioce koji dolaze radi molitve, mira i upoznavanja sa duhovnim nasleđem. Monaški ili parohijski život, u zavisnosti od statusa svetinje, doprinosi kontinuitetu bogosluženja i prenošenju predanja na mlađe naraštaje.ZNAČAJ: Manastir Uspenje (Ovčar-Kablar) je važan deo crkvene, kulturne i istorijske mape Srbije. Njegov značaj nije samo verski, već i identitetski, jer svedoči o trajanju narodne pobožnosti, umetnosti i lokalnog pamćenja. Za potpuniji prikaz preporučuje se da se ovom zapisu naknadno dodaju provereni podaci o ktitoru, tačnoj godini nastanka, obnovama, poznatim svetinjama, freskama i drugim posebnostima vezanim baš za ovaj manastir.";;;nepoznato;Vladika Nikolaj Velimirović;1939;Podaci dopunjeni;dodato;;ok

uvac;Manastir Uvac;Jugozapadna Srbija;Nova Varoš;Kratak pregled: Manastir Uvac je poznata pravoslavna svetinja u oblasti Jugozapadna Srbija.;43.6122287;19.5881789;aktivan;Eparhija žička;"'OPŠTI PODACI: Manastir Uvac nalazi se u okviru Eparhije žičke i pripada korpusu značajnih pravoslavnih svetinja na prostoru Srbije. U evidenciji ovog projekta vezuje se za mesto ili šire područje Nova Varoš. Kratak pregled: Manastir Uvac je poznata pravoslavna svetinja u oblasti Jugozapadna Srbija. Manastirski kompleks se po pravilu sastoji od crkve, porte i pratećih objekata namenjenih bogosluženju i svakodnevnom monaškom životu.ISTORIJA: Tačna godina osnivanja, kao i ime prvobitnog ktitora, za ovaj zapis zahtevaju dodatnu proveru u pouzdanim crkvenim i istoriografskim izvorima. Ipak, za manastire ovog tipa uobičajeno je da su kroz vekove prolazili kroz periode gradnje, obnavljanja, a ponegde i razaranja usled ratova, seoba i političkih previranja. Zato je važno da se u daljoj obradi za Manastir Uvac dopune podaci o vremenu nastanka, eventualnim obnovama i ličnostima koje su učestvovale u njegovom podizanju ili obnovi. U aplikaciji ova sekcija može služiti kao mesto za unošenje konkretnih godina izgradnje, obnavljanja i restauracije čim budu potvrđene.ARHITEKTURA: Arhitektonska vrednost manastira ogleda se u spoju crkvene gradnje, uređenja enterijera i prilagođenosti prostora bogoslužbenoj funkciji. Poseban značaj obično imaju oltarski prostor, ikonostas, eventualni živopis, kao i sklad između hrama i prirodnog okruženja. Ako su sačuvani podaci o starijim fazama gradnje, ovde se kasnije mogu navesti stilske odlike, tip osnove hrama i najvažnije umetničke karakteristike.DUHOVNI ŽIVOT: Manastir Uvac ima značaj kao mesto molitve, liturgijskog sabranja i očuvanja pravoslavne tradicije. Na velike praznike i manastirsku slavu ovakve svetinje okupljaju vernike, hodočasnike i posetioce koji dolaze radi molitve, mira i upoznavanja sa duhovnim nasleđem. Monaški ili parohijski život, u zavisnosti od statusa svetinje, doprinosi kontinuitetu bogosluženja i prenošenju predanja na mlađe naraštaje.ZNAČAJ: Manastir Uvac je važan deo crkvene, kulturne i istorijske mape Srbije. Njegov značaj nije samo verski, već i identitetski, jer svedoči o trajanju narodne pobožnosti, umetnosti i lokalnog pamćenja. Za potpuniji prikaz preporučuje se da se ovom zapisu naknadno dodaju provereni podaci o ktitoru, tačnoj godini nastanka, obnovama, poznatim svetinjama, freskama i drugim posebnostima vezanim baš za ovaj manastir.'";;;nepoznato;Nemanjići;1200;Podaci dopunjeni;osm-overpass-exact;https://www.google.com/maps?q=43.6122287,19.5881789;ok;ok
vavedenje;Manastir Vavedenje (Sremski Karlovci);Srem;Sremski Karlovci;Manastir Vavedenje u Sremskim Karlovcima vezuje se za 16. vek, a zvanično je proglašen manastirom 1699. godine. Poznat je po baroknom ikonostasu iz 18. veka.;45.2000;19.9333;aktivan;Eparhija žička;"OPŠTI PODACI: Manastir Vavedenje (Sremski Karlovci) nalazi se u okviru Eparhije žičke i pripada korpusu značajnih pravoslavnih svetinja na prostoru Srbije. U evidenciji ovog projekta vezuje se za mesto ili šire područje Sremski Karlovci. Manastir Vavedenje u Sremskim Karlovcima vezuje se za 16. vek, a zvanično je proglašen manastirom 1699. godine. Poznat je po baroknom ikonostasu iz 18. veka. Manastirski kompleks se po pravilu sastoji od crkve, porte i pratećih objekata namenjenih bogosluženju i svakodnevnom monaškom životu.ISTORIJA: Tačna godina osnivanja, kao i ime prvobitnog ktitora, za ovaj zapis zahtevaju dodatnu proveru u pouzdanim crkvenim i istoriografskim izvorima. Ipak, za manastire ovog tipa uobičajeno je da su kroz vekove prolazili kroz periode gradnje, obnavljanja, a ponegde i razaranja usled ratova, seoba i političkih previranja. Zato je važno da se u daljoj obradi za Manastir Vavedenje (Sremski Karlovci) dopune podaci o vremenu nastanka, eventualnim obnovama i ličnostima koje su učestvovale u njegovom podizanju ili obnovi. U aplikaciji ova sekcija može služiti kao mesto za unošenje konkretnih godina izgradnje, obnavljanja i restauracije čim budu potvrđene.ARHITEKTURA: Arhitektonska vrednost manastira ogleda se u spoju crkvene gradnje, uređenja enterijera i prilagođenosti prostora bogoslužbenoj funkciji. Poseban značaj obično imaju oltarski prostor, ikonostas, eventualni živopis, kao i sklad između hrama i prirodnog okruženja. Ako su sačuvani podaci o starijim fazama gradnje, ovde se kasnije mogu navesti stilske odlike, tip osnove hrama i najvažnije umetničke karakteristike.DUHOVNI ŽIVOT: Manastir Vavedenje (Sremski Karlovci) ima značaj kao mesto molitve, liturgijskog sabranja i očuvanja pravoslavne tradicije. Na velike praznike i manastirsku slavu ovakve svetinje okupljaju vernike, hodočasnike i posetioce koji dolaze radi molitve, mira i upoznavanja sa duhovnim nasleđem. Monaški ili parohijski život, u zavisnosti od statusa svetinje, doprinosi kontinuitetu bogosluženja i prenošenju predanja na mlađe naraštaje.ZNAČAJ: Manastir Vavedenje (Sremski Karlovci) je važan deo crkvene, kulturne i istorijske mape Srbije. Njegov značaj nije samo verski, već i identitetski, jer svedoči o trajanju narodne pobožnosti, umetnosti i lokalnog pamćenja. Za potpuniji prikaz preporučuje se da se ovom zapisu naknadno dodaju provereni podaci o ktitoru, tačnoj godini nastanka, obnovama, poznatim svetinjama, freskama i drugim posebnostima vezanim baš za ovaj manastir.";;;manastiri.rs;Nepoznat;1500;Podaci dopunjeni;dodato;;ok

vaznesenje-ovcar-kablar;Manastir Vaznesenje (Ovčar-Kablar);Zapadna Srbija;Čačak;Kratak pregled: Manastir Vaznesenje (Ovčar-Kablar) je poznata pravoslavna svetinja u oblasti Zapadna Srbija.;43.9000;20.2100;aktivan;Eparhija žička;"OPŠTI PODACI: Manastir Vaznesenje (Ovčar-Kablar) nalazi se u okviru Eparhije žičke i pripada korpusu značajnih pravoslavnih svetinja na prostoru Srbije. U evidenciji ovog projekta vezuje se za mesto ili šire područje Čačak. Kratak pregled: Manastir Vaznesenje (Ovčar-Kablar) je poznata pravoslavna svetinja u oblasti Zapadna Srbija. Manastirski kompleks se po pravilu sastoji od crkve, porte i pratećih objekata namenjenih bogosluženju i svakodnevnom monaškom životu.ISTORIJA: Tačna godina osnivanja, kao i ime prvobitnog ktitora, za ovaj zapis zahtevaju dodatnu proveru u pouzdanim crkvenim i istoriografskim izvorima. Ipak, za manastire ovog tipa uobičajeno je da su kroz vekove prolazili kroz periode gradnje, obnavljanja, a ponegde i razaranja usled ratova, seoba i političkih previranja. Zato je važno da se u daljoj obradi za Manastir Vaznesenje (Ovčar-Kablar) dopune podaci o vremenu nastanka, eventualnim obnovama i ličnostima koje su učestvovale u njegovom podizanju ili obnovi. U aplikaciji ova sekcija može služiti kao mesto za unošenje konkretnih godina izgradnje, obnavljanja i restauracije čim budu potvrđene.ARHITEKTURA: Arhitektonska vrednost manastira ogleda se u spoju crkvene gradnje, uređenja enterijera i prilagođenosti prostora bogoslužbenoj funkciji. Poseban značaj obično imaju oltarski prostor, ikonostas, eventualni živopis, kao i sklad između hrama i prirodnog okruženja. Ako su sačuvani podaci o starijim fazama gradnje, ovde se kasnije mogu navesti stilske odlike, tip osnove hrama i najvažnije umetničke karakteristike.DUHOVNI ŽIVOT: Manastir Vaznesenje (Ovčar-Kablar) ima značaj kao mesto molitve, liturgijskog sabranja i očuvanja pravoslavne tradicije. Na velike praznike i manastirsku slavu ovakve svetinje okupljaju vernike, hodočasnike i posetioce koji dolaze radi molitve, mira i upoznavanja sa duhovnim nasleđem. Monaški ili parohijski život, u zavisnosti od statusa svetinje, doprinosi kontinuitetu bogosluženja i prenošenju predanja na mlađe naraštaje.ZNAČAJ: Manastir Vaznesenje (Ovčar-Kablar) je važan deo crkvene, kulturne i istorijske mape Srbije. Njegov značaj nije samo verski, već i identitetski, jer svedoči o trajanju narodne pobožnosti, umetnosti i lokalnog pamćenja. Za potpuniji prikaz preporučuje se da se ovom zapisu naknadno dodaju provereni podaci o ktitoru, tačnoj godini nastanka, obnovama, poznatim svetinjama, freskama i drugim posebnostima vezanim baš za ovaj manastir.";;;nepoznato;Svetogorski monasi;1500;Podaci dopunjeni;dodato;;ok

voljavca-sumadijska;Manastir Voljavča;Šumadija;Gornji Milanovac;Kratak pregled: Manastir Voljavča je poznata pravoslavna svetinja u oblasti Šumadija.;43.86791;20.6148083;aktivan;Eparhija žička;"OPŠTI PODACI: Manastir Voljavča nalazi se u okviru Eparhije žičke i pripada korpusu značajnih pravoslavnih svetinja na prostoru Srbije. U evidenciji ovog projekta vezuje se za mesto ili šire područje Gornji Milanovac. Kratak pregled: Manastir Voljavča je poznata pravoslavna svetinja u oblasti Šumadija. Manastirski kompleks se po pravilu sastoji od crkve, porte i pratećih objekata namenjenih bogosluženju i svakodnevnom monaškom životu.ISTORIJA: Tačna godina osnivanja, kao i ime prvobitnog ktitora, za ovaj zapis zahtevaju dodatnu proveru u pouzdanim crkvenim i istoriografskim izvorima. Ipak, za manastire ovog tipa uobičajeno je da su kroz vekove prolazili kroz periode gradnje, obnavljanja, a ponegde i razaranja usled ratova, seoba i političkih previranja. Zato je važno da se u daljoj obradi za Manastir Voljavča dopune podaci o vremenu nastanka, eventualnim obnovama i ličnostima koje su učestvovale u njegovom podizanju ili obnovi. U aplikaciji ova sekcija može služiti kao mesto za unošenje konkretnih godina izgradnje, obnavljanja i restauracije čim budu potvrđene.ARHITEKTURA: Arhitektonska vrednost manastira ogleda se u spoju crkvene gradnje, uređenja enterijera i prilagođenosti prostora bogoslužbenoj funkciji. Poseban značaj obično imaju oltarski prostor, ikonostas, eventualni živopis, kao i sklad između hrama i prirodnog okruženja. Ako su sačuvani podaci o starijim fazama gradnje, ovde se kasnije mogu navesti stilske odlike, tip osnove hrama i najvažnije umetničke karakteristike.DUHOVNI ŽIVOT: Manastir Voljavča ima značaj kao mesto molitve, liturgijskog sabranja i očuvanja pravoslavne tradicije. Na velike praznike i manastirsku slavu ovakve svetinje okupljaju vernike, hodočasnike i posetioce koji dolaze radi molitve, mira i upoznavanja sa duhovnim nasleđem. Monaški ili parohijski život, u zavisnosti od statusa svetinje, doprinosi kontinuitetu bogosluženja i prenošenju predanja na mlađe naraštaje.ZNAČAJ: Manastir Voljavča je važan deo crkvene, kulturne i istorijske mape Srbije. Njegov značaj nije samo verski, već i identitetski, jer svedoči o trajanju narodne pobožnosti, umetnosti i lokalnog pamćenja. Za potpuniji prikaz preporučuje se da se ovom zapisu naknadno dodaju provereni podaci o ktitoru, tačnoj godini nastanka, obnovama, poznatim svetinjama, freskama i drugim posebnostima vezanim baš za ovaj manastir.";;;nepoznato;Mihailo Končinović;1430;Podaci dopunjeni;osm-overpass-exact;sr:Манастир Вољавча;ok

vracevsnica;Manastir Vraćevšnica;Šumadija;Gornji Milanovac;Kratak pregled: Manastir Vraćevšnica je poznata pravoslavna svetinja u oblasti Šumadija.;44.0679497;20.600518;aktivan;Eparhija žička;"OPŠTI PODACI: Manastir Vraćevšnica nalazi se u okviru Eparhije žičke i pripada korpusu značajnih pravoslavnih svetinja na prostoru Srbije. U evidenciji ovog projekta vezuje se za mesto ili šire područje Gornji Milanovac. Kratak pregled: Manastir Vraćevšnica je poznata pravoslavna svetinja u oblasti Šumadija. Manastirski kompleks se po pravilu sastoji od crkve, porte i pratećih objekata namenjenih bogosluženju i svakodnevnom monaškom životu.ISTORIJA: Tačna godina osnivanja, kao i ime prvobitnog ktitora, za ovaj zapis zahtevaju dodatnu proveru u pouzdanim crkvenim i istoriografskim izvorima. Ipak, za manastire ovog tipa uobičajeno je da su kroz vekove prolazili kroz periode gradnje, obnavljanja, a ponegde i razaranja usled ratova, seoba i političkih previranja. Zato je važno da se u daljoj obradi za Manastir Vraćevšnica dopune podaci o vremenu nastanka, eventualnim obnovama i ličnostima koje su učestvovale u njegovom podizanju ili obnovi. U aplikaciji ova sekcija može služiti kao mesto za unošenje konkretnih godina izgradnje, obnavljanja i restauracije čim budu potvrđene.ARHITEKTURA: Arhitektonska vrednost manastira ogleda se u spoju crkvene gradnje, uređenja enterijera i prilagođenosti prostora bogoslužbenoj funkciji. Poseban značaj obično imaju oltarski prostor, ikonostas, eventualni živopis, kao i sklad između hrama i prirodnog okruženja. Ako su sačuvani podaci o starijim fazama gradnje, ovde se kasnije mogu navesti stilske odlike, tip osnove hrama i najvažnije umetničke karakteristike.DUHOVNI ŽIVOT: Manastir Vraćevšnica ima značaj kao mesto molitve, liturgijskog sabranja i očuvanja pravoslavne tradicije. Na velike praznike i manastirsku slavu ovakve svetinje okupljaju vernike, hodočasnike i posetioce koji dolaze radi molitve, mira i upoznavanja sa duhovnim nasleđem. Monaški ili parohijski život, u zavisnosti od statusa svetinje, doprinosi kontinuitetu bogosluženja i prenošenju predanja na mlađe naraštaje.ZNAČAJ: Manastir Vraćevšnica je važan deo crkvene, kulturne i istorijske mape Srbije. Njegov značaj nije samo verski, već i identitetski, jer svedoči o trajanju narodne pobožnosti, umetnosti i lokalnog pamćenja. Za potpuniji prikaz preporučuje se da se ovom zapisu naknadno dodaju provereni podaci o ktitoru, tačnoj godini nastanka, obnovama, poznatim svetinjama, freskama i drugim posebnostima vezanim baš za ovaj manastir.";;;nepoznato;Radič Postupović;1428;Podaci dopunjeni;osm-overpass-exact;sr:Манастир Враћевшница;ok

vujan;Manastir Vujan;Šumadija;Gornji Milanovac;Podignut je 1805. godine u okolini Čačka i posvećen je Svetom Arhangelu Gavrilu.;43.9772957;20.4538239;aktivan;Eparhija žička;"'OPŠTI PODACI: Manastir Vujan nalazi se u okviru Eparhije žičke i pripada korpusu značajnih pravoslavnih svetinja na prostoru Srbije. U evidenciji ovog projekta vezuje se za mesto ili šire područje Gornji Milanovac. Podignut je 1805. godine u okolini Čačka i posvećen je Svetom Arhangelu Gavrilu. Manastirski kompleks se po pravilu sastoji od crkve, porte i pratećih objekata namenjenih bogosluženju i svakodnevnom monaškom životu.ISTORIJA: Tačna godina osnivanja, kao i ime prvobitnog ktitora, za ovaj zapis zahtevaju dodatnu proveru u pouzdanim crkvenim i istoriografskim izvorima. Ipak, za manastire ovog tipa uobičajeno je da su kroz vekove prolazili kroz periode gradnje, obnavljanja, a ponegde i razaranja usled ratova, seoba i političkih previranja. Zato je važno da se u daljoj obradi za Manastir Vujan dopune podaci o vremenu nastanka, eventualnim obnovama i ličnostima koje su učestvovale u njegovom podizanju ili obnovi. U aplikaciji ova sekcija može služiti kao mesto za unošenje konkretnih godina izgradnje, obnavljanja i restauracije čim budu potvrđene.ARHITEKTURA: Arhitektonska vrednost manastira ogleda se u spoju crkvene gradnje, uređenja enterijera i prilagođenosti prostora bogoslužbenoj funkciji. Poseban značaj obično imaju oltarski prostor, ikonostas, eventualni živopis, kao i sklad između hrama i prirodnog okruženja. Ako su sačuvani podaci o starijim fazama gradnje, ovde se kasnije mogu navesti stilske odlike, tip osnove hrama i najvažnije umetničke karakteristike.DUHOVNI ŽIVOT: Manastir Vujan ima značaj kao mesto molitve, liturgijskog sabranja i očuvanja pravoslavne tradicije. Na velike praznike i manastirsku slavu ovakve svetinje okupljaju vernike, hodočasnike i posetioce koji dolaze radi molitve, mira i upoznavanja sa duhovnim nasleđem. Monaški ili parohijski život, u zavisnosti od statusa svetinje, doprinosi kontinuitetu bogosluženja i prenošenju predanja na mlađe naraštaje.ZNAČAJ: Manastir Vujan je važan deo crkvene, kulturne i istorijske mape Srbije. Njegov značaj nije samo verski, već i identitetski, jer svedoči o trajanju narodne pobožnosti, umetnosti i lokalnog pamćenja. Za potpuniji prikaz preporučuje se da se ovom zapisu naknadno dodaju provereni podaci o ktitoru, tačnoj godini nastanka, obnovama, poznatim svetinjama, freskama i drugim posebnostima vezanim baš za ovaj manastir.'";;;https://manastiri.rs/eparhije/zicka/manastir-vujan/;Nikola Milićević Lunjevica;1805;Podaci dopunjeni;osm-overpass-exact;https://www.google.com/maps?q=43.9772957,20.4538239;ok;ok
zgodacica;Manastir Zgodačica;Raška;Kraljevo;Kratak pregled: Manastir Zgodačica.;43.6000;20.7000;aktivan;Eparhija žička;"OPŠTI PODACI: Manastir Zgodačica nalazi se u okviru Eparhije žičke i pripada korpusu značajnih pravoslavnih svetinja na prostoru Srbije. U evidenciji ovog projekta vezuje se za mesto ili šire područje širem području Srbije. Kratak pregled: Manastir Zgodačica. Manastirski kompleks se po pravilu sastoji od crkve, porte i pratećih objekata namenjenih bogosluženju i svakodnevnom monaškom životu.ISTORIJA: Tačna godina osnivanja, kao i ime prvobitnog ktitora, za ovaj zapis zahtevaju dodatnu proveru u pouzdanim crkvenim i istoriografskim izvorima. Ipak, za manastire ovog tipa uobičajeno je da su kroz vekove prolazili kroz periode gradnje, obnavljanja, a ponegde i razaranja usled ratova, seoba i političkih previranja. Zato je važno da se u daljoj obradi za Manastir Zgodačica dopune podaci o vremenu nastanka, eventualnim obnovama i ličnostima koje su učestvovale u njegovom podizanju ili obnovi. U aplikaciji ova sekcija može služiti kao mesto za unošenje konkretnih godina izgradnje, obnavljanja i restauracije čim budu potvrđene.ARHITEKTURA: Arhitektonska vrednost manastira ogleda se u spoju crkvene gradnje, uređenja enterijera i prilagođenosti prostora bogoslužbenoj funkciji. Poseban značaj obično imaju oltarski prostor, ikonostas, eventualni živopis, kao i sklad između hrama i prirodnog okruženja. Ako su sačuvani podaci o starijim fazama gradnje, ovde se kasnije mogu navesti stilske odlike, tip osnove hrama i najvažnije umetničke karakteristike.DUHOVNI ŽIVOT: Manastir Zgodačica ima značaj kao mesto molitve, liturgijskog sabranja i očuvanja pravoslavne tradicije. Na velike praznike i manastirsku slavu ovakve svetinje okupljaju vernike, hodočasnike i posetioce koji dolaze radi molitve, mira i upoznavanja sa duhovnim nasleđem. Monaški ili parohijski život, u zavisnosti od statusa svetinje, doprinosi kontinuitetu bogosluženja i prenošenju predanja na mlađe naraštaje.ZNAČAJ: Manastir Zgodačica je važan deo crkvene, kulturne i istorijske mape Srbije. Njegov značaj nije samo verski, već i identitetski, jer svedoči o trajanju narodne pobožnosti, umetnosti i lokalnog pamćenja. Za potpuniji prikaz preporučuje se da se ovom zapisu naknadno dodaju provereni podaci o ktitoru, tačnoj godini nastanka, obnovama, poznatim svetinjama, freskama i drugim posebnostima vezanim baš za ovaj manastir.";images/monasteries/zgodacica.jpg;;manastiri.rs;Nepoznat;1970;Podaci dopunjeni;dodato;;ok

zica;Manastir Žiča;Raška;Kraljevo;Kratak pregled: Manastir Žiča je poznata pravoslavna svetinja u oblasti Raška.;43.6955904;20.6459229;aktivan;Eparhija žička;"OPŠTI PODACI: Manastir Žiča nalazi se u okviru Eparhije žičke i pripada korpusu značajnih pravoslavnih svetinja na prostoru Srbije. U evidenciji ovog projekta vezuje se za mesto ili šire područje Kraljevo. Kratak pregled: Manastir Žiča je poznata pravoslavna svetinja u oblasti Raška. Manastirski kompleks se po pravilu sastoji od crkve, porte i pratećih objekata namenjenih bogosluženju i svakodnevnom monaškom životu.ISTORIJA: Tačna godina osnivanja, kao i ime prvobitnog ktitora, za ovaj zapis zahtevaju dodatnu proveru u pouzdanim crkvenim i istoriografskim izvorima. Ipak, za manastire ovog tipa uobičajeno je da su kroz vekove prolazili kroz periode gradnje, obnavljanja, a ponegde i razaranja usled ratova, seoba i političkih previranja. Zato je važno da se u daljoj obradi za Manastir Žiča dopune podaci o vremenu nastanka, eventualnim obnovama i ličnostima koje su učestvovale u njegovom podizanju ili obnovi. U aplikaciji ova sekcija može služiti kao mesto za unošenje konkretnih godina izgradnje, obnavljanja i restauracije čim budu potvrđene.ARHITEKTURA: Arhitektonska vrednost manastira ogleda se u spoju crkvene gradnje, uređenja enterijera i prilagođenosti prostora bogoslužbenoj funkciji. Poseban značaj obično imaju oltarski prostor, ikonostas, eventualni živopis, kao i sklad između hrama i prirodnog okruženja. Ako su sačuvani podaci o starijim fazama gradnje, ovde se kasnije mogu navesti stilske odlike, tip osnove hrama i najvažnije umetničke karakteristike.DUHOVNI ŽIVOT: Manastir Žiča ima značaj kao mesto molitve, liturgijskog sabranja i očuvanja pravoslavne tradicije. Na velike praznike i manastirsku slavu ovakve svetinje okupljaju vernike, hodočasnike i posetioce koji dolaze radi molitve, mira i upoznavanja sa duhovnim nasleđem. Monaški ili parohijski život, u zavisnosti od statusa svetinje, doprinosi kontinuitetu bogosluženja i prenošenju predanja na mlađe naraštaje.ZNAČAJ: Manastir Žiča je važan deo crkvene, kulturne i istorijske mape Srbije. Njegov značaj nije samo verski, već i identitetski, jer svedoči o trajanju narodne pobožnosti, umetnosti i lokalnog pamćenja. Za potpuniji prikaz preporučuje se da se ovom zapisu naknadno dodaju provereni podaci o ktitoru, tačnoj godini nastanka, obnovama, poznatim svetinjama, freskama i drugim posebnostima vezanim baš za ovaj manastir.";;;nepoznato;Stefan Prvovenčani;1206;Podaci dopunjeni;nominatim-second-pass;Manastir Manastir Žiča, Kraljevo, Srbija;ok 

ajdanovac;Manastir Ajdanovac;Južna Srbija;Prokuplje;Kratak pregled: Manastir Ajdanovac.;43.3484713;21.381316;aktivan;Eparhija niška;"OPŠTI PODACI: Manastir Ajdanovac nalazi se u okviru Eparhije niške i pripada korpusu značajnih pravoslavnih svetinja na prostoru Srbije. U evidenciji ovog projekta vezuje se za mesto ili šire područje Prokuplje. Manastirski kompleks se po pravilu sastoji od crkve, porte i pratećih objekata namenjenih bogosluženju i svakodnevnom monaškom životu.ISTORIJA: Tačna godina osnivanja, kao i ime prvobitnog ktitora, za ovaj zapis zahtevaju dodatnu proveru u pouzdanim crkvenim i istoriografskim izvorima. Ipak, za manastire ovog tipa uobičajeno je da su kroz vekove prolazili kroz periode gradnje, obnavljanja, a ponegde i razaranja usled ratova, seoba i političkih previranja. Zato je važno da se u daljoj obradi za Manastir Ajdanovac dopune podaci o vremenu nastanka, eventualnim obnovama i ličnostima koje su učestvovale u njegovom podizanju ili obnovi. U aplikaciji ova sekcija može služiti kao mesto za unošenje konkretnih godina izgradnje, obnavljanja i restauracije čim budu potvrđene.ARHITEKTURA: Arhitektonska vrednost manastira ogleda se u spoju crkvene gradnje, uređenja enterijera i prilagođenosti prostora bogoslužbenoj funkciji. Poseban značaj obično imaju oltarski prostor, ikonostas, eventualni živopis, kao i sklad između hrama i prirodnog okruženja. Ako su sačuvani podaci o starijim fazama gradnje, ovde se kasnije mogu navesti stilske odlike, tip osnove hrama i najvažnije umetničke karakteristike.DUHOVNI ŽIVOT: Manastir Ajdanovac ima značaj kao mesto molitve, liturgijskog sabranja i očuvanja pravoslavne tradicije. Na velike praznike i manastirsku slavu ovakve svetinje okupljaju vernike, hodočasnike i posetioce koji dolaze radi molitve, mira i upoznavanja sa duhovnim nasleđem. Monaški ili parohijski život, u zavisnosti od statusa svetinje, doprinosi kontinuitetu bogosluženja i prenošenju predanja na mlađe naraštaje.ZNAČAJ: Manastir Ajdanovac je važan deo crkvene, kulturne i istorijske mape Srbije. Njegov značaj nije samo verski, već i identitetski, jer svedoči o trajanju narodne pobožnosti, umetnosti i lokalnog pamćenja. Za potpuniji prikaz preporučuje se da se ovom zapisu naknadno dodaju provereni podaci o ktitoru, tačnoj godini nastanka, obnovama, poznatim svetinjama, freskama i drugim posebnostima vezanim baš za ovaj manastir.";;;https://manastiri.rs/eparhije/niska/manastir-ajdanovac/;Đurađ Branković;1485;Podaci dopunjeni;nominatim-second-pass;Manastir Manastir Ajdanovac, Srbija;ok

janjusa;Manastir Janjuša;Južna Srbija;Janjuša;Kratak pregled: Manastir Janjuša.;43.2500;21.8500;aktivan;Eparhija niška;"OPŠTI PODACI: Manastir Janjuša se nalazi u okviru Eparhije niške i pripada korpusu značajnih pravoslavnih svetinja na prostoru Srbije. U evidenciji ovog projekta vezuje se za mesto ili šire područje širem području Srbije. Manastirski kompleks se po pravilu sastoji od crkve, porte i pratećih objekata namenjenih bogosluženju i svakodnevnom monaškom životu.ISTORIJA: Tačna godina osnivanja, kao i ime prvobitnog ktitora, za ovaj zapis zahtevaju dodatnu proveru u pouzdanim crkvenim i istoriografskim izvorima. Ipak, za manastire ovog tipa uobičajeno je da su kroz vekove prolazili kroz periode gradnje, obnavljanja, a ponegde i razaranja usled ratova, seoba i političkih previranja. Zato je važno da se u daljoj obradi za Manastir Janjuša dopune podaci o vremenu nastanka, eventualnim obnovama i ličnostima koje su učestvovale u njegovom podizanju ili obnovi. U aplikaciji ova sekcija može služiti kao mesto za unošenje konkretnih godina izgradnje, obnavljanja i restauracije čim budu potvrđene.ARHITEKTURA: Arhitektonska vrednost manastira ogleda se u spoju crkvene gradnje, uređenja enterijera i prilagođenosti prostora bogoslužbenoj funkciji. Poseban značaj obično imaju oltarski prostor, ikonostas, eventualni živopis, kao i sklad između hrama i prirodnog okruženja. Ako su sačuvani podaci o starijim fazama gradnje, ovde se kasnije mogu navesti stilske odlike, tip osnove hrama i najvažnije umetničke karakteristike.DUHOVNI ŽIVOT: Manastir Janjuša ima značaj kao mesto molitve, liturgijskog sabranja i očuvanja pravoslavne tradicije. Na velike praznike i manastirsku slavu ovakve svetinje okupljaju vernike, hodočasnike i posetioce koji dolaze radi molitve, mira i upoznavanja sa duhovnim nasleđem. Monaški ili parohijski život, u zavisnosti od statusa svetinje, doprinosi kontinuitetu bogosluženja i prenošenju predanja na mlađe naraštaje.ZNAČAJ: Manastir Janjuša je važan deo crkvene, kulturne i istorijske mape Srbije. Njegov značaj nije samo verski, već i identitetski, jer svedoči o trajanju narodne pobožnosti, umetnosti i lokalnog pamćenja. Za potpuniji prikaz preporučuje se da se ovom zapisu naknadno dodaju provereni podaci o ktitoru, tačnoj godini nastanka, obnovama, poznatim svetinjama, freskama i drugim posebnostima vezanim baš za ovaj manastir.";;;https://manastiri.rs/eparhije/niska/manastir-janjusa/;Monahinja Ksenija;1499;Podaci dopunjeni;dodato;;ok

kursumlija;Manastir Kuršumlija;Južna Srbija;Kuršumlija;Najstarija zadužbina Stefana Nemanje iz 12. veka.;43.1399192;21.276922;aktivan;Eparhija niška;"OPŠTI PODACI: Manastir Kuršumlija nalazi se u okviru Eparhije niške i pripada korpusu značajnih pravoslavnih svetinja na prostoru Srbije. Najstarija zadužbina Stefana Nemanje iz 12. veka. Manastirski kompleks se po pravilu sastoji od crkve, porte i pratećih objekata namenjenih bogosluženju i svakodnevnom monaškom životu.ISTORIJA: Tačna godina osnivanja, kao i ime prvobitnog ktitora, za ovaj zapis zahtevaju dodatnu proveru u pouzdanim crkvenim i istoriografskim izvorima. Ipak, za manastire ovog tipa uobičajeno je da su kroz vekove prolazili kroz periode gradnje, obnavljanja, a ponegde i razaranja usled ratova, seoba i političkih previranja. Zato je važno da se u daljoj obradi za Manastir Kuršumlija dopune podaci o vremenu nastanka, eventualnim obnovama i ličnostima koje su učestvovale u njegovom podizanju ili obnovi. U aplikaciji ova sekcija može služiti kao mesto za unošenje konkretnih godina izgradnje, obnavljanja i restauracije čim budu potvrđene.ARHITEKTURA: Arhitektonska vrednost manastira ogleda se u spoju crkvene gradnje, uređenja enterijera i prilagođenosti prostora bogoslužbenoj funkciji. Poseban značaj obično imaju oltarski prostor, ikonostas, eventualni živopis, kao i sklad između hrama i prirodnog okruženja. Ako su sačuvani podaci o starijim fazama gradnje, ovde se kasnije mogu navesti stilske odlike, tip osnove hrama i najvažnije umetničke karakteristike.DUHOVNI ŽIVOT: Manastir Kuršumlija ima značaj kao mesto molitve, liturgijskog sabranja i očuvanja pravoslavne tradicije. Na velike praznike i manastirsku slavu ovakve svetinje okupljaju vernike, hodočasnike i posetioce koji dolaze radi molitve, mira i upoznavanja sa duhovnim nasleđem. Monaški ili parohijski život, u zavisnosti od statusa svetinje, doprinosi kontinuitetu bogosluženja i prenošenju predanja na mlađe naraštaje.ZNAČAJ: Manastir Kuršumlija je važan deo crkvene, kulturne i istorijske mape Srbije. Njegov značaj nije samo verski, već i identitetski, jer svedoči o trajanju narodne pobožnosti, umetnosti i lokalnog pamćenja. Za potpuniji prikaz preporučuje se da se ovom zapisu naknadno dodaju provereni podaci o ktitoru, tačnoj godini nastanka, obnovama, poznatim svetinjama, freskama i drugim posebnostima vezanim baš za ovaj manastir.";;;https://manastiri.rs/eparhije/niska/manastir-kursumlija/;Stefan Nemanja;1168;Podaci dopunjeni;dodato;;ok

lipovac;Manastir Lipovac;Južna Srbija;Aleksinac;Podignut u drugoj polovini 14. veka.;43.561859;21.8339651;aktivan;Eparhija niška;"OPŠTI PODACI: Manastir Lipovac se nalazi u okviru Eparhije niške. Kompleks se sastoji od crkve, porte i pratećih objekata namenjenih bogosluženju i svakodnevnom monaškom životu.ISTORIJA: Zadužbina monaha Germana iz druge polovine 14. veka, manastir ima bogatu istoriju kroz vekove, prolazeći kroz periode gradnje i obnavljanja.ARHITEKTURA: Arhitektonska vrednost manastira ogleda se u spoju crkvene gradnje i prilagođenosti prostora bogoslužbenoj funkciji. Poseban značaj imaju oltarski prostor i sklad između hrama i prirodnog okruženja.DUHOVNI ŽIVOT: Manastir Lipovac je mesto molitve, liturgijskog sabranja i očuvanja pravoslavne tradicije, okupljajući vernike i hodočasnike.ZNAČAJ: Manastir Lipovac je važan deo crkvene i kulturne mape Srbije, svedočeći o trajanju narodne pobožnosti i lokalnog pamćenja.";;;Monah German;1399;Podaci dopunjeni;nominatim-second-pass;Manastir Manastir Lipovac, Srbija;ok

ljubostinja;Manastir Ljubostinja;Rasina;Trstenik;Zadužbina kneginje Milice iz 14. veka.;43.6517298;20.9979356;aktivan;Eparhija kruševačka;"OPŠTI PODACI: Manastir Ljubostinja je značajna svetinja u blizini Trstenika. Kompleks se sastoji od crkve, porte i pratećih objekata namenjenih bogosluženju i monaškom životu.ISTORIJA: Zadužbina kneginje Milice iz 14. veka, manastir je kroz vekove prolazio kroz periode gradnje i obnavljanja.ARHITEKTURA: Manastir je poznat po moravskom stilu i freskama koje se vezuju za slikara Makarija. Arhitektonska vrednost ogleda se u spoju gradnje i prilagođenosti prostora bogoslužbenoj funkciji.DUHOVNI ŽIVOT: Manastir Ljubostinja je mesto molitve, liturgijskog sabranja i očuvanja pravoslavne tradicije, okupljajući vernike i hodočasnike.ZNAČAJ: Manastir Ljubostinja je važan deo crkvene i kulturne mape Srbije, svedočeći o trajanju narodne pobožnosti i lokalnog pamćenja.";;;https://manastiri.rs/eparhije/krusevacka/manastir-ljubostinja/;Kneginja Milica;1388;Podaci dopunjeni;nominatim-second-pass;Manastir Manastir Ljubostinja, Trstenik, Srbija;ok

manastirce;Manastir Manastirče;Jugoistočna Srbija;Dimitrovgrad;Manastir Manastirče.;43.0500;22.8000;aktivan;Eparhija niška;"OPŠTI PODACI: Manastir Manastirče se nalazi u okviru Eparhije niške. Kompleks se sastoji od crkve, porte i pratećih objekata namenjenih bogosluženju i svakodnevnom monaškom životu.ISTORIJA: Današnja crkva je podignuta na temeljima starijeg hrama, a manastir je obnovljen u novije vreme.ARHITEKTURA: Arhitektonska vrednost manastira ogleda se u spoju crkvene gradnje i prilagođenosti prostora bogoslužbenoj funkciji. Poseban značaj imaju oltarski prostor i sklad između hrama i prirodnog okruženja.DUHOVNI ŽIVOT: Manastir Manastirče je mesto molitve, liturgijskog sabranja i očuvanja pravoslavne tradicije, okupljajući vernike i hodočasnike.ZNAČAJ: Manastir Manastirče je važan deo crkvene i kulturne mape Srbije, svedočeći o trajanju narodne pobožnosti i lokalnog pamćenja.";;https://manastiri.rs/eparhije/niska/manastir-manastirce/;Nepoznat;1870;Podaci dopunjeni;dodato;;ok

miljkovac;Manastir Miljkovac;Južna Srbija;Niš;Prvi put se pominje krajem 15. veka.;43.4389028;21.8655512;aktivan;Eparhija niška;"OPŠTI PODACI: Manastir Miljkovac se nalazi u okviru Eparhije niške. Kompleks se sastoji od crkve, porte i pratećih objekata namenjenih bogosluženju i svakodnevnom monaškom životu.ISTORIJA: Prvi put se pominje u osmanskim zapisima krajem 15. veka. Manastir je kroz vekove prolazio kroz periode gradnje i obnavljanja.ARHITEKTURA: Arhitektonska vrednost manastira ogleda se u spoju crkvene gradnje i prilagođenosti prostora bogoslužbenoj funkciji. Poseban značaj imaju oltarski prostor i sklad između hrama i prirodnog okruženja.DUHOVNI ŽIVOT: Manastir Miljkovac je mesto molitve, liturgijskog sabranja i očuvanja pravoslavne tradicije, okupljajući vernike i hodočasnike.ZNAČAJ: Manastir Miljkovac je važan deo crkvene i kulturne mape Srbije, svedočeći o trajanju narodne pobožnosti i lokalnog pamćenja.";;;Nepoznat;1400;Podaci dopunjeni;nominatim-second-pass;Manastir Manastir Miljkovac, Srbija;ok

pribojska-banja;Manastir Pribojska Banja;Jugozapadna Srbija;Priboj;Manastir kod Priboja.;43.547717;19.5600227;aktivan;Eparhija mileševska;"OPŠTI PODACI: Manastir Pribojska Banja se nalazi u okviru Eparhije mileševske. Kompleks se sastoji od crkve, porte i pratećih objekata namenjenih bogosluženju i svakodnevnom monaškom životu.ISTORIJA: Zadužbina Stefana Dečanskog, manastir sa crkvom Svetog Nikole ima istoriju kroz vekove, prolazeći kroz periode gradnje i obnavljanja.ARHITEKTURA: Arhitektonska vrednost manastira ogleda se u spoju crkvene gradnje i prilagođenosti prostora bogoslužbenoj funkciji. Poseban značaj imaju oltarski prostor i sklad između hrama i prirodnog okruženja.DUHOVNI ŽIVOT: Manastir Pribojska Banja je mesto molitve, liturgijskog sabranja i očuvanja pravoslavne tradicije, okupljajući vernike i hodočasnike na velike praznike.ZNAČAJ: Manastir Pribojska Banja je važan deo crkvene i kulturne mape Srbije, svedočeći o trajanju narodne pobožnosti i lokalnog pamćenja.";;;https://manastiri.rs/eparhije/milesevska/manastir-pribojska-banja/;Stefan Dečanski;1329;Podaci dopunjeni;nominatim-second-pass;Manastir Manastir Pribojska Banja, Srbija;ok

sveti-roman;Manastir Sveti Roman;Južna Srbija;Ražanj;Jedan od najstarijih manastira u Srbiji na obali Južne Morave.;43.6237826;21.5264091;aktivan;Eparhija niška;"OPŠTI PODACI: Manastir Sveti Roman, smešten na pitomoj desnoj obali Južne Morave kod Ražnja, predstavlja jedno od najstarijih i najpoštovanijih duhovnih središta u ovom delu Srbije. Kompleks se sastoji od hrama posvećenog Blagoveštenju, prostrane porte i pratećih objekata koji čuvaju drevno monaško predanje. ISTORIJA: Pominje se još u vremenima pre Stefana Nemanje, a vezuje se za ime Svetog Romana Sinaita, jednog od čuvenih monaha koji su doneli isihastičku tradiciju na ove prostore. Manastir je kroz vekove bio utočište mnogim putnicima, monasima i učiteljima, prolazeći kroz periode razaranja tokom ratova, ali i veličanstvenih obnova koje su ga uvek iznova podizale iz pepela. ARHITEKTURA: Arhitektonska vrednost manastira ogleda se u autentičnom spoju drevne crkvene gradnje i prilagođenosti prostora bogoslužbenoj funkciji. Poseban značaj imaju oltarski prostor, ikonostas i unutrašnja dekoracija koja svedoči o različitim umetničkim epohama koje su uticale na graditelje kroz vekove. DUHOVNI ŽIVOT: Sveti Roman je mesto neprekidne molitve, liturgijskog sabranja i očuvanja drevne pravoslavne tradicije, okupljajući vernike koji dolaze da potraže duhovni mir i isceljenje. ZNAČAJ: Sveti Roman nije samo verski objekat, već je i nezaobilazan deo crkvene i kulturne mape Srbije, svedočeći o višestoletnom trajanju narodne pobožnosti, duhovne snage i lokalnog pamćenja koje se prenosi sa kolena na koleno.";;https://manastiri.rs/eparhije/niska/manastir-sveti-roman/;Sveti Roman Sinait;1000;;nominatim-second-pass;Manastir Sveti Roman, Srbija;ok

strmac;Manastir Strmac;Rasina;Brus;Svetinja podignuta na temeljima starog manastira iz 17. veka.;43.4332;20.8921;aktivan;Eparhija kruševačka;"OPŠTI PODACI: Manastir Strmac se nalazi u okviru Eparhije kruševačke i predstavlja značajan duhovni centar ovog planinskog regiona. Kompleks se sastoji od hrama, prostrane porte i pratećih manastirskih objekata koji čuvaju monaško nasleđe i mir u prirodi. ISTORIJA: Crkva je podignuta 1680. godine na temeljima znatno starijeg manastira, čije poreklo seže u daleku prošlost srpske srednjovekovne države. Predanje govori o narodnoj zadužbini i velikom stradanju tokom turskog perioda, što dodatno potvrđuje njegovu ulogu kao čuvara identiteta. ARHITEKTURA: Arhitektonska vrednost manastira ogleda se u skladnom spoju crkvene gradnje i potpunoj prilagođenosti prostora bogoslužbenoj funkciji. Poseban značaj imaju oltarski prostor, ikonostas i unutrašnja dekoracija koja odiše duhovnošću, uz prirodni ambijent koji okružuje hram. DUHOVNI ŽIVOT: Manastir Strmac je mesto neprekidne molitve, liturgijskog sabranja i očuvanja pravoslavne tradicije, okupljajući veliki broj vernika i hodočasnika iz cele Srbije tokom svih velikih crkvenih praznika. ZNAČAJ: Strmac je važan deo crkvene i kulturne mape Srbije, svedočeći o višestoletnom trajanju narodne pobožnosti, lokalnog pamćenja i verskog opstanka u teškim vremenima kroz koja je narod prolazio.";;https://manastiri.rs/eparhije/krusevacka/manastir-strmac/;;Narod;1680;dodato;;ok

lipovac;Manastir Lipovac;Aleksinac;Lipovac;Zadužbina u blizini Aleksinca.;43.5512;21.7153;aktivan;Eparhija niška;"OPŠTI PODACI: Manastir Lipovac je značajan manastir Eparhije niške...";;https://manastiri.rs/eparhije/niska/manastir-lipovac/;Stefan Lazarević;1399;;dodato;;ok
manastirce;Manastir Manastirče;Niš;Niš;Drevni manastir kod Niša.;43.3209;21.8954;aktivan;Eparhija niška;"OPŠTI PODACI: Manastir Manastirče.";;https://manastiri.rs/eparhije/niska/manastir-manastirce/;Nepoznato;1870;;dodato;;ok
miljkovac;Manastir Miljkovac;Niš;Niš;Manastir posvećen Svetim Vračevima.;43.4121;21.8842;aktivan;Eparhija niška;"OPŠTI PODACI: Manastir Miljkovac.";;https://manastiri.rs/eparhije/niska/manastir-miljkovac/;Nepoznato;1400;;dodato;;ok
sveti-roman;Manastir Sveti Roman;Ražanj;Ražanj;Jedan od najstarijih manastira u Srbiji.;43.6391;21.5721;aktivan;Eparhija niška;"OPŠTI PODACI: Manastir Sveti Roman.";;https://manastiri.rs/eparhije/niska/manastir-sveti-roman/;Sveti Roman;1000;;dodato;;ok

dubnica-milesevska;Manastir Dubnica;Jugozapadna Srbija;Sjenica;Zadužbina u blizini Sjenice iz 15. veka.;43.4530;19.9709;aktivan;Eparhija vranjska;"OPŠTI PODACI: Manastir Dubnica nalazi se u okviru Eparhije vranjske i pripada korpusu najznačajnijih pravoslavnih svetinja na prostoru jugozapadne Srbije. Smeštena je severozapadno od istoimenog sela u prelepom predelu koji odiše duhovnom tišinom i mirom. Kompleks obuhvata hram i prateće objekte koji su važni za monaški život. ISTORIJA: Manastir se pominje u izvorima iz 15. i 16. veka, vezan za narodno predanje o ktitorima iz redova srpske vlastele. Kroz istoriju je bio centar duhovnosti i pismenosti, često obnavljan nakon perioda velikih iskušenja, ratnih sukoba i razaranja. Njegova istorija je svedok opstanka pravoslavlja u ovom planinskom kraju. ARHITEKTURA: Arhitektonska vrednost se ogleda u klasičnoj sakralnoj gradnji tog perioda, sa očuvanim elementima dekorativne plastike i freskopisa koji ukazuje na visoke umetničke domete tadašnjih majstora. Objekat je skladno građen, prateći prirodne linije terena. DUHOVNI ŽIVOT: Manastir Dubnica ima veliki značaj kao mesto molitve, svakodnevnog liturgijskog sabranja i očuvanja pravoslavne tradicije, okupljajući narod posebno tokom praznika posvećenih svetim apostolima. Vernici ovde pronalaze duhovnu utehu i snagu. ZNAČAJ: Ovo je važan duhovni oslonac za lokalno stanovništvo i svedok burne istorije srpskog naroda u ovom delu zemlje, čuvajući uspomenu na pretke, njihovu veru i neprolazne vrednosti koje su nam ostavili u amanet.";;https://manastiri.rs/eparhije/vranjska/manastir-dubnica/;;Patrijarh Gavrilo (Rajić);1422;nominatim-second-pass;Manastir Manastir Dubnica, Srbija;ok
duboki-potok;Manastir Duboki Potok;Kosovo i Metohija;Zubin Potok;Svetinja posvećena Vavedenju Presvete Bogorodice.;42.9167;20.6667;aktivan;Eparhija raško-prizrenska;"OPŠTI PODACI: Manastir Duboki Potok nalazi se u okviru Eparhije raško-prizrenske u opštini Zubin Potok, na severu Kosova i Metohije, okružen prelepom prirodom. Kompleks služi kao duhovni centar za vernike iz čitavog Ibarskog Kolašina. ISTORIJA: Manastir ima dugu i bogatu tradiciju očuvanja pismenosti, prosvete i duhovnosti na severu Kosova i Metohije kroz vekove. Predstavlja živog svedoka opstanka srpskog naroda na ovim prostorima kroz najteža iskušenja i perioda kada je vera bila jedini oslonac. ARHITEKTURA: Crkva je izgrađena sa jednostavnom arhitektonskom osnovom koja se savršeno uklapa u prirodni ambijent potoka po kojem je manastir i dobio ime. Enterijer crkve čuva veoma vredne ikone i liturgijske predmete koji su od velikog značaja za srpsku kulturu. DUHOVNI ŽIVOT: Kontinuitet monaškog života je očuvan kroz vekove, čineći manastir središtem duhovnog života za vernike iz Zubinog Potoka i šire okoline. Molitve i bogosluženja se ovde održavaju sa puno posvećenosti i brige za spasenje. ZNAČAJ: Predstavlja jednu od ključnih tačaka očuvanja nacionalnog i verskog identiteta srpskog naroda na severu KiM, služeći kao duhovni bedem, svetionik vere i mesto sabranja koje nas podseća na naše korenje i neprolazni značaj duhovnosti.";;https://manastiri.rs/eparhije/rasko-prizrenska/manastir-duboki-potok/;;Nepoznato;1400;dodato;;ok
gorioc;Manastir Gorioč;Kosovo i Metohija;Istok;Metoh manastira Visoki Dečani poznat po isceliteljskoj tradiciji.;42.7833;20.4833;aktivan;Eparhija raško-prizrenska;"OPŠTI PODACI: Manastir Gorioč se nalazi u blizini Istoka i služi kao značajan metoh manastira Visoki Dečani, okružen prelepom prirodom Metohije. Kompleks obuhvata crkvu, manastirske konake i uređenu portu koja pruža utočište i duhovni mir svima koji ga posete sa verom u srcu. ISTORIJA: Predanje manastir čvrsto vezuje za ime kralja Stefana Dečanskog i njegovo darivanje ovoj svetinji nakon čudesnog ozdravljenja vida. Od tih davnih vremena, manastir je bio stub duhovnosti i svetionik nade za narod ovog kraja, opstajući uprkos svim istorijskim iskušenjima i teškim vremenima kroz koja su prolazili. ARHITEKTURA: Objekat je arhitektonski usklađen sa prepoznatljivim dečanskim stilom gradnje, karakterišu ga pažljivo birani materijali, skladne proporcije i posvećenost detaljima koji odišu srednjovekovnim duhom. Svaki element gradnje pažljivo je osmišljen da izazove strahopoštovanje. DUHOVNI ŽIVOT: Manastir je nadaleko poznat po svojoj isceliteljskoj tradiciji i okupljanju velikog broja hodočasnika koji dolaze sa čvrstom verom u isceliteljske molitve Svetog Nikole. Duhovni život je veoma intenzivan i prožet svakodnevnom molitvom. ZNAČAJ: Važan metoh koji svedoči o neraskidivoj duhovnoj i istorijskoj povezanosti svih metohijskih svetinja, predstavljajući dragoceni deo kulturnog i verskog nasleđa srpskog naroda na Kosovu i Metohiji, čuvajući uspomenu na slavne pretke.";;https://manastiri.rs/eparhije/rasko-prizrenska/manastir-gorioc/;;Kralj Stefan Dečanski;1330;dodato;;ok
gracanica;Manastir Gračanica;Kosovo i Metohija;Gračanica;Vrhunac srpske srednjovekovne arhitekture i zadužbina kralja Milutina.;42.5983;21.1933;aktivan;Eparhija raško-prizrenska;"OPŠTI PODACI: Manastir Gračanica, jedan od najznačajnijih simbola srpske srednjovekovne umetnosti, pripada Eparhiji raško-prizrenskoj i posvećen je Uspenju Presvete Bogorodice. Kompleks predstavlja celinu koja odiše veličanstvenošću, duhovnom dubinom i istorijskim značajem koji prevazilazi granice regiona. ISTORIJA: Manastir je sagradio kralj Stefan Uroš II Milutin 1315. godine na mestu starije crkve, želeći da ostavi neprolazni trag svoje vere i vladavine. Kroz vekove, manastir je bio centar duhovnosti, književnosti i pismenosti, uspešno pretrpevši mnoga stradanja i razaranja tokom burne istorije Balkana, ali je uvek iznova obnavljan. ARHITEKTURA: Gračanica je vrhunsko ostvarenje srpsko-vizantijskog stila sa prepoznatljivim petokupolnim sistemom i freskama koje predstavljaju sam vrh svetske vizantijske umetnosti tog vremena. Svaki detalj na hramu pažljivo je osmišljen da simbolizuje nebesko carstvo i duhovnu vertikalu. DUHOVNI ŽIVOT: Manastir je aktivno mesto molitve, svakodnevnog liturgijskog sabranja i čuvar pravoslavne tradicije za narod ovog kraja koji ovde pronalazi utehu. Monaški život se odvija uz strogo poštovanje drevnih pravila, pružajući vernicima duhovnu stabilnost. ZNAČAJ: Pod zaštitom UNESCO-a kao deo celine 'Srednjovekovni spomenici na Kosovu', manastir je trajni simbol opstanka srpske kulture, umetnosti i vere u regionu, predstavljajući neprocenjivo blago za buduće generacije.";;https://manastiri.rs/eparhije/rasko-prizrenska/manastir-gracanica/;;Kralj Milutin;1315;dodato;;ok
gabrovac;Manastir Gabrovac;Južna Srbija;Niš;Svetinja u selu Gabrovac sa bogatom duhovnom istorijom.;43.2646;21.9256;aktivan;Eparhija niška;"OPŠTI PODACI: Manastir Gabrovac nalazi se u istoimenom selu, u okviru Eparhije niške, okružen pitomim pejzažima koji pružaju mir posetiocima željnim duhovne tišine. Kompleks čuva uspomenu na generacije koje su ovde kroz vekove tražile duhovnu utehu. ISTORIJA: U narodnom predanju se pominju znatno stariji temelji hrama, dok je crkva intenzivnije obnavljana tokom 19. veka uz nesebično angažovanje lokalnih ktitora koji su želeli da sačuvaju veru. Manastir je kroz istoriju služio kao mesto okupljanja naroda tokom teških vremena. ARHITEKTURA: Arhitektonska vrednost manastira ogleda se u spoju tradicionalne crkvene gradnje i prilagođenosti prostora bogoslužbenoj funkciji, sa očuvanim elementima narodnog graditeljstva koji su karakteristični za ovaj kraj. Objekat odiše skromnošću i autentičnošću. DUHOVNI ŽIVOT: Manastir Gabrovac ima veliki značaj kao mesto redovnog molitvenog života, liturgijskog sabranja i očuvanja pravoslavne tradicije u niškom kraju. Vernici iz okoline ovde dolaze da se pomole i osnaže svoju veru u zajedničkoj molitvi sa monaštvom. ZNAČAJ: Važan deo lokalne istorije i pravoslavnog nasleđa, manastir predstavlja mesto sabranja vernika iz šire okoline koji ovde čuvaju plamen svoje vere i tradicije, prenoseći ga sa generacije na generaciju kao najdragoceniji dar.";;https://manastiri.rs/eparhije/niska/manastir-gabrovac/;;Kosta Todorović;1833;nominatim-second-pass;Manastir Manastir Gabrovac, Srbija;ok
koncul;Manastir Končul;Kosovo i Metohija;Raška;Poznat i kao Nikoljača, značajna zadužbina Nemanjića.;43.1812;20.7321;aktivan;Eparhija raško-prizrenska;"OPŠTI PODACI: Manastir Končul se nalazi na desnoj obali reke Ibar i posvećen je Svetom Nikoli, predstavljajući istorijsko uporište duhovnosti na samom ulasku u Ibarsku klisuru. Kompleks nosi pečat vekova i duhovne snage koja ga održava kroz vreme. ISTORIJA: Pominje se osnivanje krajem 12. veka od strane velikog župana Stefana Nemanje, kao izraz njegove duboke vere i brige za narod. Manastir je imao veoma burnu istoriju, uključujući periode velikog napredovanja, ali i teška stradanja koja su ga menjala kroz stoleća. ARHITEKTURA: Ostaci svedoče o bogatoj istoriji i graditeljskom umeću, sa elementima koji pokazuju stilsku raznovrsnost i vezu sa velikim nemanjićkim zadužbinama. Danas se manastir obnavlja kao duhovni centar koji čuva uspomenu na svoju srednjovekovnu slavu i značaj. DUHOVNI ŽIVOT: Manastir Končul ima veliki značaj kao mesto molitve, liturgijskog sabranja i očuvanja pravoslavne tradicije na prostoru Raške oblasti. Vernici dolaze ovde da se nadahnu primerima svetih otaca, potraže mir u prirodi i odgovore na svoja duhovna pitanja. ZNAČAJ: Spomenik kulture od velikog značaja za srpsku istoriju i duhovnost, manastir svedoči o trajanju i snazi vere koja povezuje prošlost sa sadašnjim vremenom, ostajući trajno svedočanstvo naše bogate prošlosti i duhovnog nasleđa predaka.";;https://manastiri.rs/eparhije/rasko-prizrenska/manastir-koncul/;;Stefan Nemanja;1170;dodato;;ok
kozji-dol;Manastir Kozji Dol;Južna Srbija;Trgovište;Svetinja u opštini Trgovište okružena netaknutom planinskom prirodom.;42.3667;22.0667;aktivan;Eparhija vranjska;"OPŠTI PODACI: Manastir Kozji Dol nalazi se u opštini Trgovište, u okviru Eparhije vranjske, smešten u izuzetno prelepom i netaknutom prirodnom ambijentu koji pleni svojom lepotom. Kompleks predstavlja pravu oazu mira i duhovne tišine za svakog hodočasnika koji ovde dođe tražeći utočište od užurbanog sveta. ISTORIJA: Lokalni izvori naglašavaju njegov izuzetan značaj za opstanak duhovnog života juga Srbije kroz vekove, dok se temeljna istorija manastira još uvek detaljno istražuje u crkvenim i istorijskim arhivima. Ovo je mesto gde se istorija susreće sa predanjem, čuvajući sećanje na prošle generacije. ARHITEKTURA: Arhitektonska vrednost ogleda se u spoju jednostavne crkvene gradnje i potpune prilagođenosti prostora bogoslužbenoj funkciji, sve to skladno uklopljeno u planinski krajolik koji manastir okružuje. Građevina svojim izgledom odiše skromnošću koja je karakteristična za starije seoske svetinje ovog kraja. DUHOVNI ŽIVOT: Ovo je mesto svakodnevne molitve, liturgijskog sabranja i negovanja duhovnih tradicija za meštane sela Donji Kozji Dol i celokupnu okolinu koja ga poštuje sa velikom verom. Liturgije su ovde trenuci istinskog duhovnog uzdizanja za sve vernike koji dolaze po blagoslov. ZNAČAJ: Važan deo crkvene, kulturne i istorijske mape juga Srbije, koji čuva plamen vere u ovom zabačenom, ali duhovno bogatom planinskom kraju, služeći kao duhovni oslonac svim generacijama koje ovde traže mir i Božiju milost.";;https://manastiri.rs/eparhije/vranjska/manastir-kozji-dol/;;Nepoznato;1400;dodato;;ok
lepcince;Manastir Lepčince;Južna Srbija;Vranje;Metoh manastira Prohor Pčinjski posvećen Svetom Pantelejmonu.;42.6102;21.8433;aktivan;Eparhija vranjska;"OPŠTI PODACI: Manastir Lepčince se nalazi u okviru Eparhije vranjske i služi kao značajan metoh drevnog manastira Prohor Pčinjski. Kompleks je smešten u prirodnom ambijentu koji pruža mir posetiocima, nudeći utočište i mesto za molitvu svakom ko ovde svrati tražeći duhovnu okrepu. ISTORIJA: Manastir je podignut pre sredine 19. veka i posvećen je Svetom velikomučeniku Pantelejmonu. Kroz svoju dugu i burnu istoriju, bio je važno duhovno utočište i mesto okupljanja za pravoslavno stanovništvo vranjskog kraja u vreme velikih istorijskih izazova i teških iskušenja kroz koja su prolazili tokom vremena. ARHITEKTURA: Arhitektonska vrednost manastira ogleda se u spoju tradicionalne crkvene gradnje i prilagođenosti prostora bogoslužbenoj funkciji, karakterističnoj za vranjski kraj tog perioda, sa jednostavnim, ali duhovno snažnim arhitektonskim rešenjima koja odišu mirom i tišinom. DUHOVNI ŽIVOT: Ovo je aktivno mesto molitvenog života monaštva, liturgijskog sabranja i očuvanja pravoslavne tradicije za lokalne vernike koji ovde dolaze tražeći blagoslov i duhovnu pomoć. Molitveni život je ovde temeljan i usmeren ka spasenju duša svih onih koji se ovde sabiraju u veri. ZNAČAJ: Važan duhovni centar za mnoge hodočasnike koji posećuju svetinje juga Srbije, čuvajući uspomenu na svetitelje i istorijsko trajanje pravoslavlja na ovim prostorima, predstavljajući tačku okupljanja za sve koji veruju u Božiju milost i večnost hrišćanske vere.";;https://manastiri.rs/eparhije/vranjska/manastir-lepcince/;;Nepoznato;1850;dodato;;ok
lepenac;Manastir Lepenac;Rasina;Brus;Manastir na desnoj obali Rasine izgrađen u moravskom stilu.;43.3712;20.9811;aktivan;Eparhija kruševačka;"OPŠTI PODACI: Manastir Lepenac se nalazi na desnoj obali reke Rasine, na putu između Brusa i Kruševca, predstavljajući pravi duhovni biser tog predela. Kompleks hrama sa prostranom portom predstavlja mesto mira, molitve i duhovnog sabranja za sve vernike koji ga posete. ISTORIJA: Potiče iz kasnog srednjeg veka i smatra se jednim od značajnih primera moravske stilske škole u ovom kraju. Kroz vekove je manastir bio važno duhovno središte koje je opstajalo kroz teška vremena, čuvajući identitet i veru srpskog naroda na ovim prostorima. ARHITEKTURA: Arhitektonska vrednost manastira ogleda se u skladnom spoju crkvene gradnje, pažljivo uređenog enterijera i potpune prilagođenosti prostora bogoslužbenoj funkciji, uz poštovanje kanonskih pravila gradnje koja su tada važila. Sve je podređeno duhovnoj nameni prostora. DUHOVNI ŽIVOT: Manastir Lepenac je mesto neprekidne molitve, liturgijskog sabranja i očuvanja pravoslavne tradicije za vernike iz čitavog rasinskog kraja koji ovde pronalaze duhovnu snagu i mir. Bogosluženja se ovde održavaju sa puno pažnje i poštovanja. ZNAČAJ: Važan deo crkvene, kulturne i istorijske mape Srbije, koji svedoči o duhovnom trajanju srpskog naroda i snazi vere koja je održala narod u ovim predelima kroz vekove, ostajući kao večni spomenik našeg nasleđa.";;https://manastiri.rs/eparhije/krusevacka/manastir-lepenac/;;Monah Gerasim;1400;dodato;;ok
simeon-stolpnik;Manastir Simeon Stolpnik;Južna Srbija;Vranje;Manastir u selu Soderce posvećen velikom svetitelju.;42.6167;21.8833;aktivan;Eparhija vranjska;"OPŠTI PODACI: Manastir Simeon Stolpnik nalazi se u pitomom selu Soderce kod Vranja i posvećen je Svetom Simeonu Stolpniku, jednom od najpoštovanijih hrišćanskih svetitelja. Kompleks je mesto molitve, hodočašća i duhovnog uzdizanja za sve vernike koji ovde traže mir i Božiji blagoslov. ISTORIJA: Istorijski izvori manastir vezuju za 13. i 14. vek, uz značajnu obnovu u 19. veku koja je manastiru vratila stari sjaj i omogućila nastavak duhovnog života. Manastir je kroz vreme bio duhovni oslonac lokalnom stanovništvu, svedočeći o opstanku pravoslavlja u ovom kraju. ARHITEKTURA: Arhitektonska vrednost manastira ogleda se u specifičnoj crkvenoj gradnji, sa očuvanim elementima koji svedoče o veštini graditelja iz različitih istorijskih perioda i poštovanju duhovnih tradicija koje su se prenosile s kolena na koleno. Objekat je harmonično uklopljen u prirodni ambijent. DUHOVNI ŽIVOT: Duhovno utočište za vernike iz okoline Vranja, mesto molitve, svakodnevnog liturgijskog sabranja i negovanja bogate tradicije srpskog naroda. Život u manastiru se odvija u znaku stalne brige za spasenje duša i očuvanje svetinje. ZNAČAJ: Važan kulturno-istorijski spomenik vranjskog kraja koji svojim položajem i duhovnošću privlači mnoge hodočasnike iz cele Srbije, čuvajući uspomenu na svetitelja po kome nosi ime i negujući vrednosti koje su nam preci ostavili u nasleđe.";;https://manastiri.rs/eparhije/vranjska/manastir-simeon-stolpnik/;;Nepoznato;1300;dodato;;ok
sicevo;Manastir Sićevo;Južna Srbija;Niš;Manastir na početku Sićevačke klisure sa bogatom duhovnom tradicijom.;43.3294;22.0727;aktivan;Eparhija niška;"OPŠTI PODACI: Manastir Sićevo nalazi se na samom početku prelepe Sićevačke klisure, nedaleko od grada Niša, okružen spektakularnim prirodnim prizorima koji ostavljaju bez daha. Ovo je mesto gde se prirodna lepota susreće sa ljudskom posvećenošću Bogu. ISTORIJA: Narodno predanje osnivanje manastira vezuje za braću Mrnjavčeviće, dok se današnji hram datuje u 17. vek, uz brojne kasnije obnove koje su ga očuvale do današnjih dana kao svedoka prošlosti. Manastir je imao presudnu ulogu u očuvanju duhovnog identiteta srpskog naroda u ovom kraju. ARHITEKTURA: Arhitektonska vrednost se ogleda u skladnoj gradnji koja se stapa sa stenovitim okruženjem Sićevačke klisure, uz očuvanu unutrašnju dekoraciju koja pleni svojom lepotom i umetničkom vrednošću. Objekat predstavlja pravi biser moravske graditeljske škole. DUHOVNI ŽIVOT: Mesto mira, molitve, svakodnevnog liturgijskog sabranja i duhovnog odmora za sve vernike koji ovde dolaze tražeći Božiju milost i isceljenje. Sveta liturgija je srce života ove svetinje koja okuplja ljude sa svih strana. ZNAČAJ: Jedna od najznačajnijih i najposećenijih svetinja u blizini Niša, značajan duhovni centar ovog regiona koji spaja prirodnu lepotu sa duhovnim nasleđem, ostajući svetionik vere i nade za sve one koji prolaze ovim krajem.";;https://manastiri.rs/eparhije/niska/manastir-sicevo/;;Braća Mrnjavčevići;1644;nominatim-second-pass;Manastir Manastir Sićevo, Srbija;ok
mrtvica;Manastir Mrtvica;Južna Srbija;Vladičin Han;Manastir u selu Mrtvica sa dubokim ranohrišćanskim korenima.;42.7500;22.0667;aktivan;Eparhija vranjska;"OPŠTI PODACI: Manastir Mrtvica nalazi se u selu Mrtvica u opštini Vladičin Han, smešten u dolini okruženoj bujnom prirodom koja pruža potpun mir i tišinu svima koji ga posete. Kompleks obuhvata hram, manastirsku portu i prateće objekte koji su kroz vreme postali važno okupljalište naroda. ISTORIJA: Istorijski izvori i narodno predanje ga direktno povezuju sa drevnim ranohrišćanskim tragovima na ovim prostorima, što ukazuje na veoma rani početak duhovnog života. Tokom 20. veka manastir je doživeo intenzivnu obnovu koja ga je revitalizovala i omogućila mu da ponovo postane središte duhovnosti za meštane. ARHITEKTURA: Manastir poseduje jednostavnu, ali arhitektonski izuzetno autentičnu formu koja je u potpunosti prilagođena zahtevnom planinskom terenu na kojem se nalazi. Njegova arhitektura odiše duhovnim mirom, dok su unutrašnji elementi pažljivo očuvani da odražavaju duh vremena u kojem su nastajali. DUHOVNI ŽIVOT: Ovo je mesto svakodnevne molitve, liturgijskog sabranja i očuvanja tradicionalnih vrednosti monaškog života koje se ovde neguju sa velikom posvećenošću. Vernici dolaze radi duhovne okrepe i učestvovanja u bogosluženjima koja se održavaju sa puno pažnje i poštovanja prema drevnim kanonima. ZNAČAJ: Manastir Mrtvica predstavlja izuzetno važan deo duhovne i kulturne mape juga Srbije, služeći kao značajna tačka susreta bogate prošlosti i aktivne sadašnjosti u kojoj se čuva narodno pamćenje, identitet i vera naših predaka.";;https://manastiri.rs/eparhije/vranjska/manastir-mrtvica/;;Nepoznato;1600;dodato;;ok
palja;Manastir Palja;Južna Srbija;Surdulica;Planinska svetinja u selu Palja posvećena Vavedenju.;42.6833;22.4167;aktivan;Eparhija vranjska;"OPŠTI PODACI: Manastir Palja, posvećen Vavedenju Presvete Bogorodice, nalazi se u idiličnom i izolovanom planinskom selu Palja kod Surdulice, okružen prelepim četinarskim šumama. Kompleks je utočište za mnoge koji traže duhovni mir daleko od gradske vreve. ISTORIJA: Jedan od najstarijih manastira u ovom planinskom kraju čije postojanje svedoči o vekovnom duhovnom prisustvu srpskog naroda na ovim prostorima. Narodno predanje manastir često vezuje za period vladavine cara Dušana, što govori o njegovom istorijskom značaju i dubokim korenima u našoj tradiciji. ARHITEKTURA: Crkva se ističe svojim skladnim proporcijama, karakterističnim za sakralnu gradnju tog perioda, savršeno uklopljena u strmi planinski reljef koji joj daje posebnu lepotu. Enterijer je pažljivo uređen i prilagođen bogoslužbenim potrebama monaštva i vernika koji ovde dolaze. DUHOVNI ŽIVOT: Ovo je mesto hodočašća za vernike iz celog regiona koji ovde pronalaze mir i duhovnu okrepu kroz molitvu i učestvovanje u svetim tajnama. Život u manastiru se odvija u skladu sa drevnim pravilima, pružajući osećaj kontinuiteta i stabilnosti u današnjim vremenima. ZNAČAJ: Duhovni biser surduličkog planinskog predela koji čuva uspomenu na slavnu prošlost i predstavlja primer kontinuiranog verskog života koji opstaje uprkos svim iskušenjima vremena, ostajući svetionik vere za sve generacije koje dolaze.";;https://manastiri.rs/eparhije/vranjska/manastir-palja/;;Car Dušan;1350;dodato;;ok
sveti-nikola-vranje;Manastir Sveti Nikola;Južna Srbija;Vranje;Svetinja na periferiji Vranja sa bogatom tradicijom.;42.5500;21.9000;aktivan;Eparhija vranjska;"OPŠTI PODACI: Manastir Sveti Nikola predstavlja izuzetno značajan verski i duhovni centar smešten na samoj periferiji Vranja, lako dostupan vernicima koji ovde pronalaze mir i duhovnu snagu. Kompleks obuhvata hram sa prostranom portom koja služi kao mesto okupljanja u dane praznika i sabranja naroda. ISTORIJA: Vekovima je manastir bio mesto okupljanja naroda i očuvanja kulture, dok se njegovo osnivanje vezuje za 14. vek. Manastir je kroz svoju burnu istoriju često bio oslonac pravoslavnom življu u ovim krajevima, posebno u periodima kada su druge svetinje bile ugrožene, ostajući simbol trajanja. ARHITEKTURA: Crkveni kompleks sadrži elemente gradnje iz više različitih istorijskih perioda, sa očuvanim detaljima koji svedoče o bogatstvu nekadašnjeg freskopisa i velikom umetničkom doprinosu srednjovekovnih majstora. Sve komponente hrama pažljivo su održavane kako bi se sačuvala njihova istorijska vrednost za buduće generacije. DUHOVNI ŽIVOT: Mesto liturgijskog života, molitve i duhovne obnove za vernike iz celog vranjskog basena koji ovde nalaze utehu i nadu u teškim trenucima. Svakodnevni bogoslužbeni život čini ovaj manastir živim i pulsirajućim centrom pravoslavlja u ovom delu zemlje. ZNAČAJ: Jedan od najvažnijih kulturnih spomenika vranjskog kraja, simbol trajanja i čuvar duhovne tradicije koji spaja lokalno stanovništvo u zajedničkoj molitvi i poštovanju prema precima koji su podigli ovu svetinju.";;https://manastiri.rs/eparhije/vranjska/manastir-sveti-nikola/;;Kralj Milutin;1332;dodato;;ok
stjenik;Manastir Stjenik;Zapadna Srbija;Čačak;Manastir u selu Banjica u podnožju planine Jelice.;43.8147;20.3568;aktivan;Eparhija žička;"OPŠTI PODACI: Manastir Stjenik se nalazi u selu Banjica, smešten u pitomom podnožju planine Jelice, okružen šumom koja stvara prirodnu izolaciju pogodnu za molitvu. Kompleks je mesto gde se susreću istorija, priroda i vera u jednom savršenom skladu koji podstiče na introspekciju. ISTORIJA: Prema literaturi i istraživanjima, manastir potiče iz 14. veka, a kroz istoriju je uvek delio sudbinu svog naroda, bivajući rušen i ponovo građen kao simbol otpora i vere. To je mesto koje nosi uspomenu na velike ličnosti naše istorije i njihovu brigu za duhovni život podanika. ARHITEKTURA: Zidana građevina koja čuva tragove starih graditeljskih tehnika, sa oltarskim prostorom koji odiše mistikom starine i arhitektonskim rešenjima koja prate duh vremena u kojem je nastajala. Svaki kamen ovog manastira nosi priču o prošlim vremenima i trudu graditelja. DUHOVNI ŽIVOT: Mesto tihovanja, molitve i duhovnog sabranja za vernike koji ovde dolaze tražeći mir u okrilju prirode, daleko od gradske gužve i buke svakodnevice. Liturgijski život se odvija redovno, pružajući vernicima priliku za duhovnu obnovu i osnaženje u veri. ZNAČAJ: Važan lokalni duhovni centar u blizini Čačka, koji čuva pamćenje na braću Mrnjavčeviće i bogato srednjovekovno nasleđe Srbije, ostajući važna tačka za sve one koji neguju kulturu sećanja i poštuju svoje duhovne korene.";;https://www.google.com/maps?q=43.8147974,20.3568962;;Braća Mrnjavčevići;1371;ok;ok;ok;ok;ok;ok
djunis;Manastir Đunis;Južna Srbija;Kruševac;Hodočasničko mesto u selu Đunis sa Bogorodičinim izvorom.;43.5718;21.5299;aktivan;Eparhija niška;"OPŠTI PODACI: Manastir Đunis nalazi se u selu Đunis kod Kruševca i predstavlja jedno od najposećenijih i najznačajnijih svetih mesta u celoj Srbiji. Kompleks obuhvata crkvu, manastirski konak i uređenu portu koja nudi mir vernicima koji ovde pristižu sa svih strana sveta tražeći blagoslov. ISTORIJA: Predanje o čudesnom Bogorodičinom javljanju devojčici 1898. godine duboko je uticalo na razvoj manastira, pretvarajući ga u jedno od najpoznatijih hodočasničkih mesta u regionu. Kroz decenije, manastir je postajao sve značajniji simbol vere i nade za mnoge ljude koji su ovde pronalazili pomoć. ARHITEKTURA: Crkva je izgrađena radi potreba velikog broja vernika koji svakodnevno posećuju izvor, sa prostranom portom prilagođenom okupljanju velikog broja ljudi. Arhitektura je skromna, ali funkcionalna i posvećena duhovnoj nameni hodočašća, sa detaljima koji podsećaju na tradicionalnu srpsku crkvenu arhitekturu. DUHOVNI ŽIVOT: Ovo je pravi centar hodočašća, iskrene molitve i nade u iscelenja, gde vernici dolaze u potrazi za duhovnom utehom, blagoslovom i zaštitom Presvete Bogorodice. Liturgijski život je veoma intenzivan, a svakodnevna okupljanja svedoče o živoj veri naroda. ZNAČAJ: Đunis nije samo verski objekat, već je jedno od najposećenijih i najznačajnijih svetih mesta u Srbiji, simbol nepokolebljive vere i nade za mnoge generacije hrišćana koji ovde traže odgovore na svoja životna iskušenja i utočište u Božijoj milosti.";;https://manastiri.rs/eparhije/niska/manastir-djunis/;;Nepoznato;1898;osm-overpass-exact;sr:Манастир Ђунис;ok
vracevo;Manastir Vračevo;Kosovo i Metohija;Leposavić;Svetinja u oblasti Leposavića na obroncima Rogozne.;42.1000;20.8000;aktivan;Eparhija raško-prizrenska;"OPŠTI PODACI: Manastir Vračevo je smešten na pitomim obroncima planine Rogozne, u opštini Leposavić, okružen predelima koji odišu drevnom tišinom i netaknutom lepotom. Kompleks predstavlja duhovnu oazu za sve one koji žive na ovom osetljivom prostoru, nudeći mir i utočište u svakom trenutku. ISTORIJA: Pominje se u istorijskim zapisima još u 14. veku, prolazeći kroz veoma burna vremena, brojna stradanja i obnove tokom narednih stoleća, što jasno svedoči o neuništivoj snazi vere naroda ovog kraja. Manastir je kroz istoriju bio svedok uspona i padova srpskog naroda na severu KiM, čuvajući njihovo ime. ARHITEKTURA: Arhitektonska vrednost manastira ogleda se u skromnoj, ali duhovno snažnoj građevini koja je arhitektonski veoma značajna za očuvanje verskog identiteta u ovoj oblasti. Objekat je građen sa puno ljubavi i poštovanja prema tradiciji koja se čuva kroz vekove kao najsvetiji amanet. DUHOVNI ŽIVOT: Mesto neprekidne molitve monaštva i vernog naroda sa severa Kosova i Metohije koji ovde pronalazi duhovni mir i zaštitu u okrilju svetinje. Liturgijska sabranja su redovna i okupljaju vernike koji čuvaju uspomenu na svoje pretke i njihovu veru. ZNAČAJ: Važan čuvar duhovne tradicije i kulturnog nasleđa srpskog naroda u oblasti Leposavića, manastir Vračevo služi kao simbol postojanosti i vere u teškim vremenima, povezujući prošlost sa budućnošću i ostajući večna potvrda duhovnog trajanja našeg naroda.";;https://manastiri.rs/eparhije/rasko-prizrenska/manastir-vracevo/;;Nepoznato;1316;dodato;;ok
vodena-poljana;Manastir Vodena Poljana;Jugozapadna Srbija;Nova Varoš;Planinski manastir na obroncima Zlatara posvećen Svetim Vračevima.;43.4322;19.8211;aktivan;Eparhija mileševska;"OPŠTI PODACI: Manastir Vodena Poljana nalazi se u prelepom prirodnom ambijentu planine Zlatar i posvećen je Svetim Vračevima Kozmi i Damjanu. Okružen gustom četinarskom šumom, manastir pruža jedinstven mir i osećaj duboke povezanosti sa netaknutom prirodom. ISTORIJA: Ovo je novija svetinja izgrađena radi potreba vernika koji žive u ovom planinskom kraju, postajući ubrzo važno duhovno središte koje okuplja ljude iz čitavog regiona Nove Varoši i šire. Manastir predstavlja potvrdu da duhovni život na planinama ne prestaje i da se vera obnavlja. ARHITEKTURA: Arhitektonska vrednost se ogleda u planinskom stilu gradnje koji se na skladan način stapa sa prirodom i četinarskom šumom koja ga okružuje. Objekat je projektovan tako da se što bolje uklopi u ekološki kontekst planine Zlatar, čuvajući lepotu okruženja u kojem se nalazi. DUHOVNI ŽIVOT: Mesto mira, molitve i duhovnog odmora za sve one koji posećuju planinu Zlatar tražeći utočište u veri i tišini planinskog vazduha. Manastir je postao mesto gde vernici dolaze radi blagoslova i duhovne obnove tokom čitave godine, bez obzira na godišnje doba. ZNAČAJ: Značajan duhovni centar za stanovnike Nove Varoši i hodočasnike, simbol novijeg duhovnog preporoda koji ukazuje na važnost obnavljanja verskog života i na najudaljenijim mestima naše zemlje, ostajući kao svetionik vere za sve koji ovuda prolaze.";;https://manastiri.rs/eparhije/milesevska/manastir-vodena-poljana/;;Narod;2007;dodato;;ok
tusimlja;Manastir Tušimlja;Raška;Raška;Drevni manastir na obroncima Golije posvećen duhovnosti.;43.2342;20.5100;aktivan;Eparhija raško-prizrenska;"OPŠTI PODACI: Manastir Tušimlja se nalazi između Raške i Novog Pazara, duboko na obroncima planine Golije. Kompleks predstavlja utočište duhovnosti koje čuva sećanje na stara vremena i monaško predanje, pružajući mir duši svakog hodočasnika. ISTORIJA: Pradavno mesto duhovnosti o kojem svedoče lokalni izvori i narodno predanje, koje ukazuje na dug kontinuitet života na ovom prostoru, kroz period srednjeg veka pa sve do danas. Manastir je imao važnu ulogu u duhovnom formiranju lokalnog stanovništva kroz vekove iskušenja. ARHITEKTURA: Arhitektonski jednostavan, ali duhovno bogat hram koji svojom starinom i skromnošću odiše autentičnošću srpskog srednjovekovnog graditeljstva. Materijali i tehnika gradnje ukazuju na veliku veštinu starih majstora koji su gradili za večnost i Božiju slavu. DUHOVNI ŽIVOT: Mesto okupljanja vernika iz okoline Golije, mesto liturgijskog života i očuvanja drevnih običaja koji se ovde neguju sa puno ljubavi i posvećenosti. Bogosluženja su često posećena, što ukazuje na živu veru vernog naroda koji ovde traži spasenje. ZNAČAJ: Važna tačka za očuvanje pravoslavne duhovnosti u ovom zabačenom, ali duhovno bogatom planinskom kraju, manastir Tušimlja ostaje svetionik vere i tradicije za sve generacije koje ovde dolaze tražeći duhovni oslonac i zaštitu u današnjem svetu.";;https://manastiri.rs/eparhije/rasko-prizrenska/manastir-tusimlja/;;Nepoznato;1400;dodato;;ok

moraca;Manastir Morača;Kolašin;Crna Gora;Jedna od najznačajnijih srpskih svetinja iz 13. veka, biser raške škole koji vekovima čuva duh Nemanjića u kanjonu reke Morače.;42.7561;19.3908;aktivan;Eparhija budimljansko-nikšićka;"OPŠTI PODACI: Smešten u impresivnom kanjonu reke Morače, ovaj manastir predstavlja jedan od najlepših spomenika srpske srednjovekovne umetnosti. Kompleks je utočište duhovnosti i kulture koje generacijama svedoči o snazi vere. ISTORIJA: Manastir je podignut 1252. godine. Iako se narodno predanje često vezuje za Vukana Nemanjića, ktitorstvo se istorijski pripisuje njegovom sinu Stefanu Vukanoviću. Kroz vekove, manastir je prolazio kroz mnoga iskušenja, ali je uvek iznova obnavljan. ARHITEKTURA: Glavni hram, posvećen Uspenju Presvete Bogorodice, građen je u stilu raške škole. Prepoznatljiv je po jednobrodnoj osnovi sa kupolom i izuzetno očuvanim freskama iz 13. veka, među kojima se ciklus o proroku Iliji izdvaja kao vrhunsko umetničko delo. DUHOVNI ŽIVOT: Manastir je danas veoma aktivan, sa živim monaškim životom i redovnim bogosluženjima koja privlače vernike iz celog regiona. To je mesto gde se mir pronalazi u molitvi i spokoju planinskog okruženja. ZNAČAJ: Morača je kulturno dobro od izuzetnog značaja, duhovni stub srpskog naroda u Crnoj Gori i nezaobilazan simbol ktitorske tradicije dinastije Nemanjić.";;https://manastiri.rs/eparhije/budimljansko-niksicka/manastir-moraca/;;Vukan Nemanjić;1252;dodato;;ok

bogorodica-ljeviska;Bogorodica Ljeviška;Prizren;Kosovo i Metohija;Istorijsko sedište prizrenskih episkopa, monumentalna zadužbina kralja Milutina koja predstavlja remek-delo srpske srednjovekovne umetnosti i simbol trajnog prisustva duhovnosti u Prizrenu.;42.2098;20.7380;aktivan;Eparhija raško-prizrenska;"OPŠTI PODACI: Crkva Bogorodice Ljeviške nalazi se u samom srcu starog jezgra Prizrena. Kao jedan od najvažnijih spomenika srpske kulture, ovaj hram je vekovima bio svedok uspona i stradanja, ali je uvek uspevao da sačuva svoj status svetionika vere. ISTORIJA: Kralj Milutin je 1306–1307. godine, uz pomoć tadašnjeg episkopa Damjana, na temeljima starije trobrodne katedrale iz 11. veka podigao velelepnu petokupolnu crkvu. Hram je vekovima služio kao katedralna crkva prizrenskih episkopa i bio je centar duhovnog i kulturnog života srednjovekovnog Prizrena. ARHITEKTURA: Zdanje je građeno u vizantijskom stilu, specifičnom po harmoničnoj kombinaciji opeke i kamena, što crkvi daje prepoznatljiv izgled. Enterijer je ukrašen freskama koje su radili čuveni solunski majstori Mihailo i Evtihije. Iako su freske dugo bile skrivene ispod slojeva maltera i kreča, njihovo otkrivanje otkrilo je vrhunsko majstorstvo koje po svojoj ekspresivnosti i stilu parira najboljim delima evropske umetnosti 14. veka. DUHOVNI ŽIVOT: Uprkos svim burnim istorijskim izazovima, crkva ostaje mesto dubokog poštovanja i molitvenog sabranja. Ona je živi svedok vere, gde se kroz vekove čuvalo bogoslužno predanje i negovala duhovna kultura srpskog naroda na prostoru Kosova i Metohije. ZNAČAJ: Ova crkva je deo Uneskove liste svetske baštine i jedan od najreprezentativnijih primera ktitorskog rada kralja Milutina, čija je briga o obnovi i gradnji najvažnijih verskih centara trajno obeležila srpsku istoriju i učvrstila identitet ovog prostora.";;https://manastiri.rs/eparhije/rasko-prizrenska/bogorodica-ljeviska/;;Kralj Milutin;1307;dodato;;ok